phase,seq,worker,start_ms,duration_ms,status,alias,expected_destination,location,verification,error
seed,8,8,13.478,440.357,201,1,https://semilla-8.example.com/documento/8?origen=capacidad,,ok,
seed,1,1,9.757,447.990,201,2,https://semilla-1.example.com/documento/1?origen=capacidad,,ok,
seed,7,7,12.718,468.220,201,3,https://semilla-7.example.com/documento/7?origen=capacidad,,ok,
seed,4,4,11.461,498.851,201,4,https://semilla-4.example.com/documento/4?origen=capacidad,,ok,
seed,2,2,10.399,527.348,201,5,https://semilla-2.example.com/documento/2?origen=capacidad,,ok,
seed,5,5,11.994,551.821,201,6,https://semilla-5.example.com/documento/5?origen=capacidad,,ok,
seed,6,6,12.333,574.898,201,7,https://semilla-6.example.com/documento/6?origen=capacidad,,ok,
seed,0,0,2.384,612.625,201,8,https://semilla-0.example.com/documento/0?origen=capacidad,,ok,
seed,3,3,10.934,631.228,201,9,https://semilla-3.example.com/documento/3?origen=capacidad,,ok,
seed,9,9,14.135,655.604,201,A,https://semilla-9.example.com/documento/9?origen=capacidad,,ok,
seed,10,8,455.662,231.561,201,B,https://semilla-10.example.com/documento/10?origen=capacidad,,ok,
seed,11,1,458.153,247.852,201,C,https://semilla-11.example.com/documento/11?origen=capacidad,,ok,
seed,19,9,670.120,55.014,201,D,https://semilla-19.example.com/documento/19?origen=capacidad,,ok,
seed,20,8,687.503,57.395,201,E,https://semilla-20.example.com/documento/20?origen=capacidad,,ok,
seed,12,7,481.206,282.655,201,F,https://semilla-12.example.com/documento/12?origen=capacidad,,ok,
seed,13,4,510.636,278.087,201,G,https://semilla-13.example.com/documento/13?origen=capacidad,,ok,
seed,14,2,538.027,266.111,201,H,https://semilla-14.example.com/documento/14?origen=capacidad,,ok,
seed,15,5,564.110,257.993,201,J,https://semilla-15.example.com/documento/15?origen=capacidad,,ok,
seed,25,4,788.907,52.526,201,K,https://semilla-25.example.com/documento/25?origen=capacidad,,ok,
seed,16,6,587.492,273.825,201,L,https://semilla-16.example.com/documento/16?origen=capacidad,,ok,
seed,17,0,615.315,263.593,201,M,https://semilla-17.example.com/documento/17?origen=capacidad,,ok,
seed,18,3,642.519,254.584,201,N,https://semilla-18.example.com/documento/18?origen=capacidad,,ok,
seed,21,1,706.182,208.375,201,P,https://semilla-21.example.com/documento/21?origen=capacidad,,ok,
seed,22,9,725.449,208.168,201,Q,https://semilla-22.example.com/documento/22?origen=capacidad,,ok,
seed,23,8,745.139,207.093,201,R,https://semilla-23.example.com/documento/23?origen=capacidad,,ok,
seed,24,7,764.094,205.797,201,S,https://semilla-24.example.com/documento/24?origen=capacidad,,ok,
seed,26,2,804.371,181.998,201,T,https://semilla-26.example.com/documento/26?origen=capacidad,,ok,
seed,27,5,822.311,179.861,201,U,https://semilla-27.example.com/documento/27?origen=capacidad,,ok,
seed,35,7,970.146,50.287,201,V,https://semilla-35.example.com/documento/35?origen=capacidad,,ok,
seed,28,4,841.713,194.265,201,W,https://semilla-28.example.com/documento/28?origen=capacidad,,ok,
seed,29,6,861.572,191.087,201,X,https://semilla-29.example.com/documento/29?origen=capacidad,,ok,
seed,30,0,879.121,189.770,201,Y,https://semilla-30.example.com/documento/30?origen=capacidad,,ok,
seed,31,3,897.528,187.700,201,Z,https://semilla-31.example.com/documento/31?origen=capacidad,,ok,
seed,40,6,1052.903,48.374,201,a,https://semilla-40.example.com/documento/40?origen=capacidad,,ok,
seed,41,0,1069.088,47.869,201,b,https://semilla-41.example.com/documento/41?origen=capacidad,,ok,
seed,42,3,1085.407,47.755,201,c,https://semilla-42.example.com/documento/42?origen=capacidad,,ok,
seed,43,6,1101.510,49.814,201,d,https://semilla-43.example.com/documento/43?origen=capacidad,,ok,
seed,32,1,914.833,252.991,201,e,https://semilla-32.example.com/documento/32?origen=capacidad,,ok,
seed,33,9,933.886,250.710,201,f,https://semilla-33.example.com/documento/33?origen=capacidad,,ok,
seed,46,6,1151.576,51.055,201,g,https://semilla-46.example.com/documento/46?origen=capacidad,,ok,
seed,34,8,952.401,266.747,201,h,https://semilla-34.example.com/documento/34?origen=capacidad,,ok,
seed,36,2,986.560,250.580,201,i,https://semilla-36.example.com/documento/36?origen=capacidad,,ok,
seed,37,5,1002.374,252.979,201,j,https://semilla-37.example.com/documento/37?origen=capacidad,,ok,
seed,38,7,1020.619,249.510,201,k,https://semilla-38.example.com/documento/38?origen=capacidad,,ok,
seed,49,6,1202.889,82.751,201,m,https://semilla-49.example.com/documento/49?origen=capacidad,,ok,
seed,52,5,1255.552,44.902,201,n,https://semilla-52.example.com/documento/52?origen=capacidad,,ok,
seed,53,7,1270.327,45.300,201,o,https://semilla-53.example.com/documento/53?origen=capacidad,,ok,
seed,39,4,1036.150,294.469,201,p,https://semilla-39.example.com/documento/39?origen=capacidad,,ok,
seed,44,0,1117.192,229.222,201,q,https://semilla-44.example.com/documento/44?origen=capacidad,,ok,
seed,56,7,1315.856,46.642,201,r,https://semilla-56.example.com/documento/56?origen=capacidad,,ok,
seed,45,3,1133.397,245.680,201,s,https://semilla-45.example.com/documento/45?origen=capacidad,,ok,
seed,47,1,1168.085,227.658,201,t,https://semilla-47.example.com/documento/47?origen=capacidad,,ok,
seed,48,9,1184.875,226.475,201,u,https://semilla-48.example.com/documento/48?origen=capacidad,,ok,
seed,50,8,1219.365,207.978,201,v,https://semilla-50.example.com/documento/50?origen=capacidad,,ok,
seed,51,2,1237.395,205.161,201,w,https://semilla-51.example.com/documento/51?origen=capacidad,,ok,
seed,62,9,1411.560,45.543,201,x,https://semilla-62.example.com/documento/62?origen=capacidad,,ok,
seed,54,6,1285.882,185.662,201,y,https://semilla-54.example.com/documento/54?origen=capacidad,,ok,
seed,64,2,1442.743,44.386,201,z,https://semilla-64.example.com/documento/64?origen=capacidad,,ok,
seed,65,9,1457.269,43.612,201,11,https://semilla-65.example.com/documento/65?origen=capacidad,,ok,
seed,55,5,1300.685,215.246,201,12,https://semilla-55.example.com/documento/55?origen=capacidad,,ok,
seed,57,4,1330.777,198.674,201,13,https://semilla-57.example.com/documento/57?origen=capacidad,,ok,
seed,58,0,1346.631,199.649,201,14,https://semilla-58.example.com/documento/58?origen=capacidad,,ok,
seed,69,5,1516.083,49.470,201,15,https://semilla-69.example.com/documento/69?origen=capacidad,,ok,
seed,59,7,1362.720,220.299,201,16,https://semilla-59.example.com/documento/59?origen=capacidad,,ok,
seed,60,3,1379.302,218.404,201,17,https://semilla-60.example.com/documento/60?origen=capacidad,,ok,
seed,61,1,1395.967,215.494,201,18,https://semilla-61.example.com/documento/61?origen=capacidad,,ok,
seed,63,8,1427.495,197.058,201,19,https://semilla-63.example.com/documento/63?origen=capacidad,,ok,
seed,66,6,1471.819,166.389,201,1A,https://semilla-66.example.com/documento/66?origen=capacidad,,ok,
seed,67,2,1487.328,164.859,201,1B,https://semilla-67.example.com/documento/67?origen=capacidad,,ok,
seed,76,8,1624.714,40.469,201,1C,https://semilla-76.example.com/documento/76?origen=capacidad,,ok,
seed,74,3,1597.883,81.849,201,1D,https://semilla-74.example.com/documento/74?origen=capacidad,,ok,
seed,78,2,1652.392,40.217,201,1E,https://semilla-78.example.com/documento/78?origen=capacidad,,ok,
seed,68,9,1501.100,204.843,201,1F,https://semilla-68.example.com/documento/68?origen=capacidad,,ok,
seed,80,3,1679.924,39.804,201,1G,https://semilla-80.example.com/documento/80?origen=capacidad,,ok,
seed,81,2,1692.841,42.405,201,1H,https://semilla-81.example.com/documento/81?origen=capacidad,,ok,
seed,82,9,1706.145,45.329,201,1J,https://semilla-82.example.com/documento/82?origen=capacidad,,ok,
seed,83,3,1720.017,48.635,201,1K,https://semilla-83.example.com/documento/83?origen=capacidad,,ok,
seed,70,4,1529.619,255.212,201,1L,https://semilla-70.example.com/documento/70?origen=capacidad,,ok,
seed,85,9,1751.686,49.011,201,1M,https://semilla-85.example.com/documento/85?origen=capacidad,,ok,
seed,86,3,1768.882,46.549,201,1N,https://semilla-86.example.com/documento/86?origen=capacidad,,ok,
seed,84,2,1735.467,93.403,201,1P,https://semilla-84.example.com/documento/84?origen=capacidad,,ok,
seed,88,9,1800.924,40.097,201,1Q,https://semilla-88.example.com/documento/88?origen=capacidad,,ok,
seed,71,0,1546.470,310.115,201,1R,https://semilla-71.example.com/documento/71?origen=capacidad,,ok,
seed,90,2,1829.082,39.586,201,1S,https://semilla-90.example.com/documento/90?origen=capacidad,,ok,
seed,89,3,1815.593,67.714,201,1T,https://semilla-89.example.com/documento/89?origen=capacidad,,ok,
seed,72,5,1565.727,334.135,201,1U,https://semilla-72.example.com/documento/72?origen=capacidad,,ok,
seed,92,0,1856.737,56.914,201,1V,https://semilla-92.example.com/documento/92?origen=capacidad,,ok,
seed,93,2,1868.887,56.245,201,1W,https://semilla-93.example.com/documento/93?origen=capacidad,,ok,
seed,73,7,1583.196,353.564,201,1X,https://semilla-73.example.com/documento/73?origen=capacidad,,ok,
seed,96,0,1913.832,36.631,201,1Y,https://semilla-96.example.com/documento/96?origen=capacidad,,ok,
seed,75,1,1611.632,352.520,201,1Z,https://semilla-75.example.com/documento/75?origen=capacidad,,ok,
seed,98,7,1937.008,40.730,201,1a,https://semilla-98.example.com/documento/98?origen=capacidad,,ok,
seed,77,6,1638.358,352.096,201,1b,https://semilla-77.example.com/documento/77?origen=capacidad,,ok,
seed,100,1,1964.403,38.887,201,1c,https://semilla-100.example.com/documento/100?origen=capacidad,,ok,
seed,101,7,1977.975,38.833,201,1d,https://semilla-101.example.com/documento/101?origen=capacidad,,ok,
seed,102,6,1990.653,39.836,201,1e,https://semilla-102.example.com/documento/102?origen=capacidad,,ok,
seed,103,1,2003.483,40.755,201,1f,https://semilla-103.example.com/documento/103?origen=capacidad,,ok,
seed,104,7,2017.127,38.431,201,1g,https://semilla-104.example.com/documento/104?origen=capacidad,,ok,
seed,79,8,1665.386,402.574,201,1h,https://semilla-79.example.com/documento/79?origen=capacidad,,ok,
seed,106,1,2044.402,36.637,201,1i,https://semilla-106.example.com/documento/106?origen=capacidad,,ok,
seed,87,4,1785.061,310.157,201,1j,https://semilla-87.example.com/documento/87?origen=capacidad,,ok,
seed,108,8,2068.138,39.780,201,1k,https://semilla-108.example.com/documento/108?origen=capacidad,,ok,
seed,91,9,1841.197,277.295,201,1m,https://semilla-91.example.com/documento/91?origen=capacidad,,ok,
seed,110,4,2095.375,35.933,201,1n,https://semilla-110.example.com/documento/110?origen=capacidad,,ok,
seed,111,8,2108.173,35.526,201,1o,https://semilla-111.example.com/documento/111?origen=capacidad,,ok,
seed,94,3,1883.509,273.501,201,1p,https://semilla-94.example.com/documento/94?origen=capacidad,,ok,
seed,95,5,1900.107,269.369,201,1q,https://semilla-95.example.com/documento/95?origen=capacidad,,ok,
seed,113,4,2131.478,52.254,201,1r,https://semilla-113.example.com/documento/113?origen=capacidad,,ok,
seed,115,3,2157.146,39.436,201,1s,https://semilla-115.example.com/documento/115?origen=capacidad,,ok,
seed,114,8,2143.966,65.169,201,1t,https://semilla-114.example.com/documento/114?origen=capacidad,,ok,
seed,117,4,2183.945,36.971,201,1u,https://semilla-117.example.com/documento/117?origen=capacidad,,ok,
seed,118,3,2196.776,36.101,201,1v,https://semilla-118.example.com/documento/118?origen=capacidad,,ok,
seed,119,8,2209.316,37.249,201,1w,https://semilla-119.example.com/documento/119?origen=capacidad,,ok,
seed,120,4,2221.133,38.002,201,1x,https://semilla-120.example.com/documento/120?origen=capacidad,,ok,
seed,121,3,2233.091,39.461,201,1y,https://semilla-121.example.com/documento/121?origen=capacidad,,ok,
seed,97,2,1925.286,359.939,201,1z,https://semilla-97.example.com/documento/97?origen=capacidad,,ok,
seed,123,4,2259.290,38.896,201,21,https://semilla-123.example.com/documento/123?origen=capacidad,,ok,
seed,124,3,2272.768,39.498,201,22,https://semilla-124.example.com/documento/124?origen=capacidad,,ok,
seed,122,8,2246.739,78.141,201,23,https://semilla-122.example.com/documento/122?origen=capacidad,,ok,
seed,126,4,2298.391,38.117,201,24,https://semilla-126.example.com/documento/126?origen=capacidad,,ok,
seed,127,3,2312.459,36.400,201,25,https://semilla-127.example.com/documento/127?origen=capacidad,,ok,
seed,128,8,2325.031,38.580,201,26,https://semilla-128.example.com/documento/128?origen=capacidad,,ok,
seed,129,4,2336.652,39.570,201,27,https://semilla-129.example.com/documento/129?origen=capacidad,,ok,
seed,125,2,2285.409,106.012,201,28,https://semilla-125.example.com/documento/125?origen=capacidad,,ok,
seed,99,0,1950.637,454.884,201,29,https://semilla-99.example.com/documento/99?origen=capacidad,,ok,
seed,131,8,2363.926,57.440,201,2A,https://semilla-131.example.com/documento/131?origen=capacidad,,ok,
seed,130,3,2349.080,84.625,201,2B,https://semilla-130.example.com/documento/130?origen=capacidad,,ok,
seed,107,7,2055.702,394.303,201,2C,https://semilla-107.example.com/documento/107?origen=capacidad,,ok,
seed,105,6,2030.641,432.929,201,2D,https://semilla-105.example.com/documento/105?origen=capacidad,,ok,
seed,135,8,2421.541,52.466,201,2E,https://semilla-135.example.com/documento/135?origen=capacidad,,ok,
seed,109,1,2081.195,403.739,201,2F,https://semilla-109.example.com/documento/109?origen=capacidad,,ok,
seed,138,6,2463.837,33.195,201,2G,https://semilla-138.example.com/documento/138?origen=capacidad,,ok,
seed,139,8,2474.168,33.497,201,2H,https://semilla-139.example.com/documento/139?origen=capacidad,,ok,
seed,140,1,2485.152,33.565,201,2J,https://semilla-140.example.com/documento/140?origen=capacidad,,ok,
seed,141,6,2497.180,35.115,201,2K,https://semilla-141.example.com/documento/141?origen=capacidad,,ok,
seed,137,7,2450.209,93.436,201,2L,https://semilla-137.example.com/documento/137?origen=capacidad,,ok,
seed,143,1,2518.892,36.563,201,2M,https://semilla-143.example.com/documento/143?origen=capacidad,,ok,
seed,144,6,2532.499,35.651,201,2N,https://semilla-144.example.com/documento/144?origen=capacidad,,ok,
seed,145,7,2543.898,36.992,201,2P,https://semilla-145.example.com/documento/145?origen=capacidad,,ok,
seed,146,1,2555.626,38.547,201,2Q,https://semilla-146.example.com/documento/146?origen=capacidad,,ok,
seed,147,6,2568.345,37.091,201,2R,https://semilla-147.example.com/documento/147?origen=capacidad,,ok,
seed,148,7,2581.052,35.423,201,2S,https://semilla-148.example.com/documento/148?origen=capacidad,,ok,
seed,149,1,2594.328,33.213,201,2T,https://semilla-149.example.com/documento/149?origen=capacidad,,ok,
seed,150,6,2605.638,32.639,201,2U,https://semilla-150.example.com/documento/150?origen=capacidad,,ok,
seed,151,7,2616.644,33.231,201,2V,https://semilla-151.example.com/documento/151?origen=capacidad,,ok,
seed,152,1,2627.691,34.496,201,2W,https://semilla-152.example.com/documento/152?origen=capacidad,,ok,
seed,153,6,2638.443,34.857,201,2X,https://semilla-153.example.com/documento/153?origen=capacidad,,ok,
seed,142,8,2507.868,176.428,201,2Y,https://semilla-142.example.com/documento/142?origen=capacidad,,ok,
seed,154,7,2650.082,46.489,201,2Z,https://semilla-154.example.com/documento/154?origen=capacidad,,ok,
seed,156,6,2673.468,33.644,201,2a,https://semilla-156.example.com/documento/156?origen=capacidad,,ok,
seed,155,1,2662.348,55.247,201,2b,https://semilla-155.example.com/documento/155?origen=capacidad,,ok,
seed,158,7,2696.730,32.009,201,2c,https://semilla-158.example.com/documento/158?origen=capacidad,,ok,
seed,159,6,2707.323,32.955,201,2d,https://semilla-159.example.com/documento/159?origen=capacidad,,ok,
seed,160,1,2717.752,34.543,201,2e,https://semilla-160.example.com/documento/160?origen=capacidad,,ok,
seed,157,8,2684.445,80.228,201,2f,https://semilla-157.example.com/documento/157?origen=capacidad,,ok,
seed,112,9,2118.653,656.701,201,2g,https://semilla-112.example.com/documento/112?origen=capacidad,,ok,
seed,163,1,2752.467,35.875,201,2h,https://semilla-163.example.com/documento/163?origen=capacidad,,ok,
seed,161,7,2728.939,70.608,201,2i,https://semilla-161.example.com/documento/161?origen=capacidad,,ok,
seed,165,9,2775.573,35.837,201,2j,https://semilla-165.example.com/documento/165?origen=capacidad,,ok,
seed,166,1,2788.502,37.111,201,2k,https://semilla-166.example.com/documento/166?origen=capacidad,,ok,
seed,164,8,2764.852,72.190,201,2m,https://semilla-164.example.com/documento/164?origen=capacidad,,ok,
seed,168,9,2811.574,36.552,201,2n,https://semilla-168.example.com/documento/168?origen=capacidad,,ok,
seed,116,5,2169.690,690.057,201,2o,https://semilla-116.example.com/documento/116?origen=capacidad,,ok,
seed,170,8,2837.221,33.264,201,2p,https://semilla-170.example.com/documento/170?origen=capacidad,,ok,
seed,167,7,2799.746,81.924,201,2q,https://semilla-167.example.com/documento/167?origen=capacidad,,ok,
seed,172,5,2859.937,33.039,201,2r,https://semilla-172.example.com/documento/172?origen=capacidad,,ok,
seed,171,9,2848.269,56.530,201,2s,https://semilla-171.example.com/documento/171?origen=capacidad,,ok,
seed,173,8,2870.738,51.047,201,2t,https://semilla-173.example.com/documento/173?origen=capacidad,,ok,
seed,175,5,2893.170,40.149,201,2u,https://semilla-175.example.com/documento/175?origen=capacidad,,ok,
seed,176,9,2904.982,39.322,201,2v,https://semilla-176.example.com/documento/176?origen=capacidad,,ok,
seed,177,8,2922.024,36.664,201,2w,https://semilla-177.example.com/documento/177?origen=capacidad,,ok,
seed,178,5,2933.461,36.700,201,2x,https://semilla-178.example.com/documento/178?origen=capacidad,,ok,
seed,132,4,2376.397,604.255,201,2y,https://semilla-132.example.com/documento/132?origen=capacidad,,ok,
seed,180,8,2958.927,31.813,201,2z,https://semilla-180.example.com/documento/180?origen=capacidad,,ok,
seed,181,5,2970.338,31.627,201,31,https://semilla-181.example.com/documento/181?origen=capacidad,,ok,
seed,182,4,2980.820,31.761,201,32,https://semilla-182.example.com/documento/182?origen=capacidad,,ok,
seed,183,8,2990.969,32.088,201,33,https://semilla-183.example.com/documento/183?origen=capacidad,,ok,
seed,184,5,3002.144,32.039,201,34,https://semilla-184.example.com/documento/184?origen=capacidad,,ok,
seed,185,4,3012.747,32.290,201,35,https://semilla-185.example.com/documento/185?origen=capacidad,,ok,
seed,186,8,3023.239,31.627,201,36,https://semilla-186.example.com/documento/186?origen=capacidad,,ok,
seed,187,5,3034.336,33.423,201,37,https://semilla-187.example.com/documento/187?origen=capacidad,,ok,
seed,188,4,3045.176,33.509,201,38,https://semilla-188.example.com/documento/188?origen=capacidad,,ok,
seed,179,9,2944.508,145.213,201,39,https://semilla-179.example.com/documento/179?origen=capacidad,,ok,
seed,190,5,3067.929,32.684,201,3A,https://semilla-190.example.com/documento/190?origen=capacidad,,ok,
seed,191,4,3078.871,32.711,201,3B,https://semilla-191.example.com/documento/191?origen=capacidad,,ok,
seed,174,7,2881.825,240.511,201,3C,https://semilla-174.example.com/documento/174?origen=capacidad,,ok,
seed,193,5,3100.777,32.383,201,3D,https://semilla-193.example.com/documento/193?origen=capacidad,,ok,
seed,194,4,3111.741,34.521,201,3E,https://semilla-194.example.com/documento/194?origen=capacidad,,ok,
seed,195,7,3122.482,35.605,201,3F,https://semilla-195.example.com/documento/195?origen=capacidad,,ok,
seed,196,5,3133.350,36.957,201,3G,https://semilla-196.example.com/documento/196?origen=capacidad,,ok,
seed,197,4,3146.468,38.343,201,3H,https://semilla-197.example.com/documento/197?origen=capacidad,,ok,
seed,192,9,3089.922,112.970,201,3J,https://semilla-192.example.com/documento/192?origen=capacidad,,ok,
seed,199,5,3170.498,45.660,201,3K,https://semilla-199.example.com/documento/199?origen=capacidad,,ok,
seed,198,7,3158.274,68.782,201,3L,https://semilla-198.example.com/documento/198?origen=capacidad,,ok,
seed,133,2,2391.603,846.960,201,3M,https://semilla-133.example.com/documento/133?origen=capacidad,,ok,
seed,202,5,3216.332,34.982,201,3N,https://semilla-202.example.com/documento/202?origen=capacidad,,ok,
seed,203,7,3227.228,35.435,201,3P,https://semilla-203.example.com/documento/203?origen=capacidad,,ok,
seed,201,9,3203.087,70.608,201,3Q,https://semilla-201.example.com/documento/201?origen=capacidad,,ok,
seed,205,5,3251.466,33.500,201,3R,https://semilla-205.example.com/documento/205?origen=capacidad,,ok,
seed,206,7,3262.871,33.943,201,3S,https://semilla-206.example.com/documento/206?origen=capacidad,,ok,
seed,207,9,3273.873,32.799,201,3T,https://semilla-207.example.com/documento/207?origen=capacidad,,ok,
seed,208,5,3285.351,32.015,201,3U,https://semilla-208.example.com/documento/208?origen=capacidad,,ok,
seed,134,0,2405.671,922.668,201,3V,https://semilla-134.example.com/documento/134?origen=capacidad,,ok,
seed,210,9,3306.861,32.128,201,3W,https://semilla-210.example.com/documento/210?origen=capacidad,,ok,
seed,211,5,3317.523,32.393,201,3X,https://semilla-211.example.com/documento/211?origen=capacidad,,ok,
seed,212,0,3328.503,34.047,201,3Y,https://semilla-212.example.com/documento/212?origen=capacidad,,ok,
seed,213,9,3339.152,33.893,201,3Z,https://semilla-213.example.com/documento/213?origen=capacidad,,ok,
seed,209,7,3297.106,87.482,201,3a,https://semilla-209.example.com/documento/209?origen=capacidad,,ok,
seed,215,0,3362.837,32.351,201,3b,https://semilla-215.example.com/documento/215?origen=capacidad,,ok,
seed,214,5,3350.131,55.290,201,3c,https://semilla-214.example.com/documento/214?origen=capacidad,,ok,
seed,217,7,3384.750,31.841,201,3d,https://semilla-217.example.com/documento/217?origen=capacidad,,ok,
seed,218,0,3395.339,32.804,201,3e,https://semilla-218.example.com/documento/218?origen=capacidad,,ok,
seed,219,5,3405.598,33.110,201,3f,https://semilla-219.example.com/documento/219?origen=capacidad,,ok,
seed,216,9,3373.246,76.811,201,3g,https://semilla-216.example.com/documento/216?origen=capacidad,,ok,
seed,220,7,3416.747,43.694,201,3h,https://semilla-220.example.com/documento/220?origen=capacidad,,ok,
seed,222,5,3438.896,31.845,201,3i,https://semilla-222.example.com/documento/222?origen=capacidad,,ok,
seed,223,9,3450.203,30.902,201,3j,https://semilla-223.example.com/documento/223?origen=capacidad,,ok,
seed,221,0,3428.345,63.243,201,3k,https://semilla-221.example.com/documento/221?origen=capacidad,,ok,
seed,225,5,3470.942,31.646,201,3m,https://semilla-225.example.com/documento/225?origen=capacidad,,ok,
seed,224,7,3460.599,52.712,201,3n,https://semilla-224.example.com/documento/224?origen=capacidad,,ok,
seed,226,9,3481.283,42.278,201,3o,https://semilla-226.example.com/documento/226?origen=capacidad,,ok,
seed,228,5,3502.811,31.818,201,3p,https://semilla-228.example.com/documento/228?origen=capacidad,,ok,
seed,227,0,3491.877,54.139,201,3q,https://semilla-227.example.com/documento/227?origen=capacidad,,ok,
seed,230,9,3523.716,34.431,201,3r,https://semilla-230.example.com/documento/230?origen=capacidad,,ok,
seed,231,5,3534.806,34.078,201,3s,https://semilla-231.example.com/documento/231?origen=capacidad,,ok,
seed,229,7,3513.517,66.195,201,3t,https://semilla-229.example.com/documento/229?origen=capacidad,,ok,
seed,233,9,3558.329,31.334,201,3u,https://semilla-233.example.com/documento/233?origen=capacidad,,ok,
seed,234,5,3569.042,30.831,201,3v,https://semilla-234.example.com/documento/234?origen=capacidad,,ok,
seed,235,7,3579.876,30.507,201,3w,https://semilla-235.example.com/documento/235?origen=capacidad,,ok,
seed,232,0,3546.260,74.924,201,3x,https://semilla-232.example.com/documento/232?origen=capacidad,,ok,
seed,236,9,3589.886,44.174,201,3y,https://semilla-236.example.com/documento/236?origen=capacidad,,ok,
seed,238,7,3610.602,34.644,201,3z,https://semilla-238.example.com/documento/238?origen=capacidad,,ok,
seed,237,5,3600.101,55.998,201,41,https://semilla-237.example.com/documento/237?origen=capacidad,,ok,
seed,136,3,2433.913,1233.329,201,42,https://semilla-136.example.com/documento/136?origen=capacidad,,ok,
seed,240,9,3634.212,43.986,201,43,https://semilla-240.example.com/documento/240?origen=capacidad,,ok,
seed,241,7,3645.454,45.516,201,44,https://semilla-241.example.com/documento/241?origen=capacidad,,ok,
seed,243,3,3667.409,35.297,201,45,https://semilla-243.example.com/documento/243?origen=capacidad,,ok,
seed,242,5,3656.246,57.525,201,46,https://semilla-242.example.com/documento/242?origen=capacidad,,ok,
seed,204,2,3238.718,486.860,201,47,https://semilla-204.example.com/documento/204?origen=capacidad,,ok,
seed,246,3,3702.928,34.294,201,48,https://semilla-246.example.com/documento/246?origen=capacidad,,ok,
seed,245,7,3691.175,59.171,201,49,https://semilla-245.example.com/documento/245?origen=capacidad,,ok,
seed,248,2,3725.719,37.777,201,4A,https://semilla-248.example.com/documento/248?origen=capacidad,,ok,
seed,247,5,3713.994,61.337,201,4B,https://semilla-247.example.com/documento/247?origen=capacidad,,ok,
seed,250,7,3750.540,37.276,201,4C,https://semilla-250.example.com/documento/250?origen=capacidad,,ok,
seed,249,3,3737.378,62.475,201,4D,https://semilla-249.example.com/documento/249?origen=capacidad,,ok,
seed,251,2,3763.685,48.417,201,4E,https://semilla-251.example.com/documento/251?origen=capacidad,,ok,
seed,253,7,3788.016,35.723,201,4F,https://semilla-253.example.com/documento/253?origen=capacidad,,ok,
seed,254,3,3800.056,35.365,201,4G,https://semilla-254.example.com/documento/254?origen=capacidad,,ok,
seed,255,2,3812.300,34.317,201,4H,https://semilla-255.example.com/documento/255?origen=capacidad,,ok,
seed,256,7,3823.910,34.059,201,4J,https://semilla-256.example.com/documento/256?origen=capacidad,,ok,
seed,257,3,3835.638,33.822,201,4K,https://semilla-257.example.com/documento/257?origen=capacidad,,ok,
seed,258,2,3846.852,34.526,201,4L,https://semilla-258.example.com/documento/258?origen=capacidad,,ok,
seed,259,7,3858.175,35.178,201,4M,https://semilla-259.example.com/documento/259?origen=capacidad,,ok,
seed,252,5,3775.487,129.780,201,4N,https://semilla-252.example.com/documento/252?origen=capacidad,,ok,
seed,260,3,3869.672,48.866,201,4P,https://semilla-260.example.com/documento/260?origen=capacidad,,ok,
seed,262,7,3893.563,39.218,201,4Q,https://semilla-262.example.com/documento/262?origen=capacidad,,ok,
seed,263,5,3905.471,38.910,201,4R,https://semilla-263.example.com/documento/263?origen=capacidad,,ok,
seed,264,3,3918.744,36.388,201,4S,https://semilla-264.example.com/documento/264?origen=capacidad,,ok,
seed,265,7,3933.000,32.255,201,4T,https://semilla-265.example.com/documento/265?origen=capacidad,,ok,
seed,266,5,3944.572,30.857,201,4U,https://semilla-266.example.com/documento/266?origen=capacidad,,ok,
seed,267,3,3955.284,30.669,201,4V,https://semilla-267.example.com/documento/267?origen=capacidad,,ok,
seed,268,7,3965.414,31.414,201,4W,https://semilla-268.example.com/documento/268?origen=capacidad,,ok,
seed,269,5,3975.590,31.930,201,4X,https://semilla-269.example.com/documento/269?origen=capacidad,,ok,
seed,270,3,3986.154,31.387,201,4Y,https://semilla-270.example.com/documento/270?origen=capacidad,,ok,
seed,271,7,3997.023,30.710,201,4Z,https://semilla-271.example.com/documento/271?origen=capacidad,,ok,
seed,272,5,4007.688,31.082,201,4a,https://semilla-272.example.com/documento/272?origen=capacidad,,ok,
seed,273,3,4017.738,31.542,201,4b,https://semilla-273.example.com/documento/273?origen=capacidad,,ok,
seed,274,7,4027.904,31.087,201,4c,https://semilla-274.example.com/documento/274?origen=capacidad,,ok,
seed,275,5,4038.946,30.228,201,4d,https://semilla-275.example.com/documento/275?origen=capacidad,,ok,
seed,276,3,4049.465,30.004,201,4e,https://semilla-276.example.com/documento/276?origen=capacidad,,ok,
seed,277,7,4059.139,30.881,201,4f,https://semilla-277.example.com/documento/277?origen=capacidad,,ok,
seed,278,5,4069.363,34.321,201,4g,https://semilla-278.example.com/documento/278?origen=capacidad,,ok,
seed,279,3,4079.631,34.711,201,4h,https://semilla-279.example.com/documento/279?origen=capacidad,,ok,
seed,280,7,4090.196,33.986,201,4i,https://semilla-280.example.com/documento/280?origen=capacidad,,ok,
seed,281,5,4103.852,29.886,201,4j,https://semilla-281.example.com/documento/281?origen=capacidad,,ok,
seed,282,3,4114.520,28.446,201,4k,https://semilla-282.example.com/documento/282?origen=capacidad,,ok,
seed,283,7,4124.354,29.774,201,4m,https://semilla-283.example.com/documento/283?origen=capacidad,,ok,
seed,261,2,3881.574,283.063,201,4n,https://semilla-261.example.com/documento/261?origen=capacidad,,ok,
seed,284,5,4133.900,41.197,201,4o,https://semilla-284.example.com/documento/284?origen=capacidad,,ok,
seed,244,9,3678.381,507.957,201,4p,https://semilla-244.example.com/documento/244?origen=capacidad,,ok,
seed,287,2,4164.836,31.815,201,4q,https://semilla-287.example.com/documento/287?origen=capacidad,,ok,
seed,286,7,4154.282,53.464,201,4r,https://semilla-286.example.com/documento/286?origen=capacidad,,ok,
seed,289,9,4186.494,31.529,201,4s,https://semilla-289.example.com/documento/289?origen=capacidad,,ok,
seed,288,5,4175.272,53.684,201,4t,https://semilla-288.example.com/documento/288?origen=capacidad,,ok,
seed,291,7,4207.943,31.380,201,4u,https://semilla-291.example.com/documento/291?origen=capacidad,,ok,
seed,292,9,4218.170,31.368,201,4v,https://semilla-292.example.com/documento/292?origen=capacidad,,ok,
seed,293,5,4229.169,30.005,201,4w,https://semilla-293.example.com/documento/293?origen=capacidad,,ok,
seed,162,6,2740.463,1529.687,201,4x,https://semilla-162.example.com/documento/162?origen=capacidad,,ok,
seed,295,9,4249.711,30.177,201,4y,https://semilla-295.example.com/documento/295?origen=capacidad,,ok,
seed,296,5,4259.323,31.645,201,4z,https://semilla-296.example.com/documento/296?origen=capacidad,,ok,
seed,294,7,4239.484,61.745,201,51,https://semilla-294.example.com/documento/294?origen=capacidad,,ok,
seed,297,6,4270.308,41.333,201,52,https://semilla-297.example.com/documento/297?origen=capacidad,,ok,
seed,299,5,4291.130,30.987,201,53,https://semilla-299.example.com/documento/299?origen=capacidad,,ok,
seed,300,7,4301.378,31.235,201,54,https://semilla-300.example.com/documento/300?origen=capacidad,,ok,
seed,301,6,4311.858,30.100,201,55,https://semilla-301.example.com/documento/301?origen=capacidad,,ok,
seed,302,5,4322.261,30.060,201,56,https://semilla-302.example.com/documento/302?origen=capacidad,,ok,
seed,303,7,4332.746,30.362,201,57,https://semilla-303.example.com/documento/303?origen=capacidad,,ok,
seed,304,6,4342.135,31.410,201,58,https://semilla-304.example.com/documento/304?origen=capacidad,,ok,
seed,305,5,4352.474,31.346,201,59,https://semilla-305.example.com/documento/305?origen=capacidad,,ok,
seed,306,7,4363.272,29.904,201,5A,https://semilla-306.example.com/documento/306?origen=capacidad,,ok,
seed,307,6,4373.730,28.985,201,5B,https://semilla-307.example.com/documento/307?origen=capacidad,,ok,
seed,169,1,2825.855,1587.078,201,5C,https://semilla-169.example.com/documento/169?origen=capacidad,,ok,
seed,308,5,4383.975,39.620,201,5D,https://semilla-308.example.com/documento/308?origen=capacidad,,ok,
seed,310,6,4402.890,31.925,201,5E,https://semilla-310.example.com/documento/310?origen=capacidad,,ok,
seed,311,1,4413.108,34.870,201,5F,https://semilla-311.example.com/documento/311?origen=capacidad,,ok,
seed,312,5,4423.855,37.261,201,5G,https://semilla-312.example.com/documento/312?origen=capacidad,,ok,
seed,309,7,4393.321,77.975,201,5H,https://semilla-309.example.com/documento/309?origen=capacidad,,ok,
seed,314,1,4448.186,33.719,201,5J,https://semilla-314.example.com/documento/314?origen=capacidad,,ok,
seed,315,5,4461.290,31.091,201,5K,https://semilla-315.example.com/documento/315?origen=capacidad,,ok,
seed,316,7,4471.459,30.984,201,5L,https://semilla-316.example.com/documento/316?origen=capacidad,,ok,
seed,313,6,4434.962,77.513,201,5M,https://semilla-313.example.com/documento/313?origen=capacidad,,ok,
seed,318,5,4492.563,30.356,201,5N,https://semilla-318.example.com/documento/318?origen=capacidad,,ok,
seed,319,7,4502.595,31.406,201,5P,https://semilla-319.example.com/documento/319?origen=capacidad,,ok,
seed,320,6,4512.627,30.897,201,5Q,https://semilla-320.example.com/documento/320?origen=capacidad,,ok,
seed,321,5,4523.072,31.101,201,5R,https://semilla-321.example.com/documento/321?origen=capacidad,,ok,
seed,317,1,4482.063,82.625,201,5S,https://semilla-317.example.com/documento/317?origen=capacidad,,ok,
seed,323,6,4543.695,31.621,201,5T,https://semilla-323.example.com/documento/323?origen=capacidad,,ok,
seed,324,5,4554.330,30.707,201,5U,https://semilla-324.example.com/documento/324?origen=capacidad,,ok,
seed,325,1,4564.908,29.806,201,5V,https://semilla-325.example.com/documento/325?origen=capacidad,,ok,
seed,322,7,4534.155,72.377,201,5W,https://semilla-322.example.com/documento/322?origen=capacidad,,ok,
seed,327,5,4585.172,34.035,201,5X,https://semilla-327.example.com/documento/327?origen=capacidad,,ok,
seed,328,1,4594.883,35.599,201,5Y,https://semilla-328.example.com/documento/328?origen=capacidad,,ok,
seed,326,6,4575.460,65.140,201,5Z,https://semilla-326.example.com/documento/326?origen=capacidad,,ok,
seed,330,5,4619.338,31.668,201,5a,https://semilla-330.example.com/documento/330?origen=capacidad,,ok,
seed,331,1,4630.628,29.563,201,5b,https://semilla-331.example.com/documento/331?origen=capacidad,,ok,
seed,332,6,4640.816,29.564,201,5c,https://semilla-332.example.com/documento/332?origen=capacidad,,ok,
seed,333,5,4651.145,29.097,201,5d,https://semilla-333.example.com/documento/333?origen=capacidad,,ok,
seed,329,7,4606.742,84.949,201,5e,https://semilla-329.example.com/documento/329?origen=capacidad,,ok,
seed,335,6,4670.576,31.435,201,5f,https://semilla-335.example.com/documento/335?origen=capacidad,,ok,
seed,336,5,4680.402,31.350,201,5g,https://semilla-336.example.com/documento/336?origen=capacidad,,ok,
seed,337,7,4691.923,30.358,201,5h,https://semilla-337.example.com/documento/337?origen=capacidad,,ok,
seed,338,6,4702.169,30.139,201,5i,https://semilla-338.example.com/documento/338?origen=capacidad,,ok,
seed,339,5,4711.928,31.034,201,5j,https://semilla-339.example.com/documento/339?origen=capacidad,,ok,
seed,334,1,4660.326,92.942,201,5k,https://semilla-334.example.com/documento/334?origen=capacidad,,ok,
seed,341,6,4732.474,31.029,201,5m,https://semilla-341.example.com/documento/341?origen=capacidad,,ok,
seed,340,7,4722.438,51.710,201,5n,https://semilla-340.example.com/documento/340?origen=capacidad,,ok,
seed,343,1,4753.423,30.829,201,5o,https://semilla-343.example.com/documento/343?origen=capacidad,,ok,
seed,344,6,4763.652,29.993,201,5p,https://semilla-344.example.com/documento/344?origen=capacidad,,ok,
seed,342,5,4743.171,60.495,201,5q,https://semilla-342.example.com/documento/342?origen=capacidad,,ok,
seed,345,7,4774.307,38.953,201,5r,https://semilla-345.example.com/documento/345?origen=capacidad,,ok,
seed,347,6,4793.817,28.923,201,5s,https://semilla-347.example.com/documento/347?origen=capacidad,,ok,
seed,348,5,4803.889,29.694,201,5t,https://semilla-348.example.com/documento/348?origen=capacidad,,ok,
seed,346,1,4784.458,60.325,201,5u,https://semilla-346.example.com/documento/346?origen=capacidad,,ok,
seed,350,6,4823.103,30.880,201,5v,https://semilla-350.example.com/documento/350?origen=capacidad,,ok,
seed,349,7,4813.397,49.848,201,5w,https://semilla-349.example.com/documento/349?origen=capacidad,,ok,
seed,352,1,4845.017,31.468,201,5x,https://semilla-352.example.com/documento/352?origen=capacidad,,ok,
seed,353,6,4854.151,34.959,201,5y,https://semilla-353.example.com/documento/353?origen=capacidad,,ok,
seed,351,5,4833.808,66.379,201,5z,https://semilla-351.example.com/documento/351?origen=capacidad,,ok,
seed,354,7,4863.382,48.444,201,61,https://semilla-354.example.com/documento/354?origen=capacidad,,ok,
seed,356,6,4889.286,35.034,201,62,https://semilla-356.example.com/documento/356?origen=capacidad,,ok,
seed,357,5,4900.375,33.962,201,63,https://semilla-357.example.com/documento/357?origen=capacidad,,ok,
seed,298,9,4280.094,664.603,201,64,https://semilla-298.example.com/documento/298?origen=capacidad,,ok,
seed,359,6,4924.494,30.229,201,65,https://semilla-359.example.com/documento/359?origen=capacidad,,ok,
seed,189,8,3055.034,1910.134,201,66,https://semilla-189.example.com/documento/189?origen=capacidad,,ok,
seed,361,9,4944.866,31.568,201,67,https://semilla-361.example.com/documento/361?origen=capacidad,,ok,
seed,360,5,4934.571,51.670,201,68,https://semilla-360.example.com/documento/360?origen=capacidad,,ok,
seed,363,8,4965.365,30.574,201,69,https://semilla-363.example.com/documento/363?origen=capacidad,,ok,
seed,364,9,4976.573,28.849,201,6A,https://semilla-364.example.com/documento/364?origen=capacidad,,ok,
seed,358,7,4912.014,103.289,201,6B,https://semilla-358.example.com/documento/358?origen=capacidad,,ok,
seed,200,4,3184.995,1840.147,201,6C,https://semilla-200.example.com/documento/200?origen=capacidad,,ok,
seed,367,9,5005.571,29.168,201,6D,https://semilla-367.example.com/documento/367?origen=capacidad,,ok,
seed,368,7,5015.503,29.360,201,6E,https://semilla-368.example.com/documento/368?origen=capacidad,,ok,
seed,366,8,4996.090,58.439,201,6F,https://semilla-366.example.com/documento/366?origen=capacidad,,ok,
seed,370,9,5034.962,28.693,201,6G,https://semilla-370.example.com/documento/370?origen=capacidad,,ok,
seed,371,7,5045.019,28.903,201,6H,https://semilla-371.example.com/documento/371?origen=capacidad,,ok,
seed,372,8,5054.672,29.405,201,6J,https://semilla-372.example.com/documento/372?origen=capacidad,,ok,
seed,373,9,5063.802,30.147,201,6K,https://semilla-373.example.com/documento/373?origen=capacidad,,ok,
seed,374,7,5074.127,29.580,201,6L,https://semilla-374.example.com/documento/374?origen=capacidad,,ok,
seed,375,8,5084.245,29.184,201,6M,https://semilla-375.example.com/documento/375?origen=capacidad,,ok,
seed,369,4,5025.288,98.205,201,6N,https://semilla-369.example.com/documento/369?origen=capacidad,,ok,
seed,376,9,5094.131,41.787,201,6P,https://semilla-376.example.com/documento/376?origen=capacidad,,ok,
seed,378,8,5113.574,33.497,201,6Q,https://semilla-378.example.com/documento/378?origen=capacidad,,ok,
seed,379,4,5123.695,37.769,201,6R,https://semilla-379.example.com/documento/379?origen=capacidad,,ok,
seed,377,7,5103.890,69.523,201,6S,https://semilla-377.example.com/documento/377?origen=capacidad,,ok,
seed,380,9,5136.103,49.647,201,6T,https://semilla-380.example.com/documento/380?origen=capacidad,,ok,
seed,382,4,5161.611,34.835,201,6U,https://semilla-382.example.com/documento/382?origen=capacidad,,ok,
seed,383,7,5173.595,33.539,201,6V,https://semilla-383.example.com/documento/383?origen=capacidad,,ok,
seed,365,5,4986.440,234.035,201,6W,https://semilla-365.example.com/documento/365?origen=capacidad,,ok,
seed,385,4,5196.607,33.635,201,6X,https://semilla-385.example.com/documento/385?origen=capacidad,,ok,
seed,386,7,5207.335,34.943,201,6Y,https://semilla-386.example.com/documento/386?origen=capacidad,,ok,
seed,387,5,5220.679,32.515,201,6Z,https://semilla-387.example.com/documento/387?origen=capacidad,,ok,
seed,388,4,5230.384,33.355,201,6a,https://semilla-388.example.com/documento/388?origen=capacidad,,ok,
seed,389,7,5242.479,33.279,201,6b,https://semilla-389.example.com/documento/389?origen=capacidad,,ok,
seed,390,5,5253.399,36.249,201,6c,https://semilla-390.example.com/documento/390?origen=capacidad,,ok,
seed,391,4,5263.952,40.337,201,6d,https://semilla-391.example.com/documento/391?origen=capacidad,,ok,
seed,384,9,5185.957,127.745,201,6e,https://semilla-384.example.com/documento/384?origen=capacidad,,ok,
seed,239,0,3621.349,1701.903,201,6f,https://semilla-239.example.com/documento/239?origen=capacidad,,ok,
seed,394,4,5304.473,28.490,201,6g,https://semilla-394.example.com/documento/394?origen=capacidad,,ok,
seed,395,9,5313.873,29.988,201,6h,https://semilla-395.example.com/documento/395?origen=capacidad,,ok,
seed,285,3,4143.114,1210.737,201,6i,https://semilla-285.example.com/documento/285?origen=capacidad,,ok,
seed,397,4,5333.152,29.582,201,6j,https://semilla-397.example.com/documento/397?origen=capacidad,,ok,
seed,398,9,5344.011,27.740,201,6k,https://semilla-398.example.com/documento/398?origen=capacidad,,ok,
seed,399,3,5354.033,27.383,201,6m,https://semilla-399.example.com/documento/399?origen=capacidad,,ok,
seed,400,4,5362.902,28.315,201,6n,https://semilla-400.example.com/documento/400?origen=capacidad,,ok,
seed,401,9,5371.919,28.549,201,6o,https://semilla-401.example.com/documento/401?origen=capacidad,,ok,
seed,396,0,5323.410,87.868,201,6p,https://semilla-396.example.com/documento/396?origen=capacidad,,ok,
seed,403,4,5391.375,29.390,201,6q,https://semilla-403.example.com/documento/403?origen=capacidad,,ok,
seed,402,3,5381.607,49.897,201,6r,https://semilla-402.example.com/documento/402?origen=capacidad,,ok,
seed,405,0,5411.408,29.765,201,6s,https://semilla-405.example.com/documento/405?origen=capacidad,,ok,
seed,406,4,5421.005,29.590,201,6t,https://semilla-406.example.com/documento/406?origen=capacidad,,ok,
seed,407,3,5431.650,29.914,201,6u,https://semilla-407.example.com/documento/407?origen=capacidad,,ok,
seed,408,0,5441.377,30.198,201,6v,https://semilla-408.example.com/documento/408?origen=capacidad,,ok,
seed,409,4,5450.759,31.757,201,6w,https://semilla-409.example.com/documento/409?origen=capacidad,,ok,
seed,410,3,5461.749,31.032,201,6x,https://semilla-410.example.com/documento/410?origen=capacidad,,ok,
seed,411,0,5471.713,29.885,201,6y,https://semilla-411.example.com/documento/411?origen=capacidad,,ok,
seed,412,4,5482.678,29.028,201,6z,https://semilla-412.example.com/documento/412?origen=capacidad,,ok,
seed,290,2,4196.893,1324.214,201,71,https://semilla-290.example.com/documento/290?origen=capacidad,,ok,
seed,414,0,5501.747,28.965,201,72,https://semilla-414.example.com/documento/414?origen=capacidad,,ok,
seed,415,4,5511.897,27.958,201,73,https://semilla-415.example.com/documento/415?origen=capacidad,,ok,
seed,413,3,5492.952,56.529,201,74,https://semilla-413.example.com/documento/413?origen=capacidad,,ok,
seed,417,0,5530.925,28.910,201,75,https://semilla-417.example.com/documento/417?origen=capacidad,,ok,
seed,416,2,5521.265,48.161,201,76,https://semilla-416.example.com/documento/416?origen=capacidad,,ok,
seed,355,1,4876.676,702.526,201,77,https://semilla-355.example.com/documento/355?origen=capacidad,,ok,
seed,420,0,5560.011,29.297,201,78,https://semilla-420.example.com/documento/420?origen=capacidad,,ok,
seed,421,2,5569.613,29.301,201,79,https://semilla-421.example.com/documento/421?origen=capacidad,,ok,
seed,422,1,5579.347,29.294,201,7A,https://semilla-422.example.com/documento/422?origen=capacidad,,ok,
seed,423,0,5589.482,30.011,201,7B,https://semilla-423.example.com/documento/423?origen=capacidad,,ok,
seed,424,2,5599.098,31.178,201,7C,https://semilla-424.example.com/documento/424?origen=capacidad,,ok,
seed,425,1,5608.816,30.942,201,7D,https://semilla-425.example.com/documento/425?origen=capacidad,,ok,
seed,419,3,5549.643,99.956,201,7E,https://semilla-419.example.com/documento/419?origen=capacidad,,ok,
seed,427,2,5630.462,28.678,201,7F,https://semilla-427.example.com/documento/427?origen=capacidad,,ok,
seed,362,6,4954.898,713.839,201,7G,https://semilla-362.example.com/documento/362?origen=capacidad,,ok,
seed,429,3,5649.745,28.877,201,7H,https://semilla-429.example.com/documento/429?origen=capacidad,,ok,
seed,430,2,5659.313,29.101,201,7J,https://semilla-430.example.com/documento/430?origen=capacidad,,ok,
seed,431,6,5668.972,29.149,201,7K,https://semilla-431.example.com/documento/431?origen=capacidad,,ok,
seed,381,8,5147.259,560.777,201,7L,https://semilla-381.example.com/documento/381?origen=capacidad,,ok,
seed,433,2,5688.571,29.082,201,7M,https://semilla-433.example.com/documento/433?origen=capacidad,,ok,
seed,432,3,5678.780,49.173,201,7N,https://semilla-432.example.com/documento/432?origen=capacidad,,ok,
seed,434,6,5698.293,39.184,201,7P,https://semilla-434.example.com/documento/434?origen=capacidad,,ok,
seed,436,2,5717.822,29.862,201,7Q,https://semilla-436.example.com/documento/436?origen=capacidad,,ok,
seed,437,3,5728.139,29.237,201,7R,https://semilla-437.example.com/documento/437?origen=capacidad,,ok,
seed,392,7,5275.954,499.732,201,7S,https://semilla-392.example.com/documento/392?origen=capacidad,,ok,
seed,393,5,5289.848,495.676,201,7T,https://semilla-393.example.com/documento/393?origen=capacidad,,ok,
seed,440,3,5757.521,37.979,201,7U,https://semilla-440.example.com/documento/440?origen=capacidad,,ok,
seed,441,7,5775.886,29.591,201,7V,https://semilla-441.example.com/documento/441?origen=capacidad,,ok,
seed,442,5,5785.738,30.127,201,7W,https://semilla-442.example.com/documento/442?origen=capacidad,,ok,
seed,443,3,5795.659,29.628,201,7X,https://semilla-443.example.com/documento/443?origen=capacidad,,ok,
seed,444,7,5805.653,29.073,201,7Y,https://semilla-444.example.com/documento/444?origen=capacidad,,ok,
seed,445,5,5816.050,28.594,201,7Z,https://semilla-445.example.com/documento/445?origen=capacidad,,ok,
seed,446,3,5825.436,29.959,201,7a,https://semilla-446.example.com/documento/446?origen=capacidad,,ok,
seed,447,7,5834.886,31.177,201,7b,https://semilla-447.example.com/documento/447?origen=capacidad,,ok,
seed,439,2,5747.853,127.914,201,7c,https://semilla-439.example.com/documento/439?origen=capacidad,,ok,
seed,449,3,5855.605,29.875,201,7d,https://semilla-449.example.com/documento/449?origen=capacidad,,ok,
seed,450,7,5866.213,29.079,201,7e,https://semilla-450.example.com/documento/450?origen=capacidad,,ok,
seed,451,2,5875.935,29.442,201,7f,https://semilla-451.example.com/documento/451?origen=capacidad,,ok,
seed,452,3,5885.636,29.073,201,7g,https://semilla-452.example.com/documento/452?origen=capacidad,,ok,
seed,448,5,5844.807,80.231,201,7h,https://semilla-448.example.com/documento/448?origen=capacidad,,ok,
seed,454,2,5905.596,28.432,201,7i,https://semilla-454.example.com/documento/454?origen=capacidad,,ok,
seed,453,7,5895.446,48.118,201,7j,https://semilla-453.example.com/documento/453?origen=capacidad,,ok,
seed,456,5,5925.179,28.168,201,7k,https://semilla-456.example.com/documento/456?origen=capacidad,,ok,
seed,404,9,5400.629,563.295,201,7m,https://semilla-404.example.com/documento/404?origen=capacidad,,ok,
seed,458,7,5943.701,30.280,201,7n,https://semilla-458.example.com/documento/458?origen=capacidad,,ok,
seed,457,2,5934.163,49.564,201,7o,https://semilla-457.example.com/documento/457?origen=capacidad,,ok,
seed,460,9,5964.130,29.455,201,7p,https://semilla-460.example.com/documento/460?origen=capacidad,,ok,
seed,461,7,5974.149,28.980,201,7q,https://semilla-461.example.com/documento/461?origen=capacidad,,ok,
seed,459,5,5953.587,59.049,201,7r,https://semilla-459.example.com/documento/459?origen=capacidad,,ok,
seed,462,2,5983.900,38.309,201,7s,https://semilla-462.example.com/documento/462?origen=capacidad,,ok,
seed,464,7,6003.270,28.794,201,7t,https://semilla-464.example.com/documento/464?origen=capacidad,,ok,
seed,465,5,6012.781,28.636,201,7u,https://semilla-465.example.com/documento/465?origen=capacidad,,ok,
seed,463,9,5993.742,56.897,201,7v,https://semilla-463.example.com/documento/463?origen=capacidad,,ok,
seed,467,7,6032.202,28.484,201,7w,https://semilla-467.example.com/documento/467?origen=capacidad,,ok,
seed,468,5,6041.591,29.522,201,7x,https://semilla-468.example.com/documento/468?origen=capacidad,,ok,
seed,418,4,5539.997,540.990,201,7y,https://semilla-418.example.com/documento/418?origen=capacidad,,ok,
seed,470,7,6060.879,29.926,201,7z,https://semilla-470.example.com/documento/470?origen=capacidad,,ok,
seed,471,5,6071.275,28.155,201,81,https://semilla-471.example.com/documento/471?origen=capacidad,,ok,
seed,472,4,6081.132,27.575,201,82,https://semilla-472.example.com/documento/472?origen=capacidad,,ok,
seed,473,7,6091.014,27.608,201,83,https://semilla-473.example.com/documento/473?origen=capacidad,,ok,
seed,474,5,6099.563,28.805,201,84,https://semilla-474.example.com/documento/474?origen=capacidad,,ok,
seed,475,4,6108.878,28.640,201,85,https://semilla-475.example.com/documento/475?origen=capacidad,,ok,
seed,469,9,6050.845,97.350,201,86,https://semilla-469.example.com/documento/469?origen=capacidad,,ok,
seed,476,7,6118.855,39.258,201,87,https://semilla-476.example.com/documento/476?origen=capacidad,,ok,
seed,477,5,6128.533,39.856,201,88,https://semilla-477.example.com/documento/477?origen=capacidad,,ok,
seed,479,9,6148.408,30.431,201,89,https://semilla-479.example.com/documento/479?origen=capacidad,,ok,
seed,480,7,6158.252,31.425,201,8A,https://semilla-480.example.com/documento/480?origen=capacidad,,ok,
seed,481,5,6168.532,30.345,201,8B,https://semilla-481.example.com/documento/481?origen=capacidad,,ok,
seed,482,9,6179.027,29.530,201,8C,https://semilla-482.example.com/documento/482?origen=capacidad,,ok,
seed,483,7,6189.896,27.973,201,8D,https://semilla-483.example.com/documento/483?origen=capacidad,,ok,
seed,484,5,6199.049,28.365,201,8E,https://semilla-484.example.com/documento/484?origen=capacidad,,ok,
seed,426,0,5619.645,617.785,201,8F,https://semilla-426.example.com/documento/426?origen=capacidad,,ok,
seed,486,7,6218.012,28.762,201,8G,https://semilla-486.example.com/documento/486?origen=capacidad,,ok,
seed,487,5,6227.603,29.162,201,8H,https://semilla-487.example.com/documento/487?origen=capacidad,,ok,
seed,488,0,6237.652,28.093,201,8J,https://semilla-488.example.com/documento/488?origen=capacidad,,ok,
seed,489,7,6247.026,28.362,201,8K,https://semilla-489.example.com/documento/489?origen=capacidad,,ok,
seed,490,5,6256.946,27.938,201,8L,https://semilla-490.example.com/documento/490?origen=capacidad,,ok,
seed,485,9,6208.752,85.899,201,8M,https://semilla-485.example.com/documento/485?origen=capacidad,,ok,
seed,492,7,6275.582,28.385,201,8N,https://semilla-492.example.com/documento/492?origen=capacidad,,ok,
seed,493,5,6285.070,29.127,201,8P,https://semilla-493.example.com/documento/493?origen=capacidad,,ok,
seed,494,9,6294.825,29.429,201,8Q,https://semilla-494.example.com/documento/494?origen=capacidad,,ok,
seed,491,0,6265.943,67.547,201,8R,https://semilla-491.example.com/documento/491?origen=capacidad,,ok,
seed,496,5,6314.359,28.242,201,8S,https://semilla-496.example.com/documento/496?origen=capacidad,,ok,
seed,497,9,6324.425,27.029,201,8T,https://semilla-497.example.com/documento/497?origen=capacidad,,ok,
seed,498,0,6333.641,28.075,201,8U,https://semilla-498.example.com/documento/498?origen=capacidad,,ok,
seed,495,7,6304.174,67.150,201,8V,https://semilla-495.example.com/documento/495?origen=capacidad,,ok,
seed,500,9,6351.609,29.047,201,8W,https://semilla-500.example.com/documento/500?origen=capacidad,,ok,
seed,499,5,6342.738,48.876,201,8X,https://semilla-499.example.com/documento/499?origen=capacidad,,ok,
seed,502,7,6371.519,29.610,201,8Y,https://semilla-502.example.com/documento/502?origen=capacidad,,ok,
seed,503,9,6380.859,29.748,201,8Z,https://semilla-503.example.com/documento/503?origen=capacidad,,ok,
seed,501,0,6361.902,58.333,201,8a,https://semilla-501.example.com/documento/501?origen=capacidad,,ok,
seed,504,5,6391.855,39.244,201,8b,https://semilla-504.example.com/documento/504?origen=capacidad,,ok,
seed,506,9,6410.937,30.130,201,8c,https://semilla-506.example.com/documento/506?origen=capacidad,,ok,
seed,507,0,6420.389,33.823,201,8d,https://semilla-507.example.com/documento/507?origen=capacidad,,ok,
seed,508,5,6431.280,36.246,201,8e,https://semilla-508.example.com/documento/508?origen=capacidad,,ok,
seed,509,9,6441.255,39.548,201,8f,https://semilla-509.example.com/documento/509?origen=capacidad,,ok,
seed,505,7,6401.267,88.760,201,8g,https://semilla-505.example.com/documento/505?origen=capacidad,,ok,
seed,511,5,6467.736,33.039,201,8h,https://semilla-511.example.com/documento/511?origen=capacidad,,ok,
seed,512,9,6480.956,30.459,201,8i,https://semilla-512.example.com/documento/512?origen=capacidad,,ok,
seed,510,0,6454.477,67.902,201,8j,https://semilla-510.example.com/documento/510?origen=capacidad,,ok,
seed,514,5,6501.009,32.739,201,8k,https://semilla-514.example.com/documento/514?origen=capacidad,,ok,
seed,515,9,6511.632,32.456,201,8m,https://semilla-515.example.com/documento/515?origen=capacidad,,ok,
seed,428,1,5639.956,913.962,201,8n,https://semilla-428.example.com/documento/428?origen=capacidad,,ok,
seed,435,8,5708.177,862.387,201,8o,https://semilla-435.example.com/documento/435?origen=capacidad,,ok,
seed,438,6,5737.628,857.343,201,8p,https://semilla-438.example.com/documento/438?origen=capacidad,,ok,
seed,478,4,6137.721,471.746,201,8q,https://semilla-478.example.com/documento/478?origen=capacidad,,ok,
seed,518,9,6544.278,73.335,201,8r,https://semilla-518.example.com/documento/518?origen=capacidad,,ok,
seed,521,6,6595.169,32.002,201,8s,https://semilla-521.example.com/documento/521?origen=capacidad,,ok,
seed,522,4,6609.713,26.162,201,8t,https://semilla-522.example.com/documento/522?origen=capacidad,,ok,
seed,455,3,5914.937,731.157,201,8u,https://semilla-455.example.com/documento/455?origen=capacidad,,ok,
seed,524,6,6627.309,28.804,201,8v,https://semilla-524.example.com/documento/524?origen=capacidad,,ok,
seed,466,2,6022.367,643.818,201,8w,https://semilla-466.example.com/documento/466?origen=capacidad,,ok,
seed,526,3,6646.272,28.689,201,8x,https://semilla-526.example.com/documento/526?origen=capacidad,,ok,
seed,513,7,6490.186,194.124,201,8y,https://semilla-513.example.com/documento/513?origen=capacidad,,ok,
seed,528,2,6666.336,27.255,201,8z,https://semilla-528.example.com/documento/528?origen=capacidad,,ok,
seed,529,3,6675.118,28.693,201,91,https://semilla-529.example.com/documento/529?origen=capacidad,,ok,
seed,530,7,6684.488,29.021,201,92,https://semilla-530.example.com/documento/530?origen=capacidad,,ok,
seed,516,0,6522.562,200.372,201,93,https://semilla-516.example.com/documento/516?origen=capacidad,,ok,
seed,517,5,6533.959,199.773,201,94,https://semilla-517.example.com/documento/517?origen=capacidad,,ok,
seed,533,7,6713.669,29.411,201,95,https://semilla-533.example.com/documento/533?origen=capacidad,,ok,
seed,532,3,6703.940,48.539,201,96,https://semilla-532.example.com/documento/532?origen=capacidad,,ok,
seed,519,1,6554.138,207.729,201,97,https://semilla-519.example.com/documento/519?origen=capacidad,,ok,
seed,535,5,6733.925,37.227,201,98,https://semilla-535.example.com/documento/535?origen=capacidad,,ok,
seed,537,3,6752.618,28.600,201,99,https://semilla-537.example.com/documento/537?origen=capacidad,,ok,
seed,538,1,6762.001,29.126,201,9A,https://semilla-538.example.com/documento/538?origen=capacidad,,ok,
seed,539,5,6771.285,30.324,201,9B,https://semilla-539.example.com/documento/539?origen=capacidad,,ok,
seed,520,8,6571.203,240.404,201,9C,https://semilla-520.example.com/documento/520?origen=capacidad,,ok,
seed,541,1,6791.328,28.830,201,9D,https://semilla-541.example.com/documento/541?origen=capacidad,,ok,
seed,523,9,6617.761,211.335,201,9E,https://semilla-523.example.com/documento/523?origen=capacidad,,ok,
seed,525,4,6636.061,202.325,201,9F,https://semilla-525.example.com/documento/525?origen=capacidad,,ok,
seed,544,1,6820.278,27.948,201,9G,https://semilla-544.example.com/documento/544?origen=capacidad,,ok,
seed,543,8,6811.757,45.806,201,9H,https://semilla-543.example.com/documento/543?origen=capacidad,,ok,
seed,527,6,6656.248,211.300,201,9J,https://semilla-527.example.com/documento/527?origen=capacidad,,ok,
seed,531,2,6693.818,183.118,201,9K,https://semilla-531.example.com/documento/531?origen=capacidad,,ok,
seed,534,0,6723.102,162.360,201,9L,https://semilla-534.example.com/documento/534?origen=capacidad,,ok,
seed,549,6,6867.692,26.700,201,9M,https://semilla-549.example.com/documento/549?origen=capacidad,,ok,
seed,536,7,6743.237,160.178,201,9N,https://semilla-536.example.com/documento/536?origen=capacidad,,ok,
seed,540,3,6781.380,131.201,201,9P,https://semilla-540.example.com/documento/540?origen=capacidad,,ok,
seed,542,5,6801.770,121.346,201,9Q,https://semilla-542.example.com/documento/542?origen=capacidad,,ok,
seed,553,7,6903.568,29.543,201,9R,https://semilla-553.example.com/documento/553?origen=capacidad,,ok,
seed,552,6,6894.513,47.553,201,9S,https://semilla-552.example.com/documento/552?origen=capacidad,,ok,
seed,545,9,6829.227,122.057,201,9T,https://semilla-545.example.com/documento/545?origen=capacidad,,ok,
seed,556,7,6933.236,26.713,201,9U,https://semilla-556.example.com/documento/556?origen=capacidad,,ok,
seed,546,4,6838.512,130.316,201,9V,https://semilla-546.example.com/documento/546?origen=capacidad,,ok,
seed,558,9,6951.453,26.730,201,9W,https://semilla-558.example.com/documento/558?origen=capacidad,,ok,
seed,547,1,6848.356,139.126,201,9X,https://semilla-547.example.com/documento/547?origen=capacidad,,ok,
seed,560,4,6968.964,27.263,201,9Y,https://semilla-560.example.com/documento/560?origen=capacidad,,ok,
seed,561,9,6978.371,27.088,201,9Z,https://semilla-561.example.com/documento/561?origen=capacidad,,ok,
seed,562,1,6987.605,27.488,201,9a,https://semilla-562.example.com/documento/562?origen=capacidad,,ok,
seed,548,8,6857.757,166.738,201,9b,https://semilla-548.example.com/documento/548?origen=capacidad,,ok,
seed,550,2,6877.064,156.997,201,9c,https://semilla-550.example.com/documento/550?origen=capacidad,,ok,
seed,551,0,6885.573,157.992,201,9d,https://semilla-551.example.com/documento/551?origen=capacidad,,ok,
seed,564,9,7005.592,48.505,201,9e,https://semilla-564.example.com/documento/564?origen=capacidad,,ok,
seed,554,3,6912.746,150.598,201,9f,https://semilla-554.example.com/documento/554?origen=capacidad,,ok,
seed,555,5,6923.249,149.141,201,9g,https://semilla-555.example.com/documento/555?origen=capacidad,,ok,
seed,557,6,6942.244,140.276,201,9h,https://semilla-557.example.com/documento/557?origen=capacidad,,ok,
seed,569,9,7054.224,37.910,201,9i,https://semilla-569.example.com/documento/569?origen=capacidad,,ok,
seed,570,3,7063.490,38.270,201,9j,https://semilla-570.example.com/documento/570?origen=capacidad,,ok,
seed,559,7,6960.132,151.055,201,9k,https://semilla-559.example.com/documento/559?origen=capacidad,,ok,
seed,573,9,7092.344,28.769,201,9m,https://semilla-573.example.com/documento/573?origen=capacidad,,ok,
seed,574,3,7101.901,28.390,201,9n,https://semilla-574.example.com/documento/574?origen=capacidad,,ok,
seed,572,6,7082.657,56.552,201,9o,https://semilla-572.example.com/documento/572?origen=capacidad,,ok,
seed,563,4,6996.367,152.806,201,9p,https://semilla-563.example.com/documento/563?origen=capacidad,,ok,
seed,577,3,7130.424,28.485,201,9q,https://semilla-577.example.com/documento/577?origen=capacidad,,ok,
seed,565,1,7015.222,153.937,201,9r,https://semilla-565.example.com/documento/565?origen=capacidad,,ok,
seed,579,4,7149.314,31.369,201,9s,https://semilla-579.example.com/documento/579?origen=capacidad,,ok,
seed,566,8,7024.631,166.569,201,9t,https://semilla-566.example.com/documento/566?origen=capacidad,,ok,
seed,567,2,7034.319,166.426,201,9u,https://semilla-567.example.com/documento/567?origen=capacidad,,ok,
seed,568,0,7043.716,168.337,201,9v,https://semilla-568.example.com/documento/568?origen=capacidad,,ok,
seed,571,5,7072.557,150.459,201,9w,https://semilla-571.example.com/documento/571?origen=capacidad,,ok,
seed,583,8,7191.328,41.839,201,9x,https://semilla-583.example.com/documento/583?origen=capacidad,,ok,
seed,575,7,7111.350,132.956,201,9y,https://semilla-575.example.com/documento/575?origen=capacidad,,ok,
seed,586,5,7223.155,31.030,201,9z,https://semilla-586.example.com/documento/586?origen=capacidad,,ok,
seed,576,9,7121.248,144.479,201,A1,https://semilla-576.example.com/documento/576?origen=capacidad,,ok,
seed,588,7,7244.419,32.404,201,A2,https://semilla-588.example.com/documento/588?origen=capacidad,,ok,
seed,578,6,7139.357,146.872,201,A3,https://semilla-578.example.com/documento/578?origen=capacidad,,ok,
seed,580,3,7159.094,136.364,201,A4,https://semilla-580.example.com/documento/580?origen=capacidad,,ok,
seed,591,7,7277.071,27.212,201,A5,https://semilla-591.example.com/documento/591?origen=capacidad,,ok,
seed,590,9,7266.005,47.942,201,A6,https://semilla-590.example.com/documento/590?origen=capacidad,,ok,
seed,593,3,7295.598,27.916,201,A7,https://semilla-593.example.com/documento/593?origen=capacidad,,ok,
seed,581,1,7169.288,163.436,201,A8,https://semilla-581.example.com/documento/581?origen=capacidad,,ok,
seed,592,6,7286.368,55.661,201,A9,https://semilla-592.example.com/documento/592?origen=capacidad,,ok,
seed,596,3,7323.709,28.299,201,AA,https://semilla-596.example.com/documento/596?origen=capacidad,,ok,
seed,597,1,7332.880,28.962,201,AB,https://semilla-597.example.com/documento/597?origen=capacidad,,ok,
seed,598,6,7342.184,28.176,201,AC,https://semilla-598.example.com/documento/598?origen=capacidad,,ok,
seed,599,3,7352.175,28.258,201,AD,https://semilla-599.example.com/documento/599?origen=capacidad,,ok,
seed,600,1,7362.019,28.369,201,AE,https://semilla-600.example.com/documento/600?origen=capacidad,,ok,
seed,582,4,7180.876,219.110,201,AF,https://semilla-582.example.com/documento/582?origen=capacidad,,ok,
seed,602,3,7380.594,28.655,201,AG,https://semilla-602.example.com/documento/602?origen=capacidad,,ok,
seed,603,1,7390.603,28.230,201,AH,https://semilla-603.example.com/documento/603?origen=capacidad,,ok,
seed,604,4,7400.186,27.832,201,AJ,https://semilla-604.example.com/documento/604?origen=capacidad,,ok,
seed,584,2,7200.883,237.986,201,AK,https://semilla-584.example.com/documento/584?origen=capacidad,,ok,
seed,605,3,7409.407,38.907,201,AL,https://semilla-605.example.com/documento/605?origen=capacidad,,ok,
seed,606,1,7419.012,38.381,201,AM,https://semilla-606.example.com/documento/606?origen=capacidad,,ok,
seed,585,0,7212.177,254.815,201,AN,https://semilla-585.example.com/documento/585?origen=capacidad,,ok,
seed,609,3,7448.464,27.658,201,AP,https://semilla-609.example.com/documento/609?origen=capacidad,,ok,
seed,608,2,7439.086,46.746,201,AQ,https://semilla-608.example.com/documento/608?origen=capacidad,,ok,
seed,611,0,7467.143,27.966,201,AR,https://semilla-611.example.com/documento/611?origen=capacidad,,ok,
seed,612,3,7476.288,27.678,201,AS,https://semilla-612.example.com/documento/612?origen=capacidad,,ok,
seed,610,1,7457.544,56.146,201,AT,https://semilla-610.example.com/documento/610?origen=capacidad,,ok,
seed,614,0,7495.331,28.749,201,AU,https://semilla-614.example.com/documento/614?origen=capacidad,,ok,
seed,615,3,7504.107,29.431,201,AV,https://semilla-615.example.com/documento/615?origen=capacidad,,ok,
seed,587,8,7233.313,309.543,201,AW,https://semilla-587.example.com/documento/587?origen=capacidad,,ok,
seed,613,2,7485.984,66.541,201,AX,https://semilla-613.example.com/documento/613?origen=capacidad,,ok,
seed,618,3,7533.740,28.539,201,AY,https://semilla-618.example.com/documento/618?origen=capacidad,,ok,
seed,617,0,7524.234,47.850,201,AZ,https://semilla-617.example.com/documento/617?origen=capacidad,,ok,
seed,616,1,7513.926,67.550,201,Aa,https://semilla-616.example.com/documento/616?origen=capacidad,,ok,
seed,620,2,7552.679,38.626,201,Ab,https://semilla-620.example.com/documento/620?origen=capacidad,,ok,
seed,622,0,7572.297,28.905,201,Ac,https://semilla-622.example.com/documento/622?origen=capacidad,,ok,
seed,589,5,7254.338,355.117,201,Ad,https://semilla-589.example.com/documento/589?origen=capacidad,,ok,
seed,624,2,7591.502,28.027,201,Ae,https://semilla-624.example.com/documento/624?origen=capacidad,,ok,
seed,594,7,7304.436,325.398,201,Af,https://semilla-594.example.com/documento/594?origen=capacidad,,ok,
seed,625,0,7601.345,37.352,201,Ag,https://semilla-625.example.com/documento/625?origen=capacidad,,ok,
seed,595,9,7314.087,334.329,201,Ah,https://semilla-595.example.com/documento/595?origen=capacidad,,ok,
seed,628,7,7630.004,27.781,201,Ai,https://semilla-628.example.com/documento/628?origen=capacidad,,ok,
seed,627,2,7619.736,47.297,201,Aj,https://semilla-627.example.com/documento/627?origen=capacidad,,ok,
seed,629,0,7638.869,37.170,201,Ak,https://semilla-629.example.com/documento/629?origen=capacidad,,ok,
seed,631,7,7657.957,28.094,201,Am,https://semilla-631.example.com/documento/631?origen=capacidad,,ok,
seed,632,2,7667.180,29.308,201,An,https://semilla-632.example.com/documento/632?origen=capacidad,,ok,
seed,601,6,7370.506,335.280,201,Ao,https://semilla-601.example.com/documento/601?origen=capacidad,,ok,
seed,630,9,7648.566,66.847,201,Ap,https://semilla-630.example.com/documento/630?origen=capacidad,,ok,
seed,635,2,7696.722,30.047,201,Aq,https://semilla-635.example.com/documento/635?origen=capacidad,,ok,
seed,607,4,7428.201,309.430,201,Ar,https://semilla-607.example.com/documento/607?origen=capacidad,,ok,
seed,637,9,7715.572,35.295,201,As,https://semilla-637.example.com/documento/637?origen=capacidad,,ok,
seed,619,8,7543.019,218.491,201,At,https://semilla-619.example.com/documento/619?origen=capacidad,,ok,
seed,621,3,7562.444,209.985,201,Au,https://semilla-621.example.com/documento/621?origen=capacidad,,ok,
seed,623,1,7581.652,200.004,201,Av,https://semilla-623.example.com/documento/623?origen=capacidad,,ok,
seed,640,9,7751.054,40.143,201,Aw,https://semilla-640.example.com/documento/640?origen=capacidad,,ok,
seed,642,3,7772.577,27.715,201,Ax,https://semilla-642.example.com/documento/642?origen=capacidad,,ok,
seed,633,0,7676.234,132.859,201,Ay,https://semilla-633.example.com/documento/633?origen=capacidad,,ok,
seed,638,2,7726.992,92.282,201,Az,https://semilla-638.example.com/documento/638?origen=capacidad,,ok,
seed,626,5,7609.613,221.468,201,B1,https://semilla-626.example.com/documento/626?origen=capacidad,,ok,
seed,634,7,7686.229,156.498,201,B2,https://semilla-634.example.com/documento/634?origen=capacidad,,ok,
seed,636,6,7705.992,149.526,201,B3,https://semilla-636.example.com/documento/636?origen=capacidad,,ok,
seed,639,4,7737.780,127.388,201,B4,https://semilla-639.example.com/documento/639?origen=capacidad,,ok,
seed,641,8,7761.731,112.297,201,B5,https://semilla-641.example.com/documento/641?origen=capacidad,,ok,
seed,643,1,7781.906,100.478,201,B6,https://semilla-643.example.com/documento/643?origen=capacidad,,ok,
seed,644,9,7791.392,99.599,201,B7,https://semilla-644.example.com/documento/644?origen=capacidad,,ok,
seed,652,8,7874.170,26.183,201,B8,https://semilla-652.example.com/documento/652?origen=capacidad,,ok,
seed,645,3,7800.435,113.832,201,B9,https://semilla-645.example.com/documento/645?origen=capacidad,,ok,
seed,646,0,7809.229,114.347,201,BA,https://semilla-646.example.com/documento/646?origen=capacidad,,ok,
seed,647,2,7819.456,113.263,201,BB,https://semilla-647.example.com/documento/647?origen=capacidad,,ok,
seed,656,3,7914.449,26.123,201,BC,https://semilla-656.example.com/documento/656?origen=capacidad,,ok,
seed,657,0,7923.769,27.163,201,BD,https://semilla-657.example.com/documento/657?origen=capacidad,,ok,
seed,658,2,7932.906,26.805,201,BE,https://semilla-658.example.com/documento/658?origen=capacidad,,ok,
seed,648,5,7831.296,138.133,201,BF,https://semilla-648.example.com/documento/648?origen=capacidad,,ok,
seed,649,7,7842.942,135.553,201,BG,https://semilla-649.example.com/documento/649?origen=capacidad,,ok,
seed,650,6,7855.708,134.369,201,BH,https://semilla-650.example.com/documento/650?origen=capacidad,,ok,
seed,661,2,7959.867,39.106,201,BJ,https://semilla-661.example.com/documento/661?origen=capacidad,,ok,
seed,662,5,7969.505,38.353,201,BK,https://semilla-662.example.com/documento/662?origen=capacidad,,ok,
seed,651,4,7865.301,151.026,201,BL,https://semilla-651.example.com/documento/651?origen=capacidad,,ok,
seed,664,6,7990.228,35.016,201,BM,https://semilla-664.example.com/documento/664?origen=capacidad,,ok,
seed,666,5,8008.054,26.046,201,BN,https://semilla-666.example.com/documento/666?origen=capacidad,,ok,
seed,653,1,7882.529,160.311,201,BP,https://semilla-653.example.com/documento/653?origen=capacidad,,ok,
seed,654,9,7891.134,160.734,201,BQ,https://semilla-654.example.com/documento/654?origen=capacidad,,ok,
seed,669,5,8034.255,26.570,201,BR,https://semilla-669.example.com/documento/669?origen=capacidad,,ok,
seed,670,1,8043.002,27.116,201,BS,https://semilla-670.example.com/documento/670?origen=capacidad,,ok,
seed,655,8,7900.528,178.556,201,BT,https://semilla-655.example.com/documento/655?origen=capacidad,,ok,
seed,672,5,8061.009,27.585,201,BU,https://semilla-672.example.com/documento/672?origen=capacidad,,ok,
seed,659,3,7940.734,158.439,201,BV,https://semilla-659.example.com/documento/659?origen=capacidad,,ok,
seed,660,0,7951.074,157.328,201,BW,https://semilla-660.example.com/documento/660?origen=capacidad,,ok,
seed,663,7,7978.636,142.595,201,BX,https://semilla-663.example.com/documento/663?origen=capacidad,,ok,
seed,665,2,7999.104,131.590,201,BY,https://semilla-665.example.com/documento/665?origen=capacidad,,ok,
seed,667,4,8016.475,123.963,201,BZ,https://semilla-667.example.com/documento/667?origen=capacidad,,ok,
seed,668,6,8025.406,124.373,201,Ba,https://semilla-668.example.com/documento/668?origen=capacidad,,ok,
seed,671,9,8052.014,107.645,201,Bb,https://semilla-671.example.com/documento/671?origen=capacidad,,ok,
seed,673,1,8070.259,98.768,201,Bc,https://semilla-673.example.com/documento/673?origen=capacidad,,ok,
seed,674,8,8079.240,102.879,201,Bd,https://semilla-674.example.com/documento/674?origen=capacidad,,ok,
seed,682,9,8159.872,32.859,201,Be,https://semilla-682.example.com/documento/682?origen=capacidad,,ok,
seed,675,5,8088.781,114.999,201,Bf,https://semilla-675.example.com/documento/675?origen=capacidad,,ok,
seed,676,3,8099.335,114.634,201,Bg,https://semilla-676.example.com/documento/676?origen=capacidad,,ok,
seed,677,0,8108.603,116.024,201,Bh,https://semilla-677.example.com/documento/677?origen=capacidad,,ok,
seed,678,7,8121.432,112.214,201,Bi,https://semilla-678.example.com/documento/678?origen=capacidad,,ok,
seed,679,2,8130.905,112.212,201,Bj,https://semilla-679.example.com/documento/679?origen=capacidad,,ok,
seed,688,0,8224.786,29.076,201,Bk,https://semilla-688.example.com/documento/688?origen=capacidad,,ok,
seed,680,4,8140.587,123.759,201,Bm,https://semilla-680.example.com/documento/680?origen=capacidad,,ok,
seed,690,2,8243.306,30.008,201,Bn,https://semilla-690.example.com/documento/690?origen=capacidad,,ok,
seed,691,0,8254.051,28.400,201,Bo,https://semilla-691.example.com/documento/691?origen=capacidad,,ok,
seed,681,6,8149.967,141.356,201,Bp,https://semilla-681.example.com/documento/681?origen=capacidad,,ok,
seed,692,4,8264.494,36.438,201,Bq,https://semilla-692.example.com/documento/692?origen=capacidad,,ok,
seed,693,2,8273.455,37.686,201,Br,https://semilla-693.example.com/documento/693?origen=capacidad,,ok,
seed,683,1,8169.234,151.628,201,Bs,https://semilla-683.example.com/documento/683?origen=capacidad,,ok,
seed,684,8,8182.266,148.966,201,Bt,https://semilla-684.example.com/documento/684?origen=capacidad,,ok,
seed,686,5,8204.000,136.530,201,Bu,https://semilla-686.example.com/documento/686?origen=capacidad,,ok,
seed,685,9,8192.925,157.096,201,Bv,https://semilla-685.example.com/documento/685?origen=capacidad,,ok,
seed,699,8,8331.387,27.118,201,Bw,https://semilla-699.example.com/documento/699?origen=capacidad,,ok,
seed,700,5,8340.681,26.707,201,Bx,https://semilla-700.example.com/documento/700?origen=capacidad,,ok,
seed,687,3,8214.179,161.866,201,By,https://semilla-687.example.com/documento/687?origen=capacidad,,ok,
seed,702,8,8358.635,26.733,201,Bz,https://semilla-702.example.com/documento/702?origen=capacidad,,ok,
seed,689,7,8233.855,160.767,201,C1,https://semilla-689.example.com/documento/689?origen=capacidad,,ok,
seed,694,0,8282.615,121.964,201,C2,https://semilla-694.example.com/documento/694?origen=capacidad,,ok,
seed,695,6,8291.461,122.839,201,C3,https://semilla-695.example.com/documento/695?origen=capacidad,,ok,
seed,696,4,8301.109,122.971,201,C4,https://semilla-696.example.com/documento/696?origen=capacidad,,ok,
seed,697,2,8311.286,122.014,201,C5,https://semilla-697.example.com/documento/697?origen=capacidad,,ok,
seed,698,1,8321.060,121.000,201,C6,https://semilla-698.example.com/documento/698?origen=capacidad,,ok,
seed,709,4,8424.278,26.899,201,C7,https://semilla-709.example.com/documento/709?origen=capacidad,,ok,
seed,708,6,8414.468,47.695,201,C8,https://semilla-708.example.com/documento/708?origen=capacidad,,ok,
seed,701,9,8350.168,122.438,201,C9,https://semilla-701.example.com/documento/701?origen=capacidad,,ok,
seed,703,5,8367.526,114.466,201,CA,https://semilla-703.example.com/documento/703?origen=capacidad,,ok,
seed,704,3,8376.245,114.930,201,CB,https://semilla-704.example.com/documento/704?origen=capacidad,,ok,
seed,705,8,8385.521,114.596,201,CC,https://semilla-705.example.com/documento/705?origen=capacidad,,ok,
seed,706,7,8394.761,113.929,201,CD,https://semilla-706.example.com/documento/706?origen=capacidad,,ok,
seed,716,3,8491.315,26.435,201,CE,https://semilla-716.example.com/documento/716?origen=capacidad,,ok,
seed,707,0,8404.778,122.447,201,CF,https://semilla-707.example.com/documento/707?origen=capacidad,,ok,
seed,718,7,8508.883,27.615,201,CG,https://semilla-718.example.com/documento/718?origen=capacidad,,ok,
seed,710,2,8433.451,112.433,201,CH,https://semilla-710.example.com/documento/710?origen=capacidad,,ok,
seed,720,0,8527.374,29.181,201,CJ,https://semilla-720.example.com/documento/720?origen=capacidad,,ok,
seed,711,1,8442.206,123.906,201,CK,https://semilla-711.example.com/documento/711?origen=capacidad,,ok,
seed,722,2,8546.015,29.094,201,CL,https://semilla-722.example.com/documento/722?origen=capacidad,,ok,
seed,721,7,8536.659,48.190,201,CM,https://semilla-721.example.com/documento/721?origen=capacidad,,ok,
seed,712,4,8451.397,143.461,201,CN,https://semilla-712.example.com/documento/712?origen=capacidad,,ok,
seed,724,1,8566.263,38.900,201,CP,https://semilla-724.example.com/documento/724?origen=capacidad,,ok,
seed,726,7,8585.016,29.367,201,CQ,https://semilla-726.example.com/documento/726?origen=capacidad,,ok,
seed,713,6,8462.295,162.054,201,CR,https://semilla-713.example.com/documento/713?origen=capacidad,,ok,
seed,714,9,8472.769,161.382,201,CS,https://semilla-714.example.com/documento/714?origen=capacidad,,ok,
seed,715,5,8482.223,161.428,201,CT,https://semilla-715.example.com/documento/715?origen=capacidad,,ok,
seed,717,8,8500.271,153.645,201,CU,https://semilla-717.example.com/documento/717?origen=capacidad,,ok,
seed,719,3,8517.967,146.685,201,CV,https://semilla-719.example.com/documento/719?origen=capacidad,,ok,
seed,723,0,8556.700,119.111,201,CW,https://semilla-723.example.com/documento/723?origen=capacidad,,ok,
seed,725,2,8575.291,111.281,201,CX,https://semilla-725.example.com/documento/725?origen=capacidad,,ok,
seed,727,4,8595.006,101.017,201,CY,https://semilla-727.example.com/documento/727?origen=capacidad,,ok,
seed,728,1,8605.325,100.935,201,CZ,https://semilla-728.example.com/documento/728?origen=capacidad,,ok,
seed,729,7,8614.519,101.688,201,Ca,https://semilla-729.example.com/documento/729?origen=capacidad,,ok,
seed,730,6,8624.487,102.011,201,Cb,https://semilla-730.example.com/documento/730?origen=capacidad,,ok,
seed,731,9,8634.333,101.838,201,Cc,https://semilla-731.example.com/documento/731?origen=capacidad,,ok,
seed,732,5,8643.815,101.139,201,Cd,https://semilla-732.example.com/documento/732?origen=capacidad,,ok,
seed,733,8,8654.102,102.318,201,Ce,https://semilla-733.example.com/documento/733?origen=capacidad,,ok,
seed,741,9,8736.352,31.877,201,Cf,https://semilla-741.example.com/documento/741?origen=capacidad,,ok,
seed,734,3,8664.852,113.376,201,Cg,https://semilla-734.example.com/documento/734?origen=capacidad,,ok,
seed,735,0,8675.983,112.249,201,Ch,https://semilla-735.example.com/documento/735?origen=capacidad,,ok,
seed,736,2,8686.747,111.286,201,Ci,https://semilla-736.example.com/documento/736?origen=capacidad,,ok,
seed,737,4,8696.179,112.514,201,Cj,https://semilla-737.example.com/documento/737?origen=capacidad,,ok,
seed,738,1,8706.425,112.292,201,Ck,https://semilla-738.example.com/documento/738?origen=capacidad,,ok,
seed,739,7,8716.481,111.532,201,Cm,https://semilla-739.example.com/documento/739?origen=capacidad,,ok,
seed,740,6,8726.665,111.046,201,Cn,https://semilla-740.example.com/documento/740?origen=capacidad,,ok,
seed,742,5,8745.110,102.256,201,Co,https://semilla-742.example.com/documento/742?origen=capacidad,,ok,
seed,743,8,8756.587,100.765,201,Cp,https://semilla-743.example.com/documento/743?origen=capacidad,,ok,
seed,744,9,8768.419,98.455,201,Cq,https://semilla-744.example.com/documento/744?origen=capacidad,,ok,
seed,745,3,8778.369,98.288,201,Cr,https://semilla-745.example.com/documento/745?origen=capacidad,,ok,
seed,746,0,8788.368,97.675,201,Cs,https://semilla-746.example.com/documento/746?origen=capacidad,,ok,
seed,754,9,8867.077,28.000,201,Ct,https://semilla-754.example.com/documento/754?origen=capacidad,,ok,
seed,747,2,8798.173,106.225,201,Cu,https://semilla-747.example.com/documento/747?origen=capacidad,,ok,
seed,749,1,8818.927,94.537,201,Cv,https://semilla-749.example.com/documento/749?origen=capacidad,,ok,
seed,757,9,8895.213,28.599,201,Cw,https://semilla-757.example.com/documento/757?origen=capacidad,,ok,
seed,758,2,8904.578,28.462,201,Cx,https://semilla-758.example.com/documento/758?origen=capacidad,,ok,
seed,748,4,8808.880,134.675,201,Cy,https://semilla-748.example.com/documento/748?origen=capacidad,,ok,
seed,750,7,8828.198,124.846,201,Cz,https://semilla-750.example.com/documento/750?origen=capacidad,,ok,
seed,751,6,8837.876,124.421,201,D1,https://semilla-751.example.com/documento/751?origen=capacidad,,ok,
seed,752,5,8847.510,125.829,201,D2,https://semilla-752.example.com/documento/752?origen=capacidad,,ok,
seed,753,8,8857.494,125.497,201,D3,https://semilla-753.example.com/documento/753?origen=capacidad,,ok,
seed,755,3,8876.851,116.795,201,D4,https://semilla-755.example.com/documento/755?origen=capacidad,,ok,
seed,756,0,8886.170,119.049,201,D5,https://semilla-756.example.com/documento/756?origen=capacidad,,ok,
seed,759,1,8913.623,101.905,201,D6,https://semilla-759.example.com/documento/759?origen=capacidad,,ok,
seed,767,3,8993.829,31.284,201,D7,https://semilla-767.example.com/documento/767?origen=capacidad,,ok,
seed,768,0,9005.420,28.675,201,D8,https://semilla-768.example.com/documento/768?origen=capacidad,,ok,
seed,760,9,8923.954,119.231,201,D9,https://semilla-760.example.com/documento/760?origen=capacidad,,ok,
seed,769,1,9015.682,36.093,201,DA,https://semilla-769.example.com/documento/769?origen=capacidad,,ok,
seed,761,2,8933.227,128.083,201,DB,https://semilla-761.example.com/documento/761?origen=capacidad,,ok,
seed,762,4,8943.713,126.400,201,DC,https://semilla-762.example.com/documento/762?origen=capacidad,,ok,
seed,772,9,9043.336,35.135,201,DD,https://semilla-772.example.com/documento/772?origen=capacidad,,ok,
seed,763,7,8953.185,138.493,201,DE,https://semilla-763.example.com/documento/763?origen=capacidad,,ok,
seed,764,6,8962.452,141.023,201,DF,https://semilla-764.example.com/documento/764?origen=capacidad,,ok,
seed,765,5,8973.478,140.467,201,DG,https://semilla-765.example.com/documento/765?origen=capacidad,,ok,
seed,766,8,8983.197,140.006,201,DH,https://semilla-766.example.com/documento/766?origen=capacidad,,ok,
seed,770,3,9025.284,106.801,201,DJ,https://semilla-770.example.com/documento/770?origen=capacidad,,ok,
seed,771,0,9034.240,107.509,201,DK,https://semilla-771.example.com/documento/771?origen=capacidad,,ok,
seed,773,1,9051.935,99.318,201,DL,https://semilla-773.example.com/documento/773?origen=capacidad,,ok,
seed,774,2,9061.443,98.994,201,DM,https://semilla-774.example.com/documento/774?origen=capacidad,,ok,
seed,775,4,9070.240,100.622,201,DN,https://semilla-775.example.com/documento/775?origen=capacidad,,ok,
seed,776,9,9078.653,102.828,201,DP,https://semilla-776.example.com/documento/776?origen=capacidad,,ok,
seed,777,7,9091.878,100.044,201,DQ,https://semilla-777.example.com/documento/777?origen=capacidad,,ok,
seed,785,4,9171.049,31.135,201,DR,https://semilla-785.example.com/documento/785?origen=capacidad,,ok,
seed,778,6,9103.644,109.622,201,DS,https://semilla-778.example.com/documento/778?origen=capacidad,,ok,
seed,779,5,9114.110,109.221,201,DT,https://semilla-779.example.com/documento/779?origen=capacidad,,ok,
seed,780,8,9123.342,110.642,201,DU,https://semilla-780.example.com/documento/780?origen=capacidad,,ok,
seed,781,3,9132.222,112.546,201,DV,https://semilla-781.example.com/documento/781?origen=capacidad,,ok,
seed,782,0,9141.966,112.862,201,DW,https://semilla-782.example.com/documento/782?origen=capacidad,,ok,
seed,783,1,9151.466,114.248,201,DX,https://semilla-783.example.com/documento/783?origen=capacidad,,ok,
seed,784,2,9160.619,114.540,201,DY,https://semilla-784.example.com/documento/784?origen=capacidad,,ok,
seed,786,9,9181.683,102.178,201,DZ,https://semilla-786.example.com/documento/786?origen=capacidad,,ok,
seed,787,7,9192.126,101.564,201,Da,https://semilla-787.example.com/documento/787?origen=capacidad,,ok,
seed,788,4,9202.386,100.535,201,Db,https://semilla-788.example.com/documento/788?origen=capacidad,,ok,
seed,789,6,9213.415,98.915,201,Dc,https://semilla-789.example.com/documento/789?origen=capacidad,,ok,
seed,790,5,9223.510,98.358,201,Dd,https://semilla-790.example.com/documento/790?origen=capacidad,,ok,
seed,791,8,9234.149,98.043,201,De,https://semilla-791.example.com/documento/791?origen=capacidad,,ok,
seed,792,3,9244.982,98.090,201,Df,https://semilla-792.example.com/documento/792?origen=capacidad,,ok,
seed,793,0,9255.167,97.701,201,Dg,https://semilla-793.example.com/documento/793?origen=capacidad,,ok,
seed,794,1,9265.884,96.609,201,Dh,https://semilla-794.example.com/documento/794?origen=capacidad,,ok,
seed,795,2,9275.334,95.724,201,Di,https://semilla-795.example.com/documento/795?origen=capacidad,,ok,
seed,796,9,9284.037,95.653,201,Dj,https://semilla-796.example.com/documento/796?origen=capacidad,,ok,
seed,797,7,9293.907,94.864,201,Dk,https://semilla-797.example.com/documento/797?origen=capacidad,,ok,
seed,798,4,9303.076,94.913,201,Dm,https://semilla-798.example.com/documento/798?origen=capacidad,,ok,
seed,799,6,9312.471,94.128,201,Dn,https://semilla-799.example.com/documento/799?origen=capacidad,,ok,
seed,800,5,9322.050,93.672,201,Do,https://semilla-800.example.com/documento/800?origen=capacidad,,ok,
seed,801,8,9332.363,92.006,201,Dp,https://semilla-801.example.com/documento/801?origen=capacidad,,ok,
seed,802,3,9343.279,90.579,201,Dq,https://semilla-802.example.com/documento/802?origen=capacidad,,ok,
seed,810,5,9415.870,27.564,201,Dr,https://semilla-810.example.com/documento/810?origen=capacidad,,ok,
seed,803,0,9353.065,99.742,201,Ds,https://semilla-803.example.com/documento/803?origen=capacidad,,ok,
seed,804,1,9362.629,99.208,201,Dt,https://semilla-804.example.com/documento/804?origen=capacidad,,ok,
seed,805,2,9371.178,99.674,201,Du,https://semilla-805.example.com/documento/805?origen=capacidad,,ok,
seed,806,9,9379.910,101.017,201,Dv,https://semilla-806.example.com/documento/806?origen=capacidad,,ok,
seed,807,7,9388.970,101.085,201,Dw,https://semilla-807.example.com/documento/807?origen=capacidad,,ok,
seed,808,4,9398.125,100.708,201,Dx,https://semilla-808.example.com/documento/808?origen=capacidad,,ok,
seed,817,9,9481.067,26.961,201,Dy,https://semilla-817.example.com/documento/817?origen=capacidad,,ok,
seed,809,6,9406.735,110.187,201,Dz,https://semilla-809.example.com/documento/809?origen=capacidad,,ok,
seed,811,8,9424.548,102.434,201,E1,https://semilla-811.example.com/documento/811?origen=capacidad,,ok,
seed,812,3,9434.000,102.483,201,E2,https://semilla-812.example.com/documento/812?origen=capacidad,,ok,
seed,813,5,9443.682,102.596,201,E3,https://semilla-813.example.com/documento/813?origen=capacidad,,ok,
seed,814,0,9452.959,102.090,201,E4,https://semilla-814.example.com/documento/814?origen=capacidad,,ok,
seed,815,1,9461.998,101.556,201,E5,https://semilla-815.example.com/documento/815?origen=capacidad,,ok,
seed,816,2,9471.052,102.246,201,E6,https://semilla-816.example.com/documento/816?origen=capacidad,,ok,
seed,818,7,9490.208,92.250,201,E7,https://semilla-818.example.com/documento/818?origen=capacidad,,ok,
seed,819,4,9499.005,92.943,201,E8,https://semilla-819.example.com/documento/819?origen=capacidad,,ok,
seed,820,9,9508.199,92.892,201,E9,https://semilla-820.example.com/documento/820?origen=capacidad,,ok,
seed,821,6,9517.087,93.424,201,EA,https://semilla-821.example.com/documento/821?origen=capacidad,,ok,
seed,822,8,9527.136,91.923,201,EB,https://semilla-822.example.com/documento/822?origen=capacidad,,ok,
seed,830,9,9601.260,27.745,201,EC,https://semilla-830.example.com/documento/830?origen=capacidad,,ok,
seed,823,3,9536.639,100.907,201,ED,https://semilla-823.example.com/documento/823?origen=capacidad,,ok,
seed,824,5,9546.415,100.514,201,EE,https://semilla-824.example.com/documento/824?origen=capacidad,,ok,
seed,825,0,9555.205,100.872,201,EF,https://semilla-825.example.com/documento/825?origen=capacidad,,ok,
seed,826,1,9563.688,101.752,201,EG,https://semilla-826.example.com/documento/826?origen=capacidad,,ok,
seed,827,2,9573.429,101.291,201,EH,https://semilla-827.example.com/documento/827?origen=capacidad,,ok,
seed,828,7,9582.598,100.757,201,EJ,https://semilla-828.example.com/documento/828?origen=capacidad,,ok,
seed,829,4,9592.128,99.954,201,EK,https://semilla-829.example.com/documento/829?origen=capacidad,,ok,
seed,831,6,9610.653,89.841,201,EL,https://semilla-831.example.com/documento/831?origen=capacidad,,ok,
seed,832,8,9619.224,90.690,201,EM,https://semilla-832.example.com/documento/832?origen=capacidad,,ok,
seed,833,9,9629.151,89.559,201,EN,https://semilla-833.example.com/documento/833?origen=capacidad,,ok,
seed,834,3,9637.692,91.466,201,EP,https://semilla-834.example.com/documento/834?origen=capacidad,,ok,
seed,835,5,9647.089,91.539,201,EQ,https://semilla-835.example.com/documento/835?origen=capacidad,,ok,
seed,836,0,9656.269,92.032,201,ER,https://semilla-836.example.com/documento/836?origen=capacidad,,ok,
seed,837,1,9665.587,91.384,201,ES,https://semilla-837.example.com/documento/837?origen=capacidad,,ok,
seed,838,2,9674.909,90.751,201,ET,https://semilla-838.example.com/documento/838?origen=capacidad,,ok,
seed,839,7,9683.478,91.025,201,EU,https://semilla-839.example.com/documento/839?origen=capacidad,,ok,
seed,840,4,9692.285,91.182,201,EV,https://semilla-840.example.com/documento/840?origen=capacidad,,ok,
seed,841,6,9700.627,92.702,201,EW,https://semilla-841.example.com/documento/841?origen=capacidad,,ok,
seed,842,8,9710.066,91.706,201,EX,https://semilla-842.example.com/documento/842?origen=capacidad,,ok,
seed,843,9,9718.868,92.546,201,EY,https://semilla-843.example.com/documento/843?origen=capacidad,,ok,
seed,851,6,9793.504,26.333,201,EZ,https://semilla-851.example.com/documento/851?origen=capacidad,,ok,
seed,844,3,9729.320,100.415,201,Ea,https://semilla-844.example.com/documento/844?origen=capacidad,,ok,
seed,845,5,9738.786,100.393,201,Eb,https://semilla-845.example.com/documento/845?origen=capacidad,,ok,
seed,846,0,9748.448,100.280,201,Ec,https://semilla-846.example.com/documento/846?origen=capacidad,,ok,
seed,847,1,9757.139,100.316,201,Ed,https://semilla-847.example.com/documento/847?origen=capacidad,,ok,
seed,848,2,9765.812,101.291,201,Ee,https://semilla-848.example.com/documento/848?origen=capacidad,,ok,
seed,849,7,9774.645,102.276,201,Ef,https://semilla-849.example.com/documento/849?origen=capacidad,,ok,
seed,850,4,9783.595,101.311,201,Eg,https://semilla-850.example.com/documento/850?origen=capacidad,,ok,
seed,852,8,9801.963,92.369,201,Eh,https://semilla-852.example.com/documento/852?origen=capacidad,,ok,
seed,860,7,9877.064,25.932,201,Ei,https://semilla-860.example.com/documento/860?origen=capacidad,,ok,
seed,853,9,9811.565,101.038,201,Ej,https://semilla-853.example.com/documento/853?origen=capacidad,,ok,
seed,854,6,9820.091,103.933,201,Ek,https://semilla-854.example.com/documento/854?origen=capacidad,,ok,
seed,863,7,9903.135,30.247,201,Em,https://semilla-863.example.com/documento/863?origen=capacidad,,ok,
seed,855,3,9829.900,112.589,201,En,https://semilla-855.example.com/documento/855?origen=capacidad,,ok,
seed,856,5,9839.331,112.175,201,Eo,https://semilla-856.example.com/documento/856?origen=capacidad,,ok,
seed,857,0,9848.924,111.574,201,Ep,https://semilla-857.example.com/documento/857?origen=capacidad,,ok,
seed,858,1,9857.629,111.235,201,Eq,https://semilla-858.example.com/documento/858?origen=capacidad,,ok,
seed,859,2,9867.283,110.977,201,Er,https://semilla-859.example.com/documento/859?origen=capacidad,,ok,
seed,861,4,9885.030,102.406,201,Es,https://semilla-861.example.com/documento/861?origen=capacidad,,ok,
seed,862,8,9894.462,102.402,201,Et,https://semilla-862.example.com/documento/862?origen=capacidad,,ok,
seed,864,9,9912.754,93.521,201,Eu,https://semilla-864.example.com/documento/864?origen=capacidad,,ok,
seed,865,6,9924.217,91.702,201,Ev,https://semilla-865.example.com/documento/865?origen=capacidad,,ok,
seed,866,7,9933.517,91.508,201,Ew,https://semilla-866.example.com/documento/866?origen=capacidad,,ok,
seed,874,9,10006.382,27.003,201,Ex,https://semilla-874.example.com/documento/874?origen=capacidad,,ok,
seed,867,3,9942.635,99.852,201,Ey,https://semilla-867.example.com/documento/867?origen=capacidad,,ok,
seed,876,7,10025.178,26.128,201,Ez,https://semilla-876.example.com/documento/876?origen=capacidad,,ok,
seed,868,5,9951.642,109.099,201,F1,https://semilla-868.example.com/documento/868?origen=capacidad,,ok,
seed,869,0,9960.635,108.319,201,F2,https://semilla-869.example.com/documento/869?origen=capacidad,,ok,
seed,870,1,9968.988,110.498,201,F3,https://semilla-870.example.com/documento/870?origen=capacidad,,ok,
seed,871,2,9978.407,109.682,201,F4,https://semilla-871.example.com/documento/871?origen=capacidad,,ok,
seed,872,4,9987.626,109.869,201,F5,https://semilla-872.example.com/documento/872?origen=capacidad,,ok,
seed,873,8,9997.016,109.344,201,F6,https://semilla-873.example.com/documento/873?origen=capacidad,,ok,
seed,875,6,10016.074,100.330,201,F7,https://semilla-875.example.com/documento/875?origen=capacidad,,ok,
seed,877,9,10033.512,91.572,201,F8,https://semilla-877.example.com/documento/877?origen=capacidad,,ok,
seed,878,3,10042.714,90.584,201,F9,https://semilla-878.example.com/documento/878?origen=capacidad,,ok,
seed,886,6,10116.558,25.555,201,FA,https://semilla-886.example.com/documento/886?origen=capacidad,,ok,
seed,879,7,10051.443,99.458,201,FB,https://semilla-879.example.com/documento/879?origen=capacidad,,ok,
seed,880,5,10060.902,100.184,201,FC,https://semilla-880.example.com/documento/880?origen=capacidad,,ok,
seed,881,0,10069.094,101.613,201,FD,https://semilla-881.example.com/documento/881?origen=capacidad,,ok,
seed,882,1,10079.620,100.855,201,FE,https://semilla-882.example.com/documento/882?origen=capacidad,,ok,
seed,883,2,10088.298,100.987,201,FF,https://semilla-883.example.com/documento/883?origen=capacidad,,ok,
seed,884,4,10097.633,101.859,201,FG,https://semilla-884.example.com/documento/884?origen=capacidad,,ok,
seed,885,8,10106.532,103.562,201,FH,https://semilla-885.example.com/documento/885?origen=capacidad,,ok,
seed,887,9,10125.228,93.058,201,FJ,https://semilla-887.example.com/documento/887?origen=capacidad,,ok,
seed,888,3,10133.419,94.115,201,FK,https://semilla-888.example.com/documento/888?origen=capacidad,,ok,
seed,896,8,10210.235,25.634,201,FL,https://semilla-896.example.com/documento/896?origen=capacidad,,ok,
seed,889,6,10142.301,103.421,201,FM,https://semilla-889.example.com/documento/889?origen=capacidad,,ok,
seed,890,7,10151.080,103.147,201,FN,https://semilla-890.example.com/documento/890?origen=capacidad,,ok,
seed,891,5,10161.241,102.261,201,FP,https://semilla-891.example.com/documento/891?origen=capacidad,,ok,
seed,892,0,10170.949,100.521,201,FQ,https://semilla-892.example.com/documento/892?origen=capacidad,,ok,
seed,893,1,10180.622,100.199,201,FR,https://semilla-893.example.com/documento/893?origen=capacidad,,ok,
seed,902,5,10263.630,31.075,201,FS,https://semilla-902.example.com/documento/902?origen=capacidad,,ok,
seed,894,2,10189.455,116.380,201,FT,https://semilla-894.example.com/documento/894?origen=capacidad,,ok,
seed,895,4,10199.647,118.383,201,FU,https://semilla-895.example.com/documento/895?origen=capacidad,,ok,
seed,897,9,10218.402,108.614,201,FV,https://semilla-897.example.com/documento/897?origen=capacidad,,ok,
seed,898,3,10227.670,107.735,201,FW,https://semilla-898.example.com/documento/898?origen=capacidad,,ok,
seed,899,8,10235.992,107.952,201,FX,https://semilla-899.example.com/documento/899?origen=capacidad,,ok,
seed,900,6,10245.884,106.277,201,FY,https://semilla-900.example.com/documento/900?origen=capacidad,,ok,
seed,901,7,10254.363,106.181,201,FZ,https://semilla-901.example.com/documento/901?origen=capacidad,,ok,
seed,909,3,10335.536,33.429,201,Fa,https://semilla-909.example.com/documento/909?origen=capacidad,,ok,
seed,903,0,10271.621,106.940,201,Fb,https://semilla-903.example.com/documento/903?origen=capacidad,,ok,
seed,904,1,10281.014,106.024,201,Fc,https://semilla-904.example.com/documento/904?origen=capacidad,,ok,
seed,905,5,10294.896,101.154,201,Fd,https://semilla-905.example.com/documento/905?origen=capacidad,,ok,
seed,906,2,10306.024,98.367,201,Fe,https://semilla-906.example.com/documento/906?origen=capacidad,,ok,
seed,907,4,10318.170,95.070,201,Ff,https://semilla-907.example.com/documento/907?origen=capacidad,,ok,
seed,908,9,10327.151,95.086,201,Fg,https://semilla-908.example.com/documento/908?origen=capacidad,,ok,
seed,910,8,10344.086,86.927,201,Fh,https://semilla-910.example.com/documento/910?origen=capacidad,,ok,
seed,911,6,10352.321,86.561,201,Fi,https://semilla-911.example.com/documento/911?origen=capacidad,,ok,
seed,912,7,10360.673,87.440,201,Fj,https://semilla-912.example.com/documento/912?origen=capacidad,,ok,
seed,920,8,10431.197,24.989,201,Fk,https://semilla-920.example.com/documento/920?origen=capacidad,,ok,
seed,913,3,10369.141,96.171,201,Fm,https://semilla-913.example.com/documento/913?origen=capacidad,,ok,
seed,922,7,10448.249,25.149,201,Fn,https://semilla-922.example.com/documento/922?origen=capacidad,,ok,
seed,914,0,10378.766,103.950,201,Fo,https://semilla-914.example.com/documento/914?origen=capacidad,,ok,
seed,915,1,10387.194,103.699,201,Fp,https://semilla-915.example.com/documento/915?origen=capacidad,,ok,
seed,924,3,10465.494,34.206,201,Fq,https://semilla-924.example.com/documento/924?origen=capacidad,,ok,
seed,926,0,10482.878,25.220,201,Fr,https://semilla-926.example.com/documento/926?origen=capacidad,,ok,
seed,916,5,10396.224,120.903,201,Fs,https://semilla-916.example.com/documento/916?origen=capacidad,,ok,
seed,917,2,10404.549,121.227,201,Ft,https://semilla-917.example.com/documento/917?origen=capacidad,,ok,
seed,918,4,10413.394,120.642,201,Fu,https://semilla-918.example.com/documento/918?origen=capacidad,,ok,
seed,930,5,10517.322,25.197,201,Fv,https://semilla-930.example.com/documento/930?origen=capacidad,,ok,
seed,919,9,10422.380,128.362,201,Fw,https://semilla-919.example.com/documento/919?origen=capacidad,,ok,
seed,921,6,10439.032,121.104,201,Fx,https://semilla-921.example.com/documento/921?origen=capacidad,,ok,
seed,923,8,10456.330,112.107,201,Fy,https://semilla-923.example.com/documento/923?origen=capacidad,,ok,
seed,925,7,10473.541,103.285,201,Fz,https://semilla-925.example.com/documento/925?origen=capacidad,,ok,
seed,927,1,10491.087,94.480,201,G1,https://semilla-927.example.com/documento/927?origen=capacidad,,ok,
seed,928,3,10499.889,94.159,201,G2,https://semilla-928.example.com/documento/928?origen=capacidad,,ok,
seed,931,2,10525.934,76.221,201,G3,https://semilla-931.example.com/documento/931?origen=capacidad,,ok,
seed,938,1,10585.714,25.318,201,G4,https://semilla-938.example.com/documento/938?origen=capacidad,,ok,
seed,929,0,10508.234,110.746,201,G5,https://semilla-929.example.com/documento/929?origen=capacidad,,ok,
seed,932,4,10534.152,93.806,201,G6,https://semilla-932.example.com/documento/932?origen=capacidad,,ok,
seed,941,1,10611.198,24.763,201,G7,https://semilla-941.example.com/documento/941?origen=capacidad,,ok,
seed,933,5,10542.666,102.301,201,G8,https://semilla-933.example.com/documento/933?origen=capacidad,,ok,
seed,943,4,10628.111,25.899,201,G9,https://semilla-943.example.com/documento/943?origen=capacidad,,ok,
seed,934,9,10550.922,111.849,201,GA,https://semilla-934.example.com/documento/934?origen=capacidad,,ok,
seed,935,6,10560.272,110.763,201,GB,https://semilla-935.example.com/documento/935?origen=capacidad,,ok,
seed,946,4,10654.142,25.623,201,GC,https://semilla-946.example.com/documento/946?origen=capacidad,,ok,
seed,936,8,10568.564,119.466,201,GD,https://semilla-936.example.com/documento/936?origen=capacidad,,ok,
seed,948,6,10671.174,25.584,201,GE,https://semilla-948.example.com/documento/948?origen=capacidad,,ok,
seed,937,7,10577.044,128.218,201,GF,https://semilla-937.example.com/documento/937?origen=capacidad,,ok,
seed,950,8,10688.180,26.081,201,GG,https://semilla-950.example.com/documento/950?origen=capacidad,,ok,
seed,939,3,10594.186,128.099,201,GH,https://semilla-939.example.com/documento/939?origen=capacidad,,ok,
seed,951,6,10696.976,34.495,201,GJ,https://semilla-951.example.com/documento/951?origen=capacidad,,ok,
seed,953,8,10714.400,26.040,201,GK,https://semilla-953.example.com/documento/953?origen=capacidad,,ok,
seed,954,3,10722.418,27.269,201,GL,https://semilla-954.example.com/documento/954?origen=capacidad,,ok,
seed,940,2,10602.305,156.417,201,GM,https://semilla-940.example.com/documento/940?origen=capacidad,,ok,
seed,942,0,10619.160,148.501,201,GN,https://semilla-942.example.com/documento/942?origen=capacidad,,ok,
seed,957,3,10749.765,26.704,201,GP,https://semilla-957.example.com/documento/957?origen=capacidad,,ok,
seed,944,1,10636.124,148.954,201,GQ,https://semilla-944.example.com/documento/944?origen=capacidad,,ok,
seed,959,0,10767.852,25.745,201,GR,https://semilla-959.example.com/documento/959?origen=capacidad,,ok,
seed,960,3,10776.670,25.371,201,GS,https://semilla-960.example.com/documento/960?origen=capacidad,,ok,
seed,945,5,10645.152,175.593,201,GT,https://semilla-945.example.com/documento/945?origen=capacidad,,ok,
seed,947,9,10662.944,179.952,201,GU,https://semilla-947.example.com/documento/947?origen=capacidad,,ok,
seed,949,4,10679.915,172.952,201,GV,https://semilla-949.example.com/documento/949?origen=capacidad,,ok,
seed,952,7,10705.398,156.327,201,GW,https://semilla-952.example.com/documento/952?origen=capacidad,,ok,
seed,955,6,10731.664,138.113,201,GX,https://semilla-955.example.com/documento/955?origen=capacidad,,ok,
seed,956,8,10740.627,137.928,201,GY,https://semilla-956.example.com/documento/956?origen=capacidad,,ok,
seed,967,7,10861.900,25.396,201,GZ,https://semilla-967.example.com/documento/967?origen=capacidad,,ok,
seed,958,2,10758.912,136.739,201,Ga,https://semilla-958.example.com/documento/958?origen=capacidad,,ok,
seed,961,1,10785.224,119.032,201,Gb,https://semilla-961.example.com/documento/961?origen=capacidad,,ok,
seed,962,0,10793.739,119.916,201,Gc,https://semilla-962.example.com/documento/962?origen=capacidad,,ok,
seed,970,7,10887.417,37.615,201,Gd,https://semilla-970.example.com/documento/970?origen=capacidad,,ok,
seed,963,3,10802.186,132.389,201,Ge,https://semilla-963.example.com/documento/963?origen=capacidad,,ok,
seed,973,0,10913.886,30.424,201,Gf,https://semilla-973.example.com/documento/973?origen=capacidad,,ok,
seed,964,5,10820.949,131.776,201,Gg,https://semilla-964.example.com/documento/964?origen=capacidad,,ok,
seed,965,9,10843.049,118.884,201,Gh,https://semilla-965.example.com/documento/965?origen=capacidad,,ok,
seed,966,4,10853.021,117.902,201,Gi,https://semilla-966.example.com/documento/966?origen=capacidad,,ok,
seed,968,6,10869.950,110.079,201,Gj,https://semilla-968.example.com/documento/968?origen=capacidad,,ok,
seed,969,8,10878.689,110.335,201,Gk,https://semilla-969.example.com/documento/969?origen=capacidad,,ok,
seed,971,2,10895.807,102.168,201,Gm,https://semilla-971.example.com/documento/971?origen=capacidad,,ok,
seed,972,1,10904.399,103.669,201,Gn,https://semilla-972.example.com/documento/972?origen=capacidad,,ok,
seed,981,8,10989.212,28.444,201,Go,https://semilla-981.example.com/documento/981?origen=capacidad,,ok,
seed,974,7,10925.220,100.838,201,Gp,https://semilla-974.example.com/documento/974?origen=capacidad,,ok,
seed,975,3,10934.725,100.353,201,Gq,https://semilla-975.example.com/documento/975?origen=capacidad,,ok,
seed,976,0,10944.440,100.235,201,Gr,https://semilla-976.example.com/documento/976?origen=capacidad,,ok,
seed,977,5,10952.865,100.276,201,Gs,https://semilla-977.example.com/documento/977?origen=capacidad,,ok,
seed,978,9,10962.068,99.644,201,Gt,https://semilla-978.example.com/documento/978?origen=capacidad,,ok,
seed,987,0,11044.919,25.549,201,Gu,https://semilla-987.example.com/documento/987?origen=capacidad,,ok,
seed,979,4,10971.107,107.659,201,Gv,https://semilla-979.example.com/documento/979?origen=capacidad,,ok,
seed,980,6,10980.179,107.080,201,Gw,https://semilla-980.example.com/documento/980?origen=capacidad,,ok,
seed,990,0,11070.649,25.643,201,Gx,https://semilla-990.example.com/documento/990?origen=capacidad,,ok,
seed,982,2,10998.157,107.340,201,Gy,https://semilla-982.example.com/documento/982?origen=capacidad,,ok,
seed,983,1,11008.207,105.727,201,Gz,https://semilla-983.example.com/documento/983?origen=capacidad,,ok,
seed,984,8,11017.814,103.783,201,H1,https://semilla-984.example.com/documento/984?origen=capacidad,,ok,
seed,994,2,11105.635,23.968,201,H2,https://semilla-994.example.com/documento/994?origen=capacidad,,ok,
seed,995,1,11114.079,24.059,201,H3,https://semilla-995.example.com/documento/995?origen=capacidad,,ok,
seed,996,8,11121.718,25.206,201,H4,https://semilla-996.example.com/documento/996?origen=capacidad,,ok,
seed,985,7,11026.189,129.463,201,H5,https://semilla-985.example.com/documento/985?origen=capacidad,,ok,
seed,986,3,11035.290,129.532,201,H6,https://semilla-986.example.com/documento/986?origen=capacidad,,ok,
seed,999,8,11147.086,26.556,201,H7,https://semilla-999.example.com/documento/999?origen=capacidad,,ok,
seed,988,5,11053.276,129.617,201,H8,https://semilla-988.example.com/documento/988?origen=capacidad,,ok,
seed,989,9,11061.925,129.780,201,H9,https://semilla-989.example.com/documento/989?origen=capacidad,,ok,
seed,991,4,11078.928,122.962,201,HA,https://semilla-991.example.com/documento/991?origen=capacidad,,ok,
seed,992,6,11087.382,123.637,201,HB,https://semilla-992.example.com/documento/992?origen=capacidad,,ok,
seed,993,0,11096.482,123.034,201,HC,https://semilla-993.example.com/documento/993?origen=capacidad,,ok,
seed,997,2,11129.734,98.136,201,HD,https://semilla-997.example.com/documento/997?origen=capacidad,,ok,
seed,998,1,11138.281,98.794,201,HE,https://semilla-998.example.com/documento/998?origen=capacidad,,ok,
warmup,2,2,11972.214,24.332,201,HF,https://warmup-2.example.com/r/2,,ok,
warmup,0,0,11971.930,34.690,201,HG,https://warmup-0.example.com/r/0,,ok,
warmup,6,6,11972.375,43.510,201,HH,https://warmup-6.example.com/r/6,,ok,
warmup,10,2,11996.818,28.289,201,HJ,https://warmup-10.example.com/r/10,,ok,
warmup,9,9,11972.501,61.762,201,HK,https://warmup-9.example.com/r/9,,ok,
warmup,8,8,11972.455,72.371,201,HL,https://warmup-8.example.com/r/8,,ok,
warmup,3,3,11972.255,82.459,201,HM,https://warmup-3.example.com/r/3,,ok,
warmup,5,5,11972.331,91.804,201,HN,https://warmup-5.example.com/r/5,,ok,
warmup,7,7,11972.416,101.310,201,HP,https://warmup-7.example.com/r/7,,ok,
warmup,15,8,12045.045,38.119,201,HQ,https://warmup-15.example.com/r/15,,ok,
warmup,4,4,11972.293,120.838,201,HR,https://warmup-4.example.com/r/4,,ok,
warmup,1,1,11972.151,130.310,201,HS,https://warmup-1.example.com/r/1,,ok,
warmup,11,0,12006.819,105.051,201,HT,https://warmup-11.example.com/r/11,,ok,
warmup,12,6,12016.007,105.480,201,HU,https://warmup-12.example.com/r/12,,ok,
warmup,20,4,12093.251,37.634,201,HV,https://warmup-20.example.com/r/20,,ok,
warmup,13,2,12025.226,115.029,201,HW,https://warmup-13.example.com/r/13,,ok,
warmup,14,9,12034.407,115.872,201,HX,https://warmup-14.example.com/r/14,,ok,
warmup,16,3,12054.856,105.032,201,HY,https://warmup-16.example.com/r/16,,ok,
warmup,17,5,12064.334,105.609,201,HZ,https://warmup-17.example.com/r/17,,ok,
warmup,18,7,12073.889,105.939,201,Ha,https://warmup-18.example.com/r/18,,ok,
warmup,19,8,12083.339,106.427,201,Hb,https://warmup-19.example.com/r/19,,ok,
warmup,21,1,12102.635,95.823,201,Hc,https://warmup-21.example.com/r/21,,ok,
warmup,22,0,12112.050,96.141,201,Hd,https://warmup-22.example.com/r/22,,ok,
warmup,30,8,12189.937,28.644,201,He,https://warmup-30.example.com/r/30,,ok,
warmup,23,6,12121.678,106.373,201,Hf,https://warmup-23.example.com/r/23,,ok,
warmup,24,4,12131.031,107.624,201,Hg,https://warmup-24.example.com/r/24,,ok,
warmup,25,2,12140.441,106.495,201,Hh,https://warmup-25.example.com/r/25,,ok,
warmup,34,6,12228.438,28.105,201,Hi,https://warmup-34.example.com/r/34,,ok,
warmup,26,9,12150.454,114.371,201,Hj,https://warmup-26.example.com/r/26,,ok,
warmup,27,3,12160.020,114.141,201,Hk,https://warmup-27.example.com/r/27,,ok,
warmup,37,6,12256.661,27.425,201,Hm,https://warmup-37.example.com/r/37,,ok,
warmup,28,5,12170.119,122.924,201,Hn,https://warmup-28.example.com/r/28,,ok,
warmup,35,4,12238.866,63.418,201,Ho,https://warmup-35.example.com/r/35,,ok,
warmup,29,7,12179.979,131.836,201,Hp,https://warmup-29.example.com/r/29,,ok,
warmup,31,1,12198.625,123.058,201,Hq,https://warmup-31.example.com/r/31,,ok,
warmup,32,0,12208.325,121.832,201,Hr,https://warmup-32.example.com/r/32,,ok,
warmup,33,8,12218.773,121.119,201,Hs,https://warmup-33.example.com/r/33,,ok,
warmup,36,2,12247.103,101.900,201,Ht,https://warmup-36.example.com/r/36,,ok,
warmup,44,1,12321.846,37.052,201,Hu,https://warmup-44.example.com/r/44,,ok,
warmup,38,9,12265.022,102.315,201,Hv,https://warmup-38.example.com/r/38,,ok,
warmup,39,3,12274.284,101.794,201,Hw,https://warmup-39.example.com/r/39,,ok,
warmup,40,6,12284.224,100.476,201,Hx,https://warmup-40.example.com/r/40,,ok,
warmup,41,5,12293.170,100.364,201,Hy,https://warmup-41.example.com/r/41,,ok,
warmup,42,4,12302.437,99.237,201,Hz,https://warmup-42.example.com/r/42,,ok,
warmup,43,7,12311.936,99.029,201,J1,https://warmup-43.example.com/r/43,,ok,
warmup,45,0,12330.292,90.040,201,J2,https://warmup-45.example.com/r/45,,ok,
warmup,52,5,12393.652,35.325,201,J3,https://warmup-52.example.com/r/52,,ok,
warmup,46,8,12340.056,98.546,201,J4,https://warmup-46.example.com/r/46,,ok,
warmup,47,2,12349.188,99.094,201,J5,https://warmup-47.example.com/r/47,,ok,
warmup,48,1,12359.027,98.787,201,J6,https://warmup-48.example.com/r/48,,ok,
warmup,49,9,12367.470,98.893,201,J7,https://warmup-49.example.com/r/49,,ok,
warmup,50,3,12376.237,99.735,201,J8,https://warmup-50.example.com/r/50,,ok,
warmup,59,1,12457.948,26.775,201,J9,https://warmup-59.example.com/r/59,,ok,
warmup,51,6,12384.902,109.085,201,JA,https://warmup-51.example.com/r/51,,ok,
warmup,53,4,12401.855,101.322,201,JB,https://warmup-53.example.com/r/53,,ok,
warmup,54,7,12411.139,101.118,201,JC,https://warmup-54.example.com/r/54,,ok,
warmup,55,0,12420.463,101.489,201,JD,https://warmup-55.example.com/r/55,,ok,
warmup,56,5,12429.104,101.204,201,JE,https://warmup-56.example.com/r/56,,ok,
warmup,57,8,12438.754,100.770,201,JF,https://warmup-57.example.com/r/57,,ok,
warmup,66,0,12522.106,26.284,201,JG,https://warmup-66.example.com/r/66,,ok,
warmup,58,2,12448.433,109.847,201,JH,https://warmup-58.example.com/r/58,,ok,
warmup,60,9,12466.485,100.556,201,JJ,https://warmup-60.example.com/r/60,,ok,
warmup,68,8,12539.658,36.785,201,JK,https://warmup-68.example.com/r/68,,ok,
warmup,70,2,12558.403,26.658,201,JL,https://warmup-70.example.com/r/70,,ok,
warmup,61,3,12476.104,117.720,201,JM,https://warmup-61.example.com/r/61,,ok,
warmup,62,1,12484.942,117.672,201,JN,https://warmup-62.example.com/r/62,,ok,
warmup,63,6,12494.111,117.661,201,JP,https://warmup-63.example.com/r/63,,ok,
warmup,64,4,12503.346,118.130,201,JQ,https://warmup-64.example.com/r/64,,ok,
warmup,65,7,12512.397,117.696,201,JR,https://warmup-65.example.com/r/65,,ok,
warmup,67,5,12530.467,109.400,201,JS,https://warmup-67.example.com/r/67,,ok,
warmup,69,0,12548.541,99.882,201,JT,https://warmup-69.example.com/r/69,,ok,
warmup,71,9,12567.176,91.732,201,JU,https://warmup-71.example.com/r/71,,ok,
warmup,79,5,12639.990,27.327,201,JV,https://warmup-79.example.com/r/79,,ok,
warmup,78,7,12630.225,46.439,201,JW,https://warmup-78.example.com/r/78,,ok,
warmup,72,8,12576.561,108.877,201,JX,https://warmup-72.example.com/r/72,,ok,
warmup,73,2,12585.217,108.626,201,JY,https://warmup-73.example.com/r/73,,ok,
warmup,74,3,12593.946,108.569,201,JZ,https://warmup-74.example.com/r/74,,ok,
warmup,75,1,12602.769,108.200,201,Ja,https://warmup-75.example.com/r/75,,ok,
warmup,85,2,12693.973,25.435,201,Jb,https://warmup-85.example.com/r/85,,ok,
warmup,76,6,12611.950,115.757,201,Jc,https://warmup-76.example.com/r/76,,ok,
warmup,87,1,12711.089,25.230,201,Jd,https://warmup-87.example.com/r/87,,ok,
warmup,77,4,12621.604,124.000,201,Je,https://warmup-77.example.com/r/77,,ok,
warmup,80,0,12648.565,105.413,201,Jf,https://warmup-80.example.com/r/80,,ok,
warmup,81,9,12659.052,103.155,201,Jg,https://warmup-81.example.com/r/81,,ok,
warmup,91,4,12745.736,24.973,201,Jh,https://warmup-91.example.com/r/91,,ok,
warmup,82,5,12667.445,111.375,201,Ji,https://warmup-82.example.com/r/82,,ok,
warmup,83,7,12676.815,110.538,201,Jj,https://warmup-83.example.com/r/83,,ok,
warmup,84,8,12685.573,109.958,201,Jk,https://warmup-84.example.com/r/84,,ok,
warmup,86,3,12702.698,101.783,201,Jm,https://warmup-86.example.com/r/86,,ok,
warmup,88,2,12719.527,94.337,201,Jn,https://warmup-88.example.com/r/88,,ok,
warmup,89,6,12727.852,95.329,201,Jo,https://warmup-89.example.com/r/89,,ok,
warmup,98,3,12804.657,26.915,201,Jp,https://warmup-98.example.com/r/98,,ok,
warmup,99,2,12814.009,26.510,201,Jq,https://warmup-99.example.com/r/99,,ok,
warmup,90,1,12736.454,111.695,201,Jr,https://warmup-90.example.com/r/90,,ok,
warmup,92,0,12754.104,103.286,201,Js,https://warmup-92.example.com/r/92,,ok,
warmup,93,9,12762.320,105.365,201,Jt,https://warmup-93.example.com/r/93,,ok,
warmup,103,1,12848.263,29.126,201,Ju,https://warmup-103.example.com/r/103,,ok,
warmup,94,4,12770.880,115.090,201,Jv,https://warmup-94.example.com/r/94,,ok,
warmup,102,2,12840.637,54.062,201,Jw,https://warmup-102.example.com/r/102,,ok,
warmup,95,5,12778.942,124.371,201,Jx,https://warmup-95.example.com/r/95,,ok,
warmup,96,7,12787.478,124.522,201,Jy,https://warmup-96.example.com/r/96,,ok,
warmup,97,8,12795.643,125.099,201,Jz,https://warmup-97.example.com/r/97,,ok,
warmup,100,6,12823.304,105.435,201,K1,https://warmup-100.example.com/r/100,,ok,
warmup,101,3,12831.742,105.628,201,K2,https://warmup-101.example.com/r/101,,ok,
warmup,104,0,12857.523,88.693,201,K3,https://warmup-104.example.com/r/104,,ok,
warmup,105,9,12867.846,86.687,201,K4,https://warmup-105.example.com/r/105,,ok,
warmup,113,3,12937.449,25.599,201,K5,https://warmup-113.example.com/r/113,,ok,
warmup,106,1,12877.521,94.528,201,K6,https://warmup-106.example.com/r/106,,ok,
warmup,107,4,12886.149,94.284,201,K7,https://warmup-107.example.com/r/107,,ok,
warmup,108,2,12894.830,94.501,201,K8,https://warmup-108.example.com/r/108,,ok,
warmup,109,5,12903.482,94.099,201,K9,https://warmup-109.example.com/r/109,,ok,
warmup,110,7,12912.110,93.634,201,KA,https://warmup-110.example.com/r/110,,ok,
warmup,111,8,12920.908,94.747,201,KB,https://warmup-111.example.com/r/111,,ok,
warmup,112,6,12928.873,96.955,201,KC,https://warmup-112.example.com/r/112,,ok,
warmup,120,5,12997.689,37.168,201,KD,https://warmup-120.example.com/r/120,,ok,
warmup,114,0,12946.342,98.631,201,KE,https://warmup-114.example.com/r/114,,ok,
warmup,115,9,12954.670,99.578,201,KF,https://warmup-115.example.com/r/115,,ok,
warmup,116,3,12963.163,99.474,201,KG,https://warmup-116.example.com/r/116,,ok,
warmup,117,1,12972.182,99.312,201,KH,https://warmup-117.example.com/r/117,,ok,
warmup,118,4,12980.588,100.324,201,KJ,https://warmup-118.example.com/r/118,,ok,
warmup,119,2,12989.441,99.326,201,KK,https://warmup-119.example.com/r/119,,ok,
warmup,121,7,13005.893,91.693,201,KL,https://warmup-121.example.com/r/121,,ok,
warmup,122,8,13015.830,90.555,201,KM,https://warmup-122.example.com/r/122,,ok,
warmup,130,2,13088.915,26.163,201,KN,https://warmup-130.example.com/r/130,,ok,
warmup,131,7,13097.708,26.587,201,KP,https://warmup-131.example.com/r/131,,ok,
warmup,129,4,13081.034,51.633,201,KQ,https://warmup-129.example.com/r/129,,ok,
warmup,123,6,13025.951,116.265,201,KR,https://warmup-123.example.com/r/123,,ok,
warmup,124,5,13035.045,116.049,201,KS,https://warmup-124.example.com/r/124,,ok,
warmup,125,0,13045.095,115.845,201,KT,https://warmup-125.example.com/r/125,,ok,
warmup,126,9,13054.378,115.599,201,KU,https://warmup-126.example.com/r/126,,ok,
warmup,127,3,13062.779,116.722,201,KV,https://warmup-127.example.com/r/127,,ok,
warmup,138,0,13161.113,27.165,201,KW,https://warmup-138.example.com/r/138,,ok,
warmup,128,1,13071.627,125.957,201,KX,https://warmup-128.example.com/r/128,,ok,
warmup,132,8,13106.516,101.902,201,KY,https://warmup-132.example.com/r/132,,ok,
warmup,140,3,13179.664,38.914,201,KZ,https://warmup-140.example.com/r/140,,ok,
warmup,141,0,13188.361,40.270,201,Ka,https://warmup-141.example.com/r/141,,ok,
warmup,133,2,13115.189,123.093,201,Kb,https://warmup-133.example.com/r/133,,ok,
warmup,134,7,13124.426,122.950,201,Kc,https://warmup-134.example.com/r/134,,ok,
warmup,135,4,13132.780,124.002,201,Kd,https://warmup-135.example.com/r/135,,ok,
warmup,146,2,13238.349,27.903,201,Ke,https://warmup-146.example.com/r/146,,ok,
warmup,136,6,13142.403,134.999,201,Kf,https://warmup-136.example.com/r/136,,ok,
warmup,137,5,13151.233,135.596,201,Kg,https://warmup-137.example.com/r/137,,ok,
warmup,139,9,13170.164,126.234,201,Kh,https://warmup-139.example.com/r/139,,ok,
warmup,142,1,13197.759,107.300,201,Ki,https://warmup-142.example.com/r/142,,ok,
warmup,143,8,13208.565,105.215,201,Kj,https://warmup-143.example.com/r/143,,ok,
warmup,152,9,13296.578,26.223,201,Kk,https://warmup-152.example.com/r/152,,ok,
warmup,144,3,13218.710,113.300,201,Km,https://warmup-144.example.com/r/144,,ok,
warmup,153,1,13305.161,35.342,201,Kn,https://warmup-153.example.com/r/153,,ok,
warmup,145,0,13228.780,121.147,201,Ko,https://warmup-145.example.com/r/145,,ok,
warmup,147,7,13247.532,111.661,201,Kp,https://warmup-147.example.com/r/147,,ok,
warmup,156,3,13332.172,35.551,201,Kq,https://warmup-156.example.com/r/156,,ok,
warmup,148,4,13256.956,120.717,201,Kr,https://warmup-148.example.com/r/148,,ok,
warmup,149,2,13266.414,119.737,201,Ks,https://warmup-149.example.com/r/149,,ok,
warmup,150,6,13277.531,118.561,201,Kt,https://warmup-150.example.com/r/150,,ok,
warmup,151,5,13287.046,118.118,201,Ku,https://warmup-151.example.com/r/151,,ok,
warmup,154,8,13313.952,101.572,201,Kv,https://warmup-154.example.com/r/154,,ok,
warmup,163,6,13396.221,28.957,201,Kw,https://warmup-163.example.com/r/163,,ok,
warmup,155,9,13322.983,110.875,201,Kx,https://warmup-155.example.com/r/155,,ok,
warmup,157,1,13340.677,102.847,201,Ky,https://warmup-157.example.com/r/157,,ok,
warmup,158,0,13350.048,101.494,201,Kz,https://warmup-158.example.com/r/158,,ok,
warmup,159,7,13359.315,102.212,201,L1,https://warmup-159.example.com/r/159,,ok,
warmup,160,3,13367.857,102.302,201,L2,https://warmup-160.example.com/r/160,,ok,
warmup,161,4,13377.812,101.449,201,L3,https://warmup-161.example.com/r/161,,ok,
warmup,170,7,13461.685,26.240,201,L4,https://warmup-170.example.com/r/170,,ok,
warmup,171,3,13470.284,26.376,201,L5,https://warmup-171.example.com/r/171,,ok,
warmup,162,2,13386.276,119.349,201,L6,https://warmup-162.example.com/r/162,,ok,
warmup,172,4,13479.351,35.204,201,L7,https://warmup-172.example.com/r/172,,ok,
warmup,164,5,13405.290,117.443,201,L8,https://warmup-164.example.com/r/164,,ok,
warmup,165,8,13415.647,116.160,201,L9,https://warmup-165.example.com/r/165,,ok,
warmup,166,6,13425.298,114.721,201,LA,https://warmup-166.example.com/r/166,,ok,
warmup,167,9,13434.018,114.807,201,LB,https://warmup-167.example.com/r/167,,ok,
warmup,168,1,13443.650,114.522,201,LC,https://warmup-168.example.com/r/168,,ok,
warmup,178,8,13531.944,34.712,201,LD,https://warmup-178.example.com/r/178,,ok,
warmup,169,0,13451.666,123.592,201,LE,https://warmup-169.example.com/r/169,,ok,
warmup,173,7,13488.093,95.564,201,LF,https://warmup-173.example.com/r/173,,ok,
warmup,182,8,13566.769,25.740,201,LG,https://warmup-182.example.com/r/182,,ok,
warmup,174,3,13496.838,104.693,201,LH,https://warmup-174.example.com/r/174,,ok,
warmup,175,2,13505.781,105.054,201,LJ,https://warmup-175.example.com/r/175,,ok,
warmup,176,4,13514.666,105.980,201,LK,https://warmup-176.example.com/r/176,,ok,
warmup,177,5,13522.865,107.358,201,LL,https://warmup-177.example.com/r/177,,ok,
warmup,179,6,13540.183,98.836,201,LM,https://warmup-179.example.com/r/179,,ok,
warmup,180,9,13548.998,99.075,201,LN,https://warmup-180.example.com/r/180,,ok,
warmup,181,1,13558.302,98.892,201,LP,https://warmup-181.example.com/r/181,,ok,
warmup,183,0,13575.376,91.286,201,LQ,https://warmup-183.example.com/r/183,,ok,
warmup,184,7,13583.777,92.153,201,LR,https://warmup-184.example.com/r/184,,ok,
warmup,185,8,13592.675,91.935,201,LS,https://warmup-185.example.com/r/185,,ok,
warmup,186,3,13601.655,92.677,201,LT,https://warmup-186.example.com/r/186,,ok,
warmup,187,2,13610.978,91.957,201,LU,https://warmup-187.example.com/r/187,,ok,
warmup,188,4,13620.785,92.557,201,LV,https://warmup-188.example.com/r/188,,ok,
warmup,189,5,13630.352,91.631,201,LW,https://warmup-189.example.com/r/189,,ok,
warmup,190,6,13639.151,93.008,201,LX,https://warmup-190.example.com/r/190,,ok,
warmup,191,9,13648.190,92.852,201,LY,https://warmup-191.example.com/r/191,,ok,
warmup,192,1,13657.360,92.478,201,LZ,https://warmup-192.example.com/r/192,,ok,
warmup,193,0,13666.775,91.099,201,La,https://warmup-193.example.com/r/193,,ok,
warmup,194,7,13676.057,90.036,201,Lb,https://warmup-194.example.com/r/194,,ok,
warmup,195,8,13684.731,89.770,201,Lc,https://warmup-195.example.com/r/195,,ok,
warmup,196,3,13694.457,88.477,201,Ld,https://warmup-196.example.com/r/196,,ok,
warmup,197,2,13703.111,88.799,201,Le,https://warmup-197.example.com/r/197,,ok,
warmup,198,4,13713.476,87.562,201,Lf,https://warmup-198.example.com/r/198,,ok,
warmup,199,5,13722.105,88.587,201,Lg,https://warmup-199.example.com/r/199,,ok,
create,1,1,13973.544,12.294,201,Lh,https://carga-1.example.com/recurso/1?x=1&y=2,,ok,
create,2,2,13973.687,20.673,201,Li,https://carga-2.example.com/recurso/2?x=1&y=2,,ok,
create,0,0,13973.146,30.783,201,Lj,https://carga-0.example.com/recurso/0?x=1&y=2,,ok,
create,3,3,13973.770,39.326,201,Lk,https://carga-3.example.com/recurso/3?x=1&y=2,,ok,
create,10,1,13985.974,34.772,201,Lm,https://carga-10.example.com/recurso/10?x=1&y=2,,ok,
create,4,4,13973.872,56.484,201,Ln,https://carga-4.example.com/recurso/4?x=1&y=2,,ok,
create,5,5,13973.948,66.171,201,Lo,https://carga-5.example.com/recurso/5?x=1&y=2,,ok,
create,7,7,13974.111,74.725,201,Lp,https://carga-7.example.com/recurso/7?x=1&y=2,,ok,
create,6,6,13974.025,84.016,201,Lq,https://carga-6.example.com/recurso/6?x=1&y=2,,ok,
create,8,8,13974.189,92.988,201,Lr,https://carga-8.example.com/recurso/8?x=1&y=2,,ok,
create,9,9,13974.257,101.970,201,Ls,https://carga-9.example.com/recurso/9?x=1&y=2,,ok,
create,11,2,13994.499,90.044,201,Lt,https://carga-11.example.com/recurso/11?x=1&y=2,,ok,
create,12,0,14004.060,89.327,201,Lu,https://carga-12.example.com/recurso/12?x=1&y=2,,ok,
create,13,3,14013.231,88.157,201,Lv,https://carga-13.example.com/recurso/13?x=1&y=2,,ok,
create,14,1,14020.874,88.972,201,Lw,https://carga-14.example.com/recurso/14?x=1&y=2,,ok,
create,15,4,14030.485,88.384,201,Lx,https://carga-15.example.com/recurso/15?x=1&y=2,,ok,
create,22,0,14093.521,34.664,201,Ly,https://carga-22.example.com/recurso/22?x=1&y=2,,ok,
create,16,5,14040.287,97.292,201,Lz,https://carga-16.example.com/recurso/16?x=1&y=2,,ok,
create,17,7,14049.029,98.266,201,M1,https://carga-17.example.com/recurso/17?x=1&y=2,,ok,
create,18,6,14058.221,98.056,201,M2,https://carga-18.example.com/recurso/18?x=1&y=2,,ok,
create,19,8,14067.306,99.413,201,M3,https://carga-19.example.com/recurso/19?x=1&y=2,,ok,
create,20,9,14076.449,99.614,201,M4,https://carga-20.example.com/recurso/20?x=1&y=2,,ok,
create,21,2,14084.651,100.007,201,M5,https://carga-21.example.com/recurso/21?x=1&y=2,,ok,
create,23,3,14101.515,92.457,201,M6,https://carga-23.example.com/recurso/23?x=1&y=2,,ok,
create,24,1,14109.955,92.508,201,M7,https://carga-24.example.com/recurso/24?x=1&y=2,,ok,
create,25,4,14118.992,92.288,201,M8,https://carga-25.example.com/recurso/25?x=1&y=2,,ok,
create,26,0,14128.354,92.125,201,M9,https://carga-26.example.com/recurso/26?x=1&y=2,,ok,
create,27,5,14137.711,91.792,201,MA,https://carga-27.example.com/recurso/27?x=1&y=2,,ok,
create,28,7,14147.423,90.338,201,MB,https://carga-28.example.com/recurso/28?x=1&y=2,,ok,
create,29,6,14156.472,91.467,201,MC,https://carga-29.example.com/recurso/29?x=1&y=2,,ok,
create,30,8,14166.869,90.003,201,MD,https://carga-30.example.com/recurso/30?x=1&y=2,,ok,
create,31,9,14176.177,90.342,201,ME,https://carga-31.example.com/recurso/31?x=1&y=2,,ok,
create,32,2,14184.781,90.657,201,MF,https://carga-32.example.com/recurso/32?x=1&y=2,,ok,
create,33,3,14194.111,90.001,201,MG,https://carga-33.example.com/recurso/33?x=1&y=2,,ok,
create,34,1,14202.572,90.003,201,MH,https://carga-34.example.com/recurso/34?x=1&y=2,,ok,
create,35,4,14211.451,89.138,201,MJ,https://carga-35.example.com/recurso/35?x=1&y=2,,ok,
create,43,3,14284.272,25.045,201,MK,https://carga-43.example.com/recurso/43?x=1&y=2,,ok,
create,36,0,14220.596,97.231,201,ML,https://carga-36.example.com/recurso/36?x=1&y=2,,ok,
create,37,5,14229.677,96.931,201,MM,https://carga-37.example.com/recurso/37?x=1&y=2,,ok,
create,38,7,14237.919,97.577,201,MN,https://carga-38.example.com/recurso/38?x=1&y=2,,ok,
create,44,1,14292.702,52.105,201,MP,https://carga-44.example.com/recurso/44?x=1&y=2,,ok,
create,39,6,14248.077,106.071,201,MQ,https://carga-39.example.com/recurso/39?x=1&y=2,,ok,
create,40,8,14257.051,107.175,201,MR,https://carga-40.example.com/recurso/40?x=1&y=2,,ok,
create,41,9,14266.645,107.427,201,MS,https://carga-41.example.com/recurso/41?x=1&y=2,,ok,
create,42,2,14275.549,108.096,201,MT,https://carga-42.example.com/recurso/42?x=1&y=2,,ok,
create,45,4,14300.721,92.084,201,MU,https://carga-45.example.com/recurso/45?x=1&y=2,,ok,
create,46,3,14309.485,92.000,201,MV,https://carga-46.example.com/recurso/46?x=1&y=2,,ok,
create,47,0,14317.970,92.484,201,MW,https://carga-47.example.com/recurso/47?x=1&y=2,,ok,
create,48,5,14326.732,92.679,201,MX,https://carga-48.example.com/recurso/48?x=1&y=2,,ok,
create,49,7,14335.620,93.535,201,MY,https://carga-49.example.com/recurso/49?x=1&y=2,,ok,
create,50,1,14344.977,92.935,201,MZ,https://carga-50.example.com/recurso/50?x=1&y=2,,ok,
create,51,6,14354.274,93.097,201,Ma,https://carga-51.example.com/recurso/51?x=1&y=2,,ok,
create,52,8,14364.350,91.585,201,Mb,https://carga-52.example.com/recurso/52?x=1&y=2,,ok,
create,60,1,14438.074,27.674,201,Mc,https://carga-60.example.com/recurso/60?x=1&y=2,,ok,
create,53,9,14374.243,102.070,201,Md,https://carga-53.example.com/recurso/53?x=1&y=2,,ok,
create,54,2,14383.821,101.304,201,Me,https://carga-54.example.com/recurso/54?x=1&y=2,,ok,
create,55,4,14392.990,100.632,201,Mf,https://carga-55.example.com/recurso/55?x=1&y=2,,ok,
create,56,3,14401.658,100.356,201,Mg,https://carga-56.example.com/recurso/56?x=1&y=2,,ok,
create,65,2,14485.296,24.912,201,Mh,https://carga-65.example.com/recurso/65?x=1&y=2,,ok,
create,66,4,14493.799,25.359,201,Mi,https://carga-66.example.com/recurso/66?x=1&y=2,,ok,
create,67,3,14502.185,25.908,201,Mj,https://carga-67.example.com/recurso/67?x=1&y=2,,ok,
create,57,0,14410.583,127.308,201,Mk,https://carga-57.example.com/recurso/57?x=1&y=2,,ok,
create,69,4,14519.353,30.830,201,Mm,https://carga-69.example.com/recurso/69?x=1&y=2,,ok,
create,58,5,14419.529,142.131,201,Mn,https://carga-58.example.com/recurso/58?x=1&y=2,,ok,
create,59,7,14429.289,143.836,201,Mo,https://carga-59.example.com/recurso/59?x=1&y=2,,ok,
create,61,6,14447.504,138.642,201,Mp,https://carga-61.example.com/recurso/61?x=1&y=2,,ok,
create,62,8,14456.073,143.344,201,Mq,https://carga-62.example.com/recurso/62?x=1&y=2,,ok,
create,72,4,14550.356,59.861,201,Mr,https://carga-72.example.com/recurso/72?x=1&y=2,,ok,
create,70,3,14528.214,91.336,201,Ms,https://carga-70.example.com/recurso/70?x=1&y=2,,ok,
create,63,1,14465.935,162.607,201,Mt,https://carga-63.example.com/recurso/63?x=1&y=2,,ok,
create,64,9,14476.442,161.456,201,Mu,https://carga-64.example.com/recurso/64?x=1&y=2,,ok,
create,68,2,14510.371,137.205,201,Mv,https://carga-68.example.com/recurso/68?x=1&y=2,,ok,
create,79,1,14628.713,28.214,201,Mw,https://carga-79.example.com/recurso/79?x=1&y=2,,ok,
create,71,0,14538.057,129.284,201,Mx,https://carga-71.example.com/recurso/71?x=1&y=2,,ok,
create,73,5,14561.814,114.851,201,My,https://carga-73.example.com/recurso/73?x=1&y=2,,ok,
create,82,1,14657.102,29.240,201,Mz,https://carga-82.example.com/recurso/82?x=1&y=2,,ok,
create,83,0,14667.479,27.739,201,N1,https://carga-83.example.com/recurso/83?x=1&y=2,,ok,
create,74,7,14573.307,131.315,201,N2,https://carga-74.example.com/recurso/74?x=1&y=2,,ok,
create,75,6,14586.320,127.796,201,N3,https://carga-75.example.com/recurso/75?x=1&y=2,,ok,
create,76,8,14599.584,123.609,201,N4,https://carga-76.example.com/recurso/76?x=1&y=2,,ok,
create,77,4,14610.377,123.018,201,N5,https://carga-77.example.com/recurso/77?x=1&y=2,,ok,
create,78,3,14619.673,124.486,201,N6,https://carga-78.example.com/recurso/78?x=1&y=2,,ok,
create,80,9,14638.062,117.471,201,N7,https://carga-80.example.com/recurso/80?x=1&y=2,,ok,
create,81,2,14647.775,120.540,201,N8,https://carga-81.example.com/recurso/81?x=1&y=2,,ok,
create,84,5,14676.852,104.404,201,N9,https://carga-84.example.com/recurso/84?x=1&y=2,,ok,
create,85,1,14686.457,110.824,201,NA,https://carga-85.example.com/recurso/85?x=1&y=2,,ok,
create,86,0,14695.384,114.867,201,NB,https://carga-86.example.com/recurso/86?x=1&y=2,,ok,
create,87,7,14704.810,118.338,201,NC,https://carga-87.example.com/recurso/87?x=1&y=2,,ok,
create,88,6,14714.268,121.494,201,ND,https://carga-88.example.com/recurso/88?x=1&y=2,,ok,
create,89,8,14723.356,125.134,201,NE,https://carga-89.example.com/recurso/89?x=1&y=2,,ok,
create,90,4,14733.523,127.860,201,NF,https://carga-90.example.com/recurso/90?x=1&y=2,,ok,
create,91,3,14744.343,129.590,201,NG,https://carga-91.example.com/recurso/91?x=1&y=2,,ok,
create,92,9,14755.663,130.917,201,NH,https://carga-92.example.com/recurso/92?x=1&y=2,,ok,
create,93,2,14768.492,129.011,201,NJ,https://carga-93.example.com/recurso/93?x=1&y=2,,ok,
create,94,5,14781.426,127.358,201,NK,https://carga-94.example.com/recurso/94?x=1&y=2,,ok,
create,95,1,14797.422,121.024,201,NL,https://carga-95.example.com/recurso/95?x=1&y=2,,ok,
create,96,0,14810.413,117.039,201,NM,https://carga-96.example.com/recurso/96?x=1&y=2,,ok,
create,97,7,14823.275,114.618,201,NN,https://carga-97.example.com/recurso/97?x=1&y=2,,ok,
create,98,6,14835.904,112.245,201,NP,https://carga-98.example.com/recurso/98?x=1&y=2,,ok,
create,99,8,14848.644,108.265,201,NQ,https://carga-99.example.com/recurso/99?x=1&y=2,,ok,
create,100,4,14861.539,105.290,201,NR,https://carga-100.example.com/recurso/100?x=1&y=2,,ok,
create,101,3,14874.068,101.855,201,NS,https://carga-101.example.com/recurso/101?x=1&y=2,,ok,
create,102,9,14886.697,99.902,201,NT,https://carga-102.example.com/recurso/102?x=1&y=2,,ok,
create,103,2,14897.661,98.548,201,NU,https://carga-103.example.com/recurso/103?x=1&y=2,,ok,
create,104,5,14908.960,183.995,201,NV,https://carga-104.example.com/recurso/104?x=1&y=2,,ok,
create,105,1,14918.570,184.393,201,NW,https://carga-105.example.com/recurso/105?x=1&y=2,,ok,
create,106,0,14927.619,184.619,201,NX,https://carga-106.example.com/recurso/106?x=1&y=2,,ok,
create,107,7,14938.061,182.852,201,NY,https://carga-107.example.com/recurso/107?x=1&y=2,,ok,
create,108,6,14948.261,181.072,201,NZ,https://carga-108.example.com/recurso/108?x=1&y=2,,ok,
create,109,8,14957.026,181.682,201,Na,https://carga-109.example.com/recurso/109?x=1&y=2,,ok,
create,110,4,14966.962,183.601,201,Nb,https://carga-110.example.com/recurso/110?x=1&y=2,,ok,
create,111,3,14976.051,184.466,201,Nc,https://carga-111.example.com/recurso/111?x=1&y=2,,ok,
create,112,9,14986.714,183.803,201,Nd,https://carga-112.example.com/recurso/112?x=1&y=2,,ok,
create,113,2,14996.333,185.251,201,Ne,https://carga-113.example.com/recurso/113?x=1&y=2,,ok,
create,114,5,15093.136,98.223,201,Nf,https://carga-114.example.com/recurso/114?x=1&y=2,,ok,
create,115,1,15103.085,98.215,201,Ng,https://carga-115.example.com/recurso/115?x=1&y=2,,ok,
create,116,0,15112.349,98.261,201,Nh,https://carga-116.example.com/recurso/116?x=1&y=2,,ok,
create,117,7,15121.029,99.665,201,Ni,https://carga-117.example.com/recurso/117?x=1&y=2,,ok,
create,118,6,15129.457,100.507,201,Nj,https://carga-118.example.com/recurso/118?x=1&y=2,,ok,
create,119,8,15138.881,101.466,201,Nk,https://carga-119.example.com/recurso/119?x=1&y=2,,ok,
create,120,4,15150.698,101.339,201,Nm,https://carga-120.example.com/recurso/120?x=1&y=2,,ok,
create,121,3,15160.654,101.099,201,Nn,https://carga-121.example.com/recurso/121?x=1&y=2,,ok,
create,122,9,15170.688,100.315,201,No,https://carga-122.example.com/recurso/122?x=1&y=2,,ok,
create,123,2,15181.700,100.016,201,Np,https://carga-123.example.com/recurso/123?x=1&y=2,,ok,
create,124,5,15191.519,100.668,201,Nq,https://carga-124.example.com/recurso/124?x=1&y=2,,ok,
create,125,1,15201.453,101.944,201,Nr,https://carga-125.example.com/recurso/125?x=1&y=2,,ok,
create,126,0,15210.851,101.470,201,Ns,https://carga-126.example.com/recurso/126?x=1&y=2,,ok,
create,127,7,15220.836,101.900,201,Nt,https://carga-127.example.com/recurso/127?x=1&y=2,,ok,
create,128,6,15230.109,106.466,201,Nu,https://carga-128.example.com/recurso/128?x=1&y=2,,ok,
create,129,8,15240.481,105.499,201,Nv,https://carga-129.example.com/recurso/129?x=1&y=2,,ok,
create,130,4,15252.172,104.157,201,Nw,https://carga-130.example.com/recurso/130?x=1&y=2,,ok,
create,131,3,15261.958,104.109,201,Nx,https://carga-131.example.com/recurso/131?x=1&y=2,,ok,
create,132,9,15271.133,107.388,201,Ny,https://carga-132.example.com/recurso/132?x=1&y=2,,ok,
create,133,2,15281.886,108.465,201,Nz,https://carga-133.example.com/recurso/133?x=1&y=2,,ok,
create,134,5,15292.317,112.124,201,P1,https://carga-134.example.com/recurso/134?x=1&y=2,,ok,
create,135,1,15303.513,115.767,201,P2,https://carga-135.example.com/recurso/135?x=1&y=2,,ok,
create,136,0,15312.498,124.067,201,P3,https://carga-136.example.com/recurso/136?x=1&y=2,,ok,
create,137,7,15323.066,128.646,201,P4,https://carga-137.example.com/recurso/137?x=1&y=2,,ok,
create,138,6,15336.739,125.709,201,P5,https://carga-138.example.com/recurso/138?x=1&y=2,,ok,
create,139,8,15346.138,127.109,201,P6,https://carga-139.example.com/recurso/139?x=1&y=2,,ok,
create,140,4,15356.446,131.765,201,P7,https://carga-140.example.com/recurso/140?x=1&y=2,,ok,
create,141,3,15366.213,137.967,201,P8,https://carga-141.example.com/recurso/141?x=1&y=2,,ok,
create,142,9,15378.652,135.021,201,P9,https://carga-142.example.com/recurso/142?x=1&y=2,,ok,
create,143,2,15390.510,132.758,201,PA,https://carga-143.example.com/recurso/143?x=1&y=2,,ok,
create,144,5,15404.619,129.721,201,PB,https://carga-144.example.com/recurso/144?x=1&y=2,,ok,
create,145,1,15419.439,124.406,201,PC,https://carga-145.example.com/recurso/145?x=1&y=2,,ok,
create,146,0,15436.739,117.847,201,PD,https://carga-146.example.com/recurso/146?x=1&y=2,,ok,
create,147,7,15451.905,113.491,201,PE,https://carga-147.example.com/recurso/147?x=1&y=2,,ok,
create,148,6,15462.585,113.286,201,PF,https://carga-148.example.com/recurso/148?x=1&y=2,,ok,
create,149,8,15473.409,113.136,201,PG,https://carga-149.example.com/recurso/149?x=1&y=2,,ok,
create,150,4,15488.370,108.433,201,PH,https://carga-150.example.com/recurso/150?x=1&y=2,,ok,
create,151,3,15504.303,102.170,201,PJ,https://carga-151.example.com/recurso/151?x=1&y=2,,ok,
create,152,9,15513.855,101.378,201,PK,https://carga-152.example.com/recurso/152?x=1&y=2,,ok,
create,153,2,15523.394,101.743,201,PL,https://carga-153.example.com/recurso/153?x=1&y=2,,ok,
create,154,5,15534.463,102.680,201,PM,https://carga-154.example.com/recurso/154?x=1&y=2,,ok,
create,155,1,15544.035,101.866,201,PN,https://carga-155.example.com/recurso/155?x=1&y=2,,ok,
create,156,0,15554.749,100.413,201,PP,https://carga-156.example.com/recurso/156?x=1&y=2,,ok,
create,164,5,15637.268,26.630,201,PQ,https://carga-164.example.com/recurso/164?x=1&y=2,,ok,
create,157,7,15565.546,107.803,201,PR,https://carga-157.example.com/recurso/157?x=1&y=2,,ok,
create,158,6,15576.030,106.227,201,PS,https://carga-158.example.com/recurso/158?x=1&y=2,,ok,
create,159,8,15586.717,103.984,201,PT,https://carga-159.example.com/recurso/159?x=1&y=2,,ok,
create,160,4,15596.969,101.861,201,PU,https://carga-160.example.com/recurso/160?x=1&y=2,,ok,
create,161,3,15606.631,100.801,201,PV,https://carga-161.example.com/recurso/161?x=1&y=2,,ok,
create,162,9,15615.383,101.393,201,PW,https://carga-162.example.com/recurso/162?x=1&y=2,,ok,
create,163,2,15625.303,100.729,201,PX,https://carga-163.example.com/recurso/163?x=1&y=2,,ok,
create,165,1,15646.071,89.846,201,PY,https://carga-165.example.com/recurso/165?x=1&y=2,,ok,
create,166,0,15655.287,89.340,201,PZ,https://carga-166.example.com/recurso/166?x=1&y=2,,ok,
create,167,5,15664.024,90.674,201,Pa,https://carga-167.example.com/recurso/167?x=1&y=2,,ok,
create,168,7,15673.478,89.562,201,Pb,https://carga-168.example.com/recurso/168?x=1&y=2,,ok,
create,169,6,15682.404,89.903,201,Pc,https://carga-169.example.com/recurso/169?x=1&y=2,,ok,
create,170,8,15690.855,90.592,201,Pd,https://carga-170.example.com/recurso/170?x=1&y=2,,ok,
create,171,4,15698.989,91.640,201,Pe,https://carga-171.example.com/recurso/171?x=1&y=2,,ok,
create,172,3,15707.538,91.698,201,Pf,https://carga-172.example.com/recurso/172?x=1&y=2,,ok,
create,173,9,15716.957,91.646,201,Pg,https://carga-173.example.com/recurso/173?x=1&y=2,,ok,
create,174,2,15726.163,91.767,201,Ph,https://carga-174.example.com/recurso/174?x=1&y=2,,ok,
create,175,1,15736.100,90.209,201,Pi,https://carga-175.example.com/recurso/175?x=1&y=2,,ok,
create,176,0,15744.745,91.956,201,Pj,https://carga-176.example.com/recurso/176?x=1&y=2,,ok,
create,177,5,15754.960,90.526,201,Pk,https://carga-177.example.com/recurso/177?x=1&y=2,,ok,
create,178,7,15763.185,92.524,201,Pm,https://carga-178.example.com/recurso/178?x=1&y=2,,ok,
create,179,6,15772.431,91.974,201,Pn,https://carga-179.example.com/recurso/179?x=1&y=2,,ok,
create,180,8,15781.597,92.861,201,Po,https://carga-180.example.com/recurso/180?x=1&y=2,,ok,
create,181,4,15790.757,92.990,201,Pp,https://carga-181.example.com/recurso/181?x=1&y=2,,ok,
create,182,3,15799.413,92.973,201,Pq,https://carga-182.example.com/recurso/182?x=1&y=2,,ok,
create,183,9,15808.739,92.595,201,Pr,https://carga-183.example.com/recurso/183?x=1&y=2,,ok,
create,184,2,15818.045,91.730,201,Ps,https://carga-184.example.com/recurso/184?x=1&y=2,,ok,
create,185,1,15826.453,92.346,201,Pt,https://carga-185.example.com/recurso/185?x=1&y=2,,ok,
create,186,0,15836.868,90.462,201,Pu,https://carga-186.example.com/recurso/186?x=1&y=2,,ok,
create,187,5,15845.660,90.845,201,Pv,https://carga-187.example.com/recurso/187?x=1&y=2,,ok,
create,188,7,15855.877,89.512,201,Pw,https://carga-188.example.com/recurso/188?x=1&y=2,,ok,
create,189,6,15864.547,90.215,201,Px,https://carga-189.example.com/recurso/189?x=1&y=2,,ok,
create,190,8,15874.624,89.337,201,Py,https://carga-190.example.com/recurso/190?x=1&y=2,,ok,
create,191,4,15883.908,89.595,201,Pz,https://carga-191.example.com/recurso/191?x=1&y=2,,ok,
create,192,3,15892.518,89.741,201,Q1,https://carga-192.example.com/recurso/192?x=1&y=2,,ok,
create,193,9,15901.452,89.711,201,Q2,https://carga-193.example.com/recurso/193?x=1&y=2,,ok,
create,194,2,15909.897,89.616,201,Q3,https://carga-194.example.com/recurso/194?x=1&y=2,,ok,
create,195,1,15918.942,90.484,201,Q4,https://carga-195.example.com/recurso/195?x=1&y=2,,ok,
create,196,0,15927.438,91.185,201,Q5,https://carga-196.example.com/recurso/196?x=1&y=2,,ok,
create,197,5,15936.632,90.188,201,Q6,https://carga-197.example.com/recurso/197?x=1&y=2,,ok,
create,198,7,15945.548,90.759,201,Q7,https://carga-198.example.com/recurso/198?x=1&y=2,,ok,
create,199,6,15954.907,89.804,201,Q8,https://carga-199.example.com/recurso/199?x=1&y=2,,ok,
create,200,8,15964.132,90.605,201,Q9,https://carga-200.example.com/recurso/200?x=1&y=2,,ok,
create,207,5,16026.898,36.141,201,QA,https://carga-207.example.com/recurso/207?x=1&y=2,,ok,
create,201,4,15973.688,98.427,201,QB,https://carga-201.example.com/recurso/201?x=1&y=2,,ok,
create,202,3,15982.415,99.036,201,QC,https://carga-202.example.com/recurso/202?x=1&y=2,,ok,
create,203,9,15991.288,99.022,201,QD,https://carga-203.example.com/recurso/203?x=1&y=2,,ok,
create,204,2,15999.685,99.481,201,QE,https://carga-204.example.com/recurso/204?x=1&y=2,,ok,
create,205,1,16009.589,98.655,201,QF,https://carga-205.example.com/recurso/205?x=1&y=2,,ok,
create,206,0,16018.745,97.362,201,QG,https://carga-206.example.com/recurso/206?x=1&y=2,,ok,
create,208,7,16036.435,88.211,201,QH,https://carga-208.example.com/recurso/208?x=1&y=2,,ok,
create,209,6,16044.857,88.588,201,QJ,https://carga-209.example.com/recurso/209?x=1&y=2,,ok,
create,210,8,16054.950,88.099,201,QK,https://carga-210.example.com/recurso/210?x=1&y=2,,ok,
create,211,5,16063.198,89.423,201,QL,https://carga-211.example.com/recurso/211?x=1&y=2,,ok,
create,212,4,16072.260,89.461,201,QM,https://carga-212.example.com/recurso/212?x=1&y=2,,ok,
create,213,3,16081.580,90.004,201,QN,https://carga-213.example.com/recurso/213?x=1&y=2,,ok,
create,214,9,16090.435,90.273,201,QP,https://carga-214.example.com/recurso/214?x=1&y=2,,ok,
create,215,2,16099.298,90.600,201,QQ,https://carga-215.example.com/recurso/215?x=1&y=2,,ok,
create,216,1,16108.362,90.261,201,QR,https://carga-216.example.com/recurso/216?x=1&y=2,,ok,
create,217,0,16116.237,91.647,201,QS,https://carga-217.example.com/recurso/217?x=1&y=2,,ok,
create,218,7,16124.778,92.460,201,QT,https://carga-218.example.com/recurso/218?x=1&y=2,,ok,
create,219,6,16133.579,91.976,201,QU,https://carga-219.example.com/recurso/219?x=1&y=2,,ok,
create,220,8,16143.188,91.035,201,QV,https://carga-220.example.com/recurso/220?x=1&y=2,,ok,
create,221,5,16152.736,89.878,201,QW,https://carga-221.example.com/recurso/221?x=1&y=2,,ok,
create,222,4,16161.860,89.772,201,QX,https://carga-222.example.com/recurso/222?x=1&y=2,,ok,
create,223,3,16171.754,89.020,201,QY,https://carga-223.example.com/recurso/223?x=1&y=2,,ok,
create,224,9,16180.901,88.586,201,QZ,https://carga-224.example.com/recurso/224?x=1&y=2,,ok,
create,225,2,16190.041,88.501,201,Qa,https://carga-225.example.com/recurso/225?x=1&y=2,,ok,
create,226,1,16198.816,89.379,201,Qb,https://carga-226.example.com/recurso/226?x=1&y=2,,ok,
create,227,0,16208.027,89.157,201,Qc,https://carga-227.example.com/recurso/227?x=1&y=2,,ok,
create,228,7,16217.371,89.460,201,Qd,https://carga-228.example.com/recurso/228?x=1&y=2,,ok,
create,229,6,16225.681,89.858,201,Qe,https://carga-229.example.com/recurso/229?x=1&y=2,,ok,
create,230,8,16234.346,90.486,201,Qf,https://carga-230.example.com/recurso/230?x=1&y=2,,ok,
create,231,5,16242.721,91.120,201,Qg,https://carga-231.example.com/recurso/231?x=1&y=2,,ok,
create,232,4,16251.815,90.937,201,Qh,https://carga-232.example.com/recurso/232?x=1&y=2,,ok,
create,233,3,16260.926,91.356,201,Qi,https://carga-233.example.com/recurso/233?x=1&y=2,,ok,
create,234,9,16269.616,92.161,201,Qj,https://carga-234.example.com/recurso/234?x=1&y=2,,ok,
create,235,2,16278.659,91.789,201,Qk,https://carga-235.example.com/recurso/235?x=1&y=2,,ok,
create,236,1,16288.383,90.327,201,Qm,https://carga-236.example.com/recurso/236?x=1&y=2,,ok,
create,237,0,16297.345,90.131,201,Qn,https://carga-237.example.com/recurso/237?x=1&y=2,,ok,
create,238,7,16306.967,89.481,201,Qo,https://carga-238.example.com/recurso/238?x=1&y=2,,ok,
create,239,6,16315.693,90.344,201,Qp,https://carga-239.example.com/recurso/239?x=1&y=2,,ok,
create,240,8,16324.960,89.605,201,Qq,https://carga-240.example.com/recurso/240?x=1&y=2,,ok,
create,241,5,16334.016,89.685,201,Qr,https://carga-241.example.com/recurso/241?x=1&y=2,,ok,
create,242,4,16342.903,89.007,201,Qs,https://carga-242.example.com/recurso/242?x=1&y=2,,ok,
create,243,3,16352.403,88.190,201,Qt,https://carga-243.example.com/recurso/243?x=1&y=2,,ok,
create,244,9,16361.926,87.324,201,Qu,https://carga-244.example.com/recurso/244?x=1&y=2,,ok,
create,245,2,16370.567,87.371,201,Qv,https://carga-245.example.com/recurso/245?x=1&y=2,,ok,
create,246,1,16378.837,88.007,201,Qw,https://carga-246.example.com/recurso/246?x=1&y=2,,ok,
create,247,0,16387.708,88.843,201,Qx,https://carga-247.example.com/recurso/247?x=1&y=2,,ok,
create,248,7,16396.565,88.843,201,Qy,https://carga-248.example.com/recurso/248?x=1&y=2,,ok,
create,249,6,16406.172,87.854,201,Qz,https://carga-249.example.com/recurso/249?x=1&y=2,,ok,
create,250,8,16414.681,88.054,201,R1,https://carga-250.example.com/recurso/250?x=1&y=2,,ok,
create,251,5,16423.836,88.070,201,R2,https://carga-251.example.com/recurso/251?x=1&y=2,,ok,
create,252,4,16432.098,88.455,201,R3,https://carga-252.example.com/recurso/252?x=1&y=2,,ok,
create,253,3,16440.712,88.488,201,R4,https://carga-253.example.com/recurso/253?x=1&y=2,,ok,
create,254,9,16449.417,89.207,201,R5,https://carga-254.example.com/recurso/254?x=1&y=2,,ok,
create,255,2,16458.051,89.869,201,R6,https://carga-255.example.com/recurso/255?x=1&y=2,,ok,
create,256,1,16466.958,90.746,201,R7,https://carga-256.example.com/recurso/256?x=1&y=2,,ok,
create,257,0,16476.679,90.817,201,R8,https://carga-257.example.com/recurso/257?x=1&y=2,,ok,
create,258,7,16485.531,91.060,201,R9,https://carga-258.example.com/recurso/258?x=1&y=2,,ok,
create,259,6,16494.153,91.121,201,RA,https://carga-259.example.com/recurso/259?x=1&y=2,,ok,
create,260,8,16502.920,92.234,201,RB,https://carga-260.example.com/recurso/260?x=1&y=2,,ok,
create,261,5,16512.026,92.233,201,RC,https://carga-261.example.com/recurso/261?x=1&y=2,,ok,
create,262,4,16520.669,92.713,201,RD,https://carga-262.example.com/recurso/262?x=1&y=2,,ok,
create,263,3,16529.373,93.445,201,RE,https://carga-263.example.com/recurso/263?x=1&y=2,,ok,
create,264,9,16538.810,92.759,201,RF,https://carga-264.example.com/recurso/264?x=1&y=2,,ok,
create,265,2,16548.045,93.045,201,RG,https://carga-265.example.com/recurso/265?x=1&y=2,,ok,
create,266,1,16557.952,91.918,201,RH,https://carga-266.example.com/recurso/266?x=1&y=2,,ok,
create,267,0,16567.685,91.133,201,RJ,https://carga-267.example.com/recurso/267?x=1&y=2,,ok,
create,268,7,16576.710,90.333,201,RK,https://carga-268.example.com/recurso/268?x=1&y=2,,ok,
create,269,6,16585.427,90.970,201,RL,https://carga-269.example.com/recurso/269?x=1&y=2,,ok,
create,270,8,16595.320,90.882,201,RM,https://carga-270.example.com/recurso/270?x=1&y=2,,ok,
create,271,5,16604.395,90.776,201,RN,https://carga-271.example.com/recurso/271?x=1&y=2,,ok,
create,272,4,16613.537,90.440,201,RP,https://carga-272.example.com/recurso/272?x=1&y=2,,ok,
create,273,3,16622.955,90.139,201,RQ,https://carga-273.example.com/recurso/273?x=1&y=2,,ok,
create,274,9,16631.684,90.394,201,RR,https://carga-274.example.com/recurso/274?x=1&y=2,,ok,
create,275,2,16641.230,89.446,201,RS,https://carga-275.example.com/recurso/275?x=1&y=2,,ok,
create,276,1,16650.000,89.638,201,RT,https://carga-276.example.com/recurso/276?x=1&y=2,,ok,
create,277,0,16658.945,89.717,201,RU,https://carga-277.example.com/recurso/277?x=1&y=2,,ok,
create,278,7,16667.178,91.359,201,RV,https://carga-278.example.com/recurso/278?x=1&y=2,,ok,
create,279,6,16676.672,91.704,201,RW,https://carga-279.example.com/recurso/279?x=1&y=2,,ok,
create,280,8,16686.339,90.973,201,RX,https://carga-280.example.com/recurso/280?x=1&y=2,,ok,
create,281,5,16695.283,91.358,201,RY,https://carga-281.example.com/recurso/281?x=1&y=2,,ok,
create,282,4,16704.083,91.544,201,RZ,https://carga-282.example.com/recurso/282?x=1&y=2,,ok,
create,283,3,16713.258,91.064,201,Ra,https://carga-283.example.com/recurso/283?x=1&y=2,,ok,
create,284,9,16722.206,91.629,201,Rb,https://carga-284.example.com/recurso/284?x=1&y=2,,ok,
create,285,2,16730.808,92.194,201,Rc,https://carga-285.example.com/recurso/285?x=1&y=2,,ok,
create,286,1,16739.818,92.253,201,Rd,https://carga-286.example.com/recurso/286?x=1&y=2,,ok,
create,287,0,16748.807,92.946,201,Re,https://carga-287.example.com/recurso/287?x=1&y=2,,ok,
create,288,7,16758.668,91.226,201,Rf,https://carga-288.example.com/recurso/288?x=1&y=2,,ok,
create,289,6,16768.513,91.046,201,Rg,https://carga-289.example.com/recurso/289?x=1&y=2,,ok,
create,290,8,16777.428,90.659,201,Rh,https://carga-290.example.com/recurso/290?x=1&y=2,,ok,
create,291,5,16786.771,90.663,201,Ri,https://carga-291.example.com/recurso/291?x=1&y=2,,ok,
create,292,4,16795.739,91.250,201,Rj,https://carga-292.example.com/recurso/292?x=1&y=2,,ok,
create,293,3,16804.485,91.333,201,Rk,https://carga-293.example.com/recurso/293?x=1&y=2,,ok,
create,294,9,16813.954,91.467,201,Rm,https://carga-294.example.com/recurso/294?x=1&y=2,,ok,
create,295,2,16823.134,91.394,201,Rn,https://carga-295.example.com/recurso/295?x=1&y=2,,ok,
create,296,1,16832.183,92.333,201,Ro,https://carga-296.example.com/recurso/296?x=1&y=2,,ok,
create,297,0,16841.889,91.145,201,Rp,https://carga-297.example.com/recurso/297?x=1&y=2,,ok,
create,298,7,16850.021,92.783,201,Rq,https://carga-298.example.com/recurso/298?x=1&y=2,,ok,
create,299,6,16859.723,92.874,201,Rr,https://carga-299.example.com/recurso/299?x=1&y=2,,ok,
create,300,8,16868.213,93.288,201,Rs,https://carga-300.example.com/recurso/300?x=1&y=2,,ok,
create,301,5,16877.604,92.509,201,Rt,https://carga-301.example.com/recurso/301?x=1&y=2,,ok,
create,302,4,16887.126,92.330,201,Ru,https://carga-302.example.com/recurso/302?x=1&y=2,,ok,
create,303,3,16895.932,92.202,201,Rv,https://carga-303.example.com/recurso/303?x=1&y=2,,ok,
create,304,9,16905.586,91.596,201,Rw,https://carga-304.example.com/recurso/304?x=1&y=2,,ok,
create,305,2,16914.639,91.650,201,Rx,https://carga-305.example.com/recurso/305?x=1&y=2,,ok,
create,306,1,16924.646,90.367,201,Ry,https://carga-306.example.com/recurso/306?x=1&y=2,,ok,
create,307,0,16933.149,92.266,201,Rz,https://carga-307.example.com/recurso/307?x=1&y=2,,ok,
create,308,7,16942.938,92.300,201,S1,https://carga-308.example.com/recurso/308?x=1&y=2,,ok,
create,309,6,16952.771,93.000,201,S2,https://carga-309.example.com/recurso/309?x=1&y=2,,ok,
create,310,8,16961.643,92.981,201,S3,https://carga-310.example.com/recurso/310?x=1&y=2,,ok,
create,311,5,16970.289,93.851,201,S4,https://carga-311.example.com/recurso/311?x=1&y=2,,ok,
create,312,4,16979.564,94.423,201,S5,https://carga-312.example.com/recurso/312?x=1&y=2,,ok,
create,313,3,16988.290,95.106,201,S6,https://carga-313.example.com/recurso/313?x=1&y=2,,ok,
create,314,9,16997.294,95.450,201,S7,https://carga-314.example.com/recurso/314?x=1&y=2,,ok,
create,315,2,17006.423,95.287,201,S8,https://carga-315.example.com/recurso/315?x=1&y=2,,ok,
create,316,1,17015.166,95.035,201,S9,https://carga-316.example.com/recurso/316?x=1&y=2,,ok,
create,317,0,17025.528,93.939,201,SA,https://carga-317.example.com/recurso/317?x=1&y=2,,ok,
create,318,7,17035.395,93.321,201,SB,https://carga-318.example.com/recurso/318?x=1&y=2,,ok,
create,319,6,17045.905,91.464,201,SC,https://carga-319.example.com/recurso/319?x=1&y=2,,ok,
create,320,8,17054.774,91.774,201,SD,https://carga-320.example.com/recurso/320?x=1&y=2,,ok,
create,321,5,17064.285,91.085,201,SE,https://carga-321.example.com/recurso/321?x=1&y=2,,ok,
create,322,4,17074.132,90.286,201,SF,https://carga-322.example.com/recurso/322?x=1&y=2,,ok,
create,323,3,17083.504,89.997,201,SG,https://carga-323.example.com/recurso/323?x=1&y=2,,ok,
create,324,9,17092.881,89.482,201,SH,https://carga-324.example.com/recurso/324?x=1&y=2,,ok,
create,325,2,17101.848,90.672,201,SJ,https://carga-325.example.com/recurso/325?x=1&y=2,,ok,
create,326,1,17110.349,91.783,201,SK,https://carga-326.example.com/recurso/326?x=1&y=2,,ok,
create,327,0,17119.630,91.640,201,SL,https://carga-327.example.com/recurso/327?x=1&y=2,,ok,
create,328,7,17128.843,92.201,201,SM,https://carga-328.example.com/recurso/328?x=1&y=2,,ok,
create,329,6,17137.512,92.538,201,SN,https://carga-329.example.com/recurso/329?x=1&y=2,,ok,
create,330,8,17146.657,92.378,201,SP,https://carga-330.example.com/recurso/330?x=1&y=2,,ok,
create,331,5,17155.503,93.065,201,SQ,https://carga-331.example.com/recurso/331?x=1&y=2,,ok,
create,332,4,17164.521,93.159,201,SR,https://carga-332.example.com/recurso/332?x=1&y=2,,ok,
create,333,3,17173.617,93.471,201,SS,https://carga-333.example.com/recurso/333?x=1&y=2,,ok,
create,334,9,17182.467,94.233,201,ST,https://carga-334.example.com/recurso/334?x=1&y=2,,ok,
create,335,2,17192.628,93.443,201,SU,https://carga-335.example.com/recurso/335?x=1&y=2,,ok,
create,336,1,17202.252,94.666,201,SV,https://carga-336.example.com/recurso/336?x=1&y=2,,ok,
create,337,0,17211.385,94.220,201,SW,https://carga-337.example.com/recurso/337?x=1&y=2,,ok,
create,338,7,17221.156,93.192,201,SX,https://carga-338.example.com/recurso/338?x=1&y=2,,ok,
create,339,6,17230.165,93.345,201,SY,https://carga-339.example.com/recurso/339?x=1&y=2,,ok,
create,340,8,17239.160,93.402,201,SZ,https://carga-340.example.com/recurso/340?x=1&y=2,,ok,
create,341,5,17248.691,92.954,201,Sa,https://carga-341.example.com/recurso/341?x=1&y=2,,ok,
create,342,4,17257.835,92.525,201,Sb,https://carga-342.example.com/recurso/342?x=1&y=2,,ok,
create,343,3,17267.198,92.424,201,Sc,https://carga-343.example.com/recurso/343?x=1&y=2,,ok,
create,344,9,17276.823,90.935,201,Sd,https://carga-344.example.com/recurso/344?x=1&y=2,,ok,
create,345,2,17286.226,92.191,201,Se,https://carga-345.example.com/recurso/345?x=1&y=2,,ok,
create,346,1,17297.027,90.046,201,Sf,https://carga-346.example.com/recurso/346?x=1&y=2,,ok,
create,347,0,17305.744,91.115,201,Sg,https://carga-347.example.com/recurso/347?x=1&y=2,,ok,
create,348,7,17314.452,91.140,201,Sh,https://carga-348.example.com/recurso/348?x=1&y=2,,ok,
create,349,6,17323.623,91.026,201,Si,https://carga-349.example.com/recurso/349?x=1&y=2,,ok,
create,350,8,17332.666,91.004,201,Sj,https://carga-350.example.com/recurso/350?x=1&y=2,,ok,
create,351,5,17341.770,90.239,201,Sk,https://carga-351.example.com/recurso/351?x=1&y=2,,ok,
create,352,4,17350.457,90.485,201,Sm,https://carga-352.example.com/recurso/352?x=1&y=2,,ok,
create,353,3,17359.730,89.816,201,Sn,https://carga-353.example.com/recurso/353?x=1&y=2,,ok,
create,354,9,17367.889,90.880,201,So,https://carga-354.example.com/recurso/354?x=1&y=2,,ok,
create,355,2,17378.563,89.122,201,Sp,https://carga-355.example.com/recurso/355?x=1&y=2,,ok,
create,356,1,17387.224,89.258,201,Sq,https://carga-356.example.com/recurso/356?x=1&y=2,,ok,
create,357,0,17396.970,87.939,201,Sr,https://carga-357.example.com/recurso/357?x=1&y=2,,ok,
create,358,7,17405.705,88.838,201,Ss,https://carga-358.example.com/recurso/358?x=1&y=2,,ok,
create,359,6,17414.757,88.352,201,St,https://carga-359.example.com/recurso/359?x=1&y=2,,ok,
create,360,8,17423.833,88.510,201,Su,https://carga-360.example.com/recurso/360?x=1&y=2,,ok,
create,361,5,17432.097,89.270,201,Sv,https://carga-361.example.com/recurso/361?x=1&y=2,,ok,
create,362,4,17441.076,89.093,201,Sw,https://carga-362.example.com/recurso/362?x=1&y=2,,ok,
create,363,3,17449.648,88.618,201,Sx,https://carga-363.example.com/recurso/363?x=1&y=2,,ok,
create,364,9,17458.933,89.146,201,Sy,https://carga-364.example.com/recurso/364?x=1&y=2,,ok,
create,365,2,17467.780,89.305,201,Sz,https://carga-365.example.com/recurso/365?x=1&y=2,,ok,
create,366,1,17476.646,89.806,201,T1,https://carga-366.example.com/recurso/366?x=1&y=2,,ok,
create,367,0,17485.044,90.970,201,T2,https://carga-367.example.com/recurso/367?x=1&y=2,,ok,
create,368,7,17494.647,90.388,201,T3,https://carga-368.example.com/recurso/368?x=1&y=2,,ok,
create,369,6,17503.269,92.079,201,T4,https://carga-369.example.com/recurso/369?x=1&y=2,,ok,
create,370,8,17512.478,91.641,201,T5,https://carga-370.example.com/recurso/370?x=1&y=2,,ok,
create,371,5,17521.478,92.643,201,T6,https://carga-371.example.com/recurso/371?x=1&y=2,,ok,
create,372,4,17530.265,93.140,201,T7,https://carga-372.example.com/recurso/372?x=1&y=2,,ok,
create,373,3,17538.373,94.132,201,T8,https://carga-373.example.com/recurso/373?x=1&y=2,,ok,
create,374,9,17548.181,94.097,201,T9,https://carga-374.example.com/recurso/374?x=1&y=2,,ok,
create,375,2,17557.221,93.998,201,TA,https://carga-375.example.com/recurso/375?x=1&y=2,,ok,
create,376,1,17566.582,94.701,201,TB,https://carga-376.example.com/recurso/376?x=1&y=2,,ok,
create,377,0,17576.136,94.964,201,TC,https://carga-377.example.com/recurso/377?x=1&y=2,,ok,
create,378,7,17585.164,95.409,201,TD,https://carga-378.example.com/recurso/378?x=1&y=2,,ok,
create,379,6,17595.451,93.595,201,TE,https://carga-379.example.com/recurso/379?x=1&y=2,,ok,
create,380,8,17604.231,98.154,201,TF,https://carga-380.example.com/recurso/380?x=1&y=2,,ok,
create,381,5,17614.224,98.031,201,TG,https://carga-381.example.com/recurso/381?x=1&y=2,,ok,
create,382,4,17623.538,97.059,201,TH,https://carga-382.example.com/recurso/382?x=1&y=2,,ok,
create,383,3,17632.641,99.103,201,TJ,https://carga-383.example.com/recurso/383?x=1&y=2,,ok,
create,384,9,17642.419,97.735,201,TK,https://carga-384.example.com/recurso/384?x=1&y=2,,ok,
create,385,2,17651.319,98.590,201,TL,https://carga-385.example.com/recurso/385?x=1&y=2,,ok,
create,386,1,17661.419,98.627,201,TM,https://carga-386.example.com/recurso/386?x=1&y=2,,ok,
create,387,0,17671.236,99.291,201,TN,https://carga-387.example.com/recurso/387?x=1&y=2,,ok,
create,388,7,17680.684,99.310,201,TP,https://carga-388.example.com/recurso/388?x=1&y=2,,ok,
create,389,6,17689.178,99.878,201,TQ,https://carga-389.example.com/recurso/389?x=1&y=2,,ok,
create,390,8,17702.507,95.983,201,TR,https://carga-390.example.com/recurso/390?x=1&y=2,,ok,
create,391,5,17712.355,94.835,201,TS,https://carga-391.example.com/recurso/391?x=1&y=2,,ok,
create,392,4,17720.725,96.329,201,TT,https://carga-392.example.com/recurso/392?x=1&y=2,,ok,
create,393,3,17731.858,94.713,201,TU,https://carga-393.example.com/recurso/393?x=1&y=2,,ok,
create,394,9,17740.262,94.741,201,TV,https://carga-394.example.com/recurso/394?x=1&y=2,,ok,
create,395,2,17750.043,95.217,201,TW,https://carga-395.example.com/recurso/395?x=1&y=2,,ok,
create,396,1,17760.151,93.962,201,TX,https://carga-396.example.com/recurso/396?x=1&y=2,,ok,
create,397,0,17770.638,93.324,201,TY,https://carga-397.example.com/recurso/397?x=1&y=2,,ok,
create,398,7,17780.096,92.030,201,TZ,https://carga-398.example.com/recurso/398?x=1&y=2,,ok,
create,399,6,17789.177,92.581,201,Ta,https://carga-399.example.com/recurso/399?x=1&y=2,,ok,
create,400,8,17798.595,91.885,201,Tb,https://carga-400.example.com/recurso/400?x=1&y=2,,ok,
create,401,5,17807.301,92.399,201,Tc,https://carga-401.example.com/recurso/401?x=1&y=2,,ok,
create,402,4,17817.157,91.921,201,Td,https://carga-402.example.com/recurso/402?x=1&y=2,,ok,
create,403,3,17826.704,90.925,201,Te,https://carga-403.example.com/recurso/403?x=1&y=2,,ok,
create,404,9,17835.133,91.546,201,Tf,https://carga-404.example.com/recurso/404?x=1&y=2,,ok,
create,405,2,17845.366,90.442,201,Tg,https://carga-405.example.com/recurso/405?x=1&y=2,,ok,
create,406,1,17854.259,92.602,201,Th,https://carga-406.example.com/recurso/406?x=1&y=2,,ok,
create,407,0,17864.071,92.282,201,Ti,https://carga-407.example.com/recurso/407?x=1&y=2,,ok,
create,408,7,17872.259,93.841,201,Tj,https://carga-408.example.com/recurso/408?x=1&y=2,,ok,
create,409,6,17881.890,93.722,201,Tk,https://carga-409.example.com/recurso/409?x=1&y=2,,ok,
create,410,8,17890.639,94.465,201,Tm,https://carga-410.example.com/recurso/410?x=1&y=2,,ok,
create,411,5,17899.813,94.034,201,Tn,https://carga-411.example.com/recurso/411?x=1&y=2,,ok,
create,412,4,17909.180,94.397,201,To,https://carga-412.example.com/recurso/412?x=1&y=2,,ok,
create,413,3,17917.720,98.276,201,Tp,https://carga-413.example.com/recurso/413?x=1&y=2,,ok,
create,414,9,17926.772,98.263,201,Tq,https://carga-414.example.com/recurso/414?x=1&y=2,,ok,
create,415,2,17935.932,98.476,201,Tr,https://carga-415.example.com/recurso/415?x=1&y=2,,ok,
create,416,1,17946.998,96.404,201,Ts,https://carga-416.example.com/recurso/416?x=1&y=2,,ok,
create,417,0,17956.468,95.726,201,Tt,https://carga-417.example.com/recurso/417?x=1&y=2,,ok,
create,418,7,17966.204,95.820,201,Tu,https://carga-418.example.com/recurso/418?x=1&y=2,,ok,
create,419,6,17975.716,94.829,201,Tv,https://carga-419.example.com/recurso/419?x=1&y=2,,ok,
create,420,8,17985.194,94.550,201,Tw,https://carga-420.example.com/recurso/420?x=1&y=2,,ok,
create,421,5,17993.939,94.515,201,Tx,https://carga-421.example.com/recurso/421?x=1&y=2,,ok,
create,422,4,18003.667,94.598,201,Ty,https://carga-422.example.com/recurso/422?x=1&y=2,,ok,
create,423,3,18016.125,91.178,201,Tz,https://carga-423.example.com/recurso/423?x=1&y=2,,ok,
create,424,9,18025.140,91.525,201,U1,https://carga-424.example.com/recurso/424?x=1&y=2,,ok,
create,425,2,18034.506,91.505,201,U2,https://carga-425.example.com/recurso/425?x=1&y=2,,ok,
create,426,1,18043.504,91.230,201,U3,https://carga-426.example.com/recurso/426?x=1&y=2,,ok,
create,427,0,18052.291,91.826,201,U4,https://carga-427.example.com/recurso/427?x=1&y=2,,ok,
create,428,7,18062.158,90.931,201,U5,https://carga-428.example.com/recurso/428?x=1&y=2,,ok,
create,429,6,18070.636,92.857,201,U6,https://carga-429.example.com/recurso/429?x=1&y=2,,ok,
create,430,8,18079.924,94.256,201,U7,https://carga-430.example.com/recurso/430?x=1&y=2,,ok,
create,431,5,18088.564,95.212,201,U8,https://carga-431.example.com/recurso/431?x=1&y=2,,ok,
create,432,4,18098.366,94.615,201,U9,https://carga-432.example.com/recurso/432?x=1&y=2,,ok,
create,433,3,18107.425,95.522,201,UA,https://carga-433.example.com/recurso/433?x=1&y=2,,ok,
create,434,9,18116.777,96.146,201,UB,https://carga-434.example.com/recurso/434?x=1&y=2,,ok,
create,435,2,18126.121,96.395,201,UC,https://carga-435.example.com/recurso/435?x=1&y=2,,ok,
create,436,1,18134.861,98.181,201,UD,https://carga-436.example.com/recurso/436?x=1&y=2,,ok,
create,437,0,18144.225,98.202,201,UE,https://carga-437.example.com/recurso/437?x=1&y=2,,ok,
create,438,7,18153.186,98.650,201,UF,https://carga-438.example.com/recurso/438?x=1&y=2,,ok,
create,439,6,18163.606,97.854,201,UG,https://carga-439.example.com/recurso/439?x=1&y=2,,ok,
create,440,8,18174.320,96.848,201,UH,https://carga-440.example.com/recurso/440?x=1&y=2,,ok,
create,441,5,18183.900,97.642,201,UJ,https://carga-441.example.com/recurso/441?x=1&y=2,,ok,
create,442,4,18193.100,98.582,201,UK,https://carga-442.example.com/recurso/442?x=1&y=2,,ok,
create,443,3,18203.043,98.239,201,UL,https://carga-443.example.com/recurso/443?x=1&y=2,,ok,
create,444,9,18213.041,97.101,201,UM,https://carga-444.example.com/recurso/444?x=1&y=2,,ok,
create,445,2,18222.638,96.328,201,UN,https://carga-445.example.com/recurso/445?x=1&y=2,,ok,
create,446,1,18233.170,95.578,201,UP,https://carga-446.example.com/recurso/446?x=1&y=2,,ok,
create,447,0,18242.539,96.285,201,UQ,https://carga-447.example.com/recurso/447?x=1&y=2,,ok,
create,448,7,18251.952,98.719,201,UR,https://carga-448.example.com/recurso/448?x=1&y=2,,ok,
create,449,6,18261.591,98.861,201,US,https://carga-449.example.com/recurso/449?x=1&y=2,,ok,
create,450,8,18271.299,98.260,201,UT,https://carga-450.example.com/recurso/450?x=1&y=2,,ok,
create,451,5,18281.678,96.917,201,UU,https://carga-451.example.com/recurso/451?x=1&y=2,,ok,
create,452,4,18291.842,96.646,201,UV,https://carga-452.example.com/recurso/452?x=1&y=2,,ok,
create,453,3,18301.397,97.407,201,UW,https://carga-453.example.com/recurso/453?x=1&y=2,,ok,
create,454,9,18310.266,98.725,201,UX,https://carga-454.example.com/recurso/454?x=1&y=2,,ok,
create,455,2,18319.055,100.022,201,UY,https://carga-455.example.com/recurso/455?x=1&y=2,,ok,
create,456,1,18328.891,99.767,201,UZ,https://carga-456.example.com/recurso/456?x=1&y=2,,ok,
create,457,0,18339.057,98.821,201,Ua,https://carga-457.example.com/recurso/457?x=1&y=2,,ok,
create,458,7,18350.825,97.437,201,Ub,https://carga-458.example.com/recurso/458?x=1&y=2,,ok,
create,459,6,18360.547,97.520,201,Uc,https://carga-459.example.com/recurso/459?x=1&y=2,,ok,
create,460,8,18369.645,98.400,201,Ud,https://carga-460.example.com/recurso/460?x=1&y=2,,ok,
create,461,5,18378.696,98.982,201,Ue,https://carga-461.example.com/recurso/461?x=1&y=2,,ok,
create,462,4,18388.634,98.518,201,Uf,https://carga-462.example.com/recurso/462?x=1&y=2,,ok,
create,463,3,18398.922,98.104,201,Ug,https://carga-463.example.com/recurso/463?x=1&y=2,,ok,
create,464,9,18409.168,97.911,201,Uh,https://carga-464.example.com/recurso/464?x=1&y=2,,ok,
create,465,2,18419.187,97.342,201,Ui,https://carga-465.example.com/recurso/465?x=1&y=2,,ok,
create,466,1,18428.771,97.202,201,Uj,https://carga-466.example.com/recurso/466?x=1&y=2,,ok,
create,467,0,18437.986,97.800,201,Uk,https://carga-467.example.com/recurso/467?x=1&y=2,,ok,
create,468,7,18448.418,96.273,201,Um,https://carga-468.example.com/recurso/468?x=1&y=2,,ok,
create,469,6,18458.223,95.613,201,Un,https://carga-469.example.com/recurso/469?x=1&y=2,,ok,
create,470,8,18468.157,95.847,201,Uo,https://carga-470.example.com/recurso/470?x=1&y=2,,ok,
create,471,5,18477.826,95.482,201,Up,https://carga-471.example.com/recurso/471?x=1&y=2,,ok,
create,472,4,18487.286,96.440,201,Uq,https://carga-472.example.com/recurso/472?x=1&y=2,,ok,
create,473,3,18497.149,95.663,201,Ur,https://carga-473.example.com/recurso/473?x=1&y=2,,ok,
create,474,9,18507.224,94.623,201,Us,https://carga-474.example.com/recurso/474?x=1&y=2,,ok,
create,475,2,18516.625,94.411,201,Ut,https://carga-475.example.com/recurso/475?x=1&y=2,,ok,
create,476,1,18526.097,94.468,201,Uu,https://carga-476.example.com/recurso/476?x=1&y=2,,ok,
create,477,0,18535.903,93.727,201,Uv,https://carga-477.example.com/recurso/477?x=1&y=2,,ok,
create,478,7,18544.827,93.105,201,Uw,https://carga-478.example.com/recurso/478?x=1&y=2,,ok,
create,479,6,18553.953,93.635,201,Ux,https://carga-479.example.com/recurso/479?x=1&y=2,,ok,
create,480,8,18564.136,93.345,201,Uy,https://carga-480.example.com/recurso/480?x=1&y=2,,ok,
create,481,5,18573.439,94.281,201,Uz,https://carga-481.example.com/recurso/481?x=1&y=2,,ok,
create,482,4,18583.838,92.816,201,V1,https://carga-482.example.com/recurso/482?x=1&y=2,,ok,
create,483,3,18592.951,93.156,201,V2,https://carga-483.example.com/recurso/483?x=1&y=2,,ok,
create,484,9,18601.942,93.535,201,V3,https://carga-484.example.com/recurso/484?x=1&y=2,,ok,
create,485,2,18611.143,93.412,201,V4,https://carga-485.example.com/recurso/485?x=1&y=2,,ok,
create,486,1,18620.659,92.877,201,V5,https://carga-486.example.com/recurso/486?x=1&y=2,,ok,
create,487,0,18629.722,92.798,201,V6,https://carga-487.example.com/recurso/487?x=1&y=2,,ok,
create,488,7,18638.029,95.387,201,V7,https://carga-488.example.com/recurso/488?x=1&y=2,,ok,
create,489,6,18647.734,94.673,201,V8,https://carga-489.example.com/recurso/489?x=1&y=2,,ok,
create,490,8,18657.606,94.783,201,V9,https://carga-490.example.com/recurso/490?x=1&y=2,,ok,
create,492,4,18676.775,84.193,201,VA,https://carga-492.example.com/recurso/492?x=1&y=2,,ok,
create,493,3,18686.205,83.357,201,VB,https://carga-493.example.com/recurso/493?x=1&y=2,,ok,
create,491,5,18667.847,111.544,201,VC,https://carga-491.example.com/recurso/491?x=1&y=2,,ok,
create,494,9,18695.569,92.831,201,VD,https://carga-494.example.com/recurso/494?x=1&y=2,,ok,
create,495,2,18704.644,93.601,201,VE,https://carga-495.example.com/recurso/495?x=1&y=2,,ok,
create,496,1,18713.638,93.798,201,VF,https://carga-496.example.com/recurso/496?x=1&y=2,,ok,
create,497,0,18722.645,94.375,201,VG,https://carga-497.example.com/recurso/497?x=1&y=2,,ok,
create,498,7,18733.513,93.353,201,VH,https://carga-498.example.com/recurso/498?x=1&y=2,,ok,
create,499,6,18742.518,93.574,201,VJ,https://carga-499.example.com/recurso/499?x=1&y=2,,ok,
create,500,8,18752.490,93.076,201,VK,https://carga-500.example.com/recurso/500?x=1&y=2,,ok,
create,501,4,18761.061,93.465,201,VL,https://carga-501.example.com/recurso/501?x=1&y=2,,ok,
create,502,3,18769.649,93.777,201,VM,https://carga-502.example.com/recurso/502?x=1&y=2,,ok,
create,503,5,18779.500,92.675,201,VN,https://carga-503.example.com/recurso/503?x=1&y=2,,ok,
create,504,9,18788.489,93.483,201,VP,https://carga-504.example.com/recurso/504?x=1&y=2,,ok,
create,505,2,18798.350,93.463,201,VQ,https://carga-505.example.com/recurso/505?x=1&y=2,,ok,
create,506,1,18807.530,94.056,201,VR,https://carga-506.example.com/recurso/506?x=1&y=2,,ok,
create,507,0,18817.127,94.090,201,VS,https://carga-507.example.com/recurso/507?x=1&y=2,,ok,
create,508,7,18827.003,93.953,201,VT,https://carga-508.example.com/recurso/508?x=1&y=2,,ok,
create,509,6,18836.203,94.823,201,VU,https://carga-509.example.com/recurso/509?x=1&y=2,,ok,
create,510,8,18845.671,93.909,201,VV,https://carga-510.example.com/recurso/510?x=1&y=2,,ok,
create,511,4,18854.619,97.829,201,VW,https://carga-511.example.com/recurso/511?x=1&y=2,,ok,
create,512,3,18863.518,98.888,201,VX,https://carga-512.example.com/recurso/512?x=1&y=2,,ok,
create,513,5,18872.264,100.207,201,VY,https://carga-513.example.com/recurso/513?x=1&y=2,,ok,
create,514,9,18882.073,100.626,201,VZ,https://carga-514.example.com/recurso/514?x=1&y=2,,ok,
create,515,2,18892.011,99.747,201,Va,https://carga-515.example.com/recurso/515?x=1&y=2,,ok,
create,516,1,18901.687,100.508,201,Vb,https://carga-516.example.com/recurso/516?x=1&y=2,,ok,
create,517,0,18911.322,99.864,201,Vc,https://carga-517.example.com/recurso/517?x=1&y=2,,ok,
create,518,7,18921.058,99.988,201,Vd,https://carga-518.example.com/recurso/518?x=1&y=2,,ok,
create,519,6,18931.122,99.090,201,Ve,https://carga-519.example.com/recurso/519?x=1&y=2,,ok,
create,520,8,18939.694,100.525,201,Vf,https://carga-520.example.com/recurso/520?x=1&y=2,,ok,
create,521,4,18952.557,97.712,201,Vg,https://carga-521.example.com/recurso/521?x=1&y=2,,ok,
create,522,3,18962.515,97.020,201,Vh,https://carga-522.example.com/recurso/522?x=1&y=2,,ok,
create,523,5,18972.560,96.459,201,Vi,https://carga-523.example.com/recurso/523?x=1&y=2,,ok,
create,524,9,18982.938,95.614,201,Vj,https://carga-524.example.com/recurso/524?x=1&y=2,,ok,
create,525,2,18991.891,96.326,201,Vk,https://carga-525.example.com/recurso/525?x=1&y=2,,ok,
create,526,1,19002.292,95.631,201,Vm,https://carga-526.example.com/recurso/526?x=1&y=2,,ok,
create,527,0,19011.288,96.050,201,Vn,https://carga-527.example.com/recurso/527?x=1&y=2,,ok,
create,528,7,19021.142,96.362,201,Vo,https://carga-528.example.com/recurso/528?x=1&y=2,,ok,
create,529,6,19030.343,97.081,201,Vp,https://carga-529.example.com/recurso/529?x=1&y=2,,ok,
create,530,8,19040.280,96.911,201,Vq,https://carga-530.example.com/recurso/530?x=1&y=2,,ok,
create,531,4,19050.367,95.802,201,Vr,https://carga-531.example.com/recurso/531?x=1&y=2,,ok,
create,532,3,19059.681,96.374,201,Vs,https://carga-532.example.com/recurso/532?x=1&y=2,,ok,
create,533,5,19069.117,97.394,201,Vt,https://carga-533.example.com/recurso/533?x=1&y=2,,ok,
create,534,9,19078.667,97.838,201,Vu,https://carga-534.example.com/recurso/534?x=1&y=2,,ok,
create,535,2,19088.283,98.810,201,Vv,https://carga-535.example.com/recurso/535?x=1&y=2,,ok,
create,536,1,19098.021,99.332,201,Vw,https://carga-536.example.com/recurso/536?x=1&y=2,,ok,
create,537,0,19107.444,99.058,201,Vx,https://carga-537.example.com/recurso/537?x=1&y=2,,ok,
create,538,7,19117.651,98.227,201,Vy,https://carga-538.example.com/recurso/538?x=1&y=2,,ok,
create,539,6,19127.585,98.855,201,Vz,https://carga-539.example.com/recurso/539?x=1&y=2,,ok,
create,540,8,19137.293,99.679,201,W1,https://carga-540.example.com/recurso/540?x=1&y=2,,ok,
create,541,4,19146.311,100.638,201,W2,https://carga-541.example.com/recurso/541?x=1&y=2,,ok,
create,542,3,19156.156,101.002,201,W3,https://carga-542.example.com/recurso/542?x=1&y=2,,ok,
create,543,5,19166.617,100.620,201,W4,https://carga-543.example.com/recurso/543?x=1&y=2,,ok,
create,544,9,19176.626,99.782,201,W5,https://carga-544.example.com/recurso/544?x=1&y=2,,ok,
create,545,2,19187.225,100.068,201,W6,https://carga-545.example.com/recurso/545?x=1&y=2,,ok,
create,546,1,19197.455,100.035,201,W7,https://carga-546.example.com/recurso/546?x=1&y=2,,ok,
create,547,0,19206.605,99.900,201,W8,https://carga-547.example.com/recurso/547?x=1&y=2,,ok,
create,548,7,19215.985,99.699,201,W9,https://carga-548.example.com/recurso/548?x=1&y=2,,ok,
create,549,6,19226.548,98.679,201,WA,https://carga-549.example.com/recurso/549?x=1&y=2,,ok,
create,550,8,19237.071,98.437,201,WB,https://carga-550.example.com/recurso/550?x=1&y=2,,ok,
create,551,4,19247.070,97.255,201,WC,https://carga-551.example.com/recurso/551?x=1&y=2,,ok,
create,552,3,19257.259,96.644,201,WD,https://carga-552.example.com/recurso/552?x=1&y=2,,ok,
create,553,5,19267.345,96.316,201,WE,https://carga-553.example.com/recurso/553?x=1&y=2,,ok,
create,554,9,19276.529,96.342,201,WF,https://carga-554.example.com/recurso/554?x=1&y=2,,ok,
create,555,2,19287.457,95.098,201,WG,https://carga-555.example.com/recurso/555?x=1&y=2,,ok,
create,556,1,19297.599,94.619,201,WH,https://carga-556.example.com/recurso/556?x=1&y=2,,ok,
create,557,0,19306.597,95.710,201,WJ,https://carga-557.example.com/recurso/557?x=1&y=2,,ok,
create,558,7,19315.845,95.933,201,WK,https://carga-558.example.com/recurso/558?x=1&y=2,,ok,
create,559,6,19325.323,96.302,201,WL,https://carga-559.example.com/recurso/559?x=1&y=2,,ok,
create,560,8,19335.641,95.876,201,WM,https://carga-560.example.com/recurso/560?x=1&y=2,,ok,
create,561,4,19344.467,95.760,201,WN,https://carga-561.example.com/recurso/561?x=1&y=2,,ok,
create,562,3,19354.037,94.809,201,WP,https://carga-562.example.com/recurso/562?x=1&y=2,,ok,
create,563,5,19363.771,94.137,201,WQ,https://carga-563.example.com/recurso/563?x=1&y=2,,ok,
create,564,9,19372.976,95.075,201,WR,https://carga-564.example.com/recurso/564?x=1&y=2,,ok,
create,565,2,19382.677,94.634,201,WS,https://carga-565.example.com/recurso/565?x=1&y=2,,ok,
create,566,1,19392.331,95.105,201,WT,https://carga-566.example.com/recurso/566?x=1&y=2,,ok,
create,567,0,19402.446,94.451,201,WU,https://carga-567.example.com/recurso/567?x=1&y=2,,ok,
create,568,7,19411.941,93.784,201,WV,https://carga-568.example.com/recurso/568?x=1&y=2,,ok,
create,569,6,19421.873,93.006,201,WW,https://carga-569.example.com/recurso/569?x=1&y=2,,ok,
create,570,8,19431.623,92.090,201,WX,https://carga-570.example.com/recurso/570?x=1&y=2,,ok,
create,571,4,19440.341,92.703,201,WY,https://carga-571.example.com/recurso/571?x=1&y=2,,ok,
create,572,3,19448.979,94.328,201,WZ,https://carga-572.example.com/recurso/572?x=1&y=2,,ok,
create,573,5,19458.007,95.201,201,Wa,https://carga-573.example.com/recurso/573?x=1&y=2,,ok,
create,574,9,19468.183,94.770,201,Wb,https://carga-574.example.com/recurso/574?x=1&y=2,,ok,
create,575,2,19477.418,94.833,201,Wc,https://carga-575.example.com/recurso/575?x=1&y=2,,ok,
create,576,1,19487.537,93.985,201,Wd,https://carga-576.example.com/recurso/576?x=1&y=2,,ok,
create,577,0,19497.022,93.703,201,We,https://carga-577.example.com/recurso/577?x=1&y=2,,ok,
create,578,7,19505.867,93.783,201,Wf,https://carga-578.example.com/recurso/578?x=1&y=2,,ok,
create,579,6,19514.988,93.950,201,Wg,https://carga-579.example.com/recurso/579?x=1&y=2,,ok,
create,580,8,19523.836,94.835,201,Wh,https://carga-580.example.com/recurso/580?x=1&y=2,,ok,
create,581,4,19533.145,95.462,201,Wi,https://carga-581.example.com/recurso/581?x=1&y=2,,ok,
create,582,3,19543.413,95.254,201,Wj,https://carga-582.example.com/recurso/582?x=1&y=2,,ok,
create,583,5,19553.332,94.865,201,Wk,https://carga-583.example.com/recurso/583?x=1&y=2,,ok,
create,584,9,19563.083,94.498,201,Wm,https://carga-584.example.com/recurso/584?x=1&y=2,,ok,
create,585,2,19572.364,95.102,201,Wn,https://carga-585.example.com/recurso/585?x=1&y=2,,ok,
create,586,1,19581.625,95.531,201,Wo,https://carga-586.example.com/recurso/586?x=1&y=2,,ok,
create,587,0,19590.837,96.120,201,Wp,https://carga-587.example.com/recurso/587?x=1&y=2,,ok,
create,588,7,19599.750,98.463,201,Wq,https://carga-588.example.com/recurso/588?x=1&y=2,,ok,
create,589,6,19609.043,99.875,201,Wr,https://carga-589.example.com/recurso/589?x=1&y=2,,ok,
create,590,8,19618.803,99.846,201,Ws,https://carga-590.example.com/recurso/590?x=1&y=2,,ok,
create,591,4,19628.763,100.039,201,Wt,https://carga-591.example.com/recurso/591?x=1&y=2,,ok,
create,592,3,19638.817,100.420,201,Wu,https://carga-592.example.com/recurso/592?x=1&y=2,,ok,
create,593,5,19648.302,100.341,201,Wv,https://carga-593.example.com/recurso/593?x=1&y=2,,ok,
create,594,9,19657.685,101.861,201,Ww,https://carga-594.example.com/recurso/594?x=1&y=2,,ok,
create,595,2,19667.587,101.782,201,Wx,https://carga-595.example.com/recurso/595?x=1&y=2,,ok,
create,596,1,19677.255,101.225,201,Wy,https://carga-596.example.com/recurso/596?x=1&y=2,,ok,
create,597,0,19687.074,101.347,201,Wz,https://carga-597.example.com/recurso/597?x=1&y=2,,ok,
create,598,7,19698.329,99.623,201,X1,https://carga-598.example.com/recurso/598?x=1&y=2,,ok,
create,599,6,19709.042,99.100,201,X2,https://carga-599.example.com/recurso/599?x=1&y=2,,ok,
create,600,8,19718.758,98.435,201,X3,https://carga-600.example.com/recurso/600?x=1&y=2,,ok,
create,601,4,19728.933,99.164,201,X4,https://carga-601.example.com/recurso/601?x=1&y=2,,ok,
create,602,3,19739.344,98.466,201,X5,https://carga-602.example.com/recurso/602?x=1&y=2,,ok,
create,603,5,19748.752,98.534,201,X6,https://carga-603.example.com/recurso/603?x=1&y=2,,ok,
create,604,9,19759.644,98.029,201,X7,https://carga-604.example.com/recurso/604?x=1&y=2,,ok,
create,605,2,19769.474,97.780,201,X8,https://carga-605.example.com/recurso/605?x=1&y=2,,ok,
create,606,1,19778.574,99.132,201,X9,https://carga-606.example.com/recurso/606?x=1&y=2,,ok,
create,607,0,19788.526,99.519,201,XA,https://carga-607.example.com/recurso/607?x=1&y=2,,ok,
create,608,7,19798.068,101.396,201,XB,https://carga-608.example.com/recurso/608?x=1&y=2,,ok,
create,609,6,19808.242,99.781,201,XC,https://carga-609.example.com/recurso/609?x=1&y=2,,ok,
create,610,8,19817.317,100.212,201,XD,https://carga-610.example.com/recurso/610?x=1&y=2,,ok,
create,618,7,19899.562,27.274,201,XE,https://carga-618.example.com/recurso/618?x=1&y=2,,ok,
create,611,4,19828.203,108.517,201,XF,https://carga-611.example.com/recurso/611?x=1&y=2,,ok,
create,612,3,19837.910,108.382,201,XG,https://carga-612.example.com/recurso/612?x=1&y=2,,ok,
create,613,5,19847.401,109.045,201,XH,https://carga-613.example.com/recurso/613?x=1&y=2,,ok,
create,614,9,19857.771,107.860,201,XJ,https://carga-614.example.com/recurso/614?x=1&y=2,,ok,
create,615,2,19867.365,108.128,201,XK,https://carga-615.example.com/recurso/615?x=1&y=2,,ok,
create,616,1,19877.826,106.868,201,XL,https://carga-616.example.com/recurso/616?x=1&y=2,,ok,
create,617,0,19888.216,105.971,201,XM,https://carga-617.example.com/recurso/617?x=1&y=2,,ok,
create,619,6,19908.118,95.580,201,XN,https://carga-619.example.com/recurso/619?x=1&y=2,,ok,
create,620,8,19917.621,95.397,201,XP,https://carga-620.example.com/recurso/620?x=1&y=2,,ok,
create,621,7,19926.935,96.663,201,XQ,https://carga-621.example.com/recurso/621?x=1&y=2,,ok,
create,622,4,19936.839,96.089,201,XR,https://carga-622.example.com/recurso/622?x=1&y=2,,ok,
create,623,3,19946.412,96.101,201,XS,https://carga-623.example.com/recurso/623?x=1&y=2,,ok,
create,624,5,19956.545,95.092,201,XT,https://carga-624.example.com/recurso/624?x=1&y=2,,ok,
create,625,9,19965.768,95.672,201,XU,https://carga-625.example.com/recurso/625?x=1&y=2,,ok,
create,626,2,19975.584,95.521,201,XV,https://carga-626.example.com/recurso/626?x=1&y=2,,ok,
create,627,1,19984.820,96.634,201,XW,https://carga-627.example.com/recurso/627?x=1&y=2,,ok,
create,628,0,19994.275,96.796,201,XX,https://carga-628.example.com/recurso/628?x=1&y=2,,ok,
create,629,6,20003.827,96.556,201,XY,https://carga-629.example.com/recurso/629?x=1&y=2,,ok,
create,630,8,20013.150,96.760,201,XZ,https://carga-630.example.com/recurso/630?x=1&y=2,,ok,
create,631,7,20023.698,95.221,201,Xa,https://carga-631.example.com/recurso/631?x=1&y=2,,ok,
create,632,4,20033.022,95.493,201,Xb,https://carga-632.example.com/recurso/632?x=1&y=2,,ok,
create,633,3,20042.612,95.816,201,Xc,https://carga-633.example.com/recurso/633?x=1&y=2,,ok,
create,634,5,20051.755,96.090,201,Xd,https://carga-634.example.com/recurso/634?x=1&y=2,,ok,
create,635,9,20061.553,97.315,201,Xe,https://carga-635.example.com/recurso/635?x=1&y=2,,ok,
create,636,2,20071.205,97.235,201,Xf,https://carga-636.example.com/recurso/636?x=1&y=2,,ok,
create,637,1,20081.590,96.721,201,Xg,https://carga-637.example.com/recurso/637?x=1&y=2,,ok,
create,638,0,20091.195,98.150,201,Xh,https://carga-638.example.com/recurso/638?x=1&y=2,,ok,
create,639,6,20100.482,98.217,201,Xi,https://carga-639.example.com/recurso/639?x=1&y=2,,ok,
create,640,8,20109.998,99.014,201,Xj,https://carga-640.example.com/recurso/640?x=1&y=2,,ok,
create,641,7,20119.031,99.528,201,Xk,https://carga-641.example.com/recurso/641?x=1&y=2,,ok,
create,642,4,20128.643,100.183,201,Xm,https://carga-642.example.com/recurso/642?x=1&y=2,,ok,
create,643,3,20138.527,100.322,201,Xn,https://carga-643.example.com/recurso/643?x=1&y=2,,ok,
create,644,5,20147.976,100.512,201,Xo,https://carga-644.example.com/recurso/644?x=1&y=2,,ok,
create,645,9,20158.983,99.021,201,Xp,https://carga-645.example.com/recurso/645?x=1&y=2,,ok,
create,646,2,20168.555,98.590,201,Xq,https://carga-646.example.com/recurso/646?x=1&y=2,,ok,
create,647,1,20178.427,99.543,201,Xr,https://carga-647.example.com/recurso/647?x=1&y=2,,ok,
create,648,0,20189.448,98.038,201,Xs,https://carga-648.example.com/recurso/648?x=1&y=2,,ok,
create,649,6,20198.861,97.742,201,Xt,https://carga-649.example.com/recurso/649?x=1&y=2,,ok,
create,650,8,20209.124,98.398,201,Xu,https://carga-650.example.com/recurso/650?x=1&y=2,,ok,
create,651,7,20218.701,97.853,201,Xv,https://carga-651.example.com/recurso/651?x=1&y=2,,ok,
create,652,4,20228.936,97.291,201,Xw,https://carga-652.example.com/recurso/652?x=1&y=2,,ok,
create,653,3,20238.985,95.784,201,Xx,https://carga-653.example.com/recurso/653?x=1&y=2,,ok,
create,654,5,20248.593,95.498,201,Xy,https://carga-654.example.com/recurso/654?x=1&y=2,,ok,
create,655,9,20258.103,95.523,201,Xz,https://carga-655.example.com/recurso/655?x=1&y=2,,ok,
create,656,2,20267.256,96.066,201,Y1,https://carga-656.example.com/recurso/656?x=1&y=2,,ok,
create,657,1,20278.109,95.484,201,Y2,https://carga-657.example.com/recurso/657?x=1&y=2,,ok,
create,658,0,20287.581,94.875,201,Y3,https://carga-658.example.com/recurso/658?x=1&y=2,,ok,
create,659,6,20296.689,95.581,201,Y4,https://carga-659.example.com/recurso/659?x=1&y=2,,ok,
create,660,8,20307.620,94.067,201,Y5,https://carga-660.example.com/recurso/660?x=1&y=2,,ok,
create,661,7,20316.684,95.732,201,Y6,https://carga-661.example.com/recurso/661?x=1&y=2,,ok,
create,662,4,20326.320,96.301,201,Y7,https://carga-662.example.com/recurso/662?x=1&y=2,,ok,
create,663,3,20334.929,97.311,201,Y8,https://carga-663.example.com/recurso/663?x=1&y=2,,ok,
create,664,5,20344.185,101.163,201,Y9,https://carga-664.example.com/recurso/664?x=1&y=2,,ok,
create,665,9,20353.720,101.742,201,YA,https://carga-665.example.com/recurso/665?x=1&y=2,,ok,
create,666,2,20363.447,101.316,201,YB,https://carga-666.example.com/recurso/666?x=1&y=2,,ok,
create,667,1,20373.689,101.181,201,YC,https://carga-667.example.com/recurso/667?x=1&y=2,,ok,
create,668,0,20382.563,101.932,201,YD,https://carga-668.example.com/recurso/668?x=1&y=2,,ok,
create,669,6,20392.378,101.372,201,YE,https://carga-669.example.com/recurso/669?x=1&y=2,,ok,
create,670,8,20401.859,100.710,201,YF,https://carga-670.example.com/recurso/670?x=1&y=2,,ok,
create,671,7,20412.543,99.117,201,YG,https://carga-671.example.com/recurso/671?x=1&y=2,,ok,
create,672,4,20422.709,97.964,201,YH,https://carga-672.example.com/recurso/672?x=1&y=2,,ok,
create,673,3,20432.359,97.927,201,YJ,https://carga-673.example.com/recurso/673?x=1&y=2,,ok,
create,674,5,20445.450,94.867,201,YK,https://carga-674.example.com/recurso/674?x=1&y=2,,ok,
create,675,9,20455.570,94.468,201,YL,https://carga-675.example.com/recurso/675?x=1&y=2,,ok,
create,676,2,20464.882,94.590,201,YM,https://carga-676.example.com/recurso/676?x=1&y=2,,ok,
create,677,1,20474.970,94.104,201,YN,https://carga-677.example.com/recurso/677?x=1&y=2,,ok,
create,678,0,20484.614,93.911,201,YP,https://carga-678.example.com/recurso/678?x=1&y=2,,ok,
create,679,6,20493.864,94.206,201,YQ,https://carga-679.example.com/recurso/679?x=1&y=2,,ok,
create,680,8,20502.663,94.821,201,YR,https://carga-680.example.com/recurso/680?x=1&y=2,,ok,
create,681,7,20511.753,95.666,201,YS,https://carga-681.example.com/recurso/681?x=1&y=2,,ok,
create,682,4,20520.766,96.373,201,YT,https://carga-682.example.com/recurso/682?x=1&y=2,,ok,
create,683,3,20530.345,96.810,201,YU,https://carga-683.example.com/recurso/683?x=1&y=2,,ok,
create,684,5,20540.417,96.101,201,YV,https://carga-684.example.com/recurso/684?x=1&y=2,,ok,
create,685,9,20550.156,95.417,201,YW,https://carga-685.example.com/recurso/685?x=1&y=2,,ok,
create,686,2,20559.619,96.691,201,YX,https://carga-686.example.com/recurso/686?x=1&y=2,,ok,
create,687,1,20569.198,95.893,201,YY,https://carga-687.example.com/recurso/687?x=1&y=2,,ok,
create,688,0,20578.620,96.097,201,YZ,https://carga-688.example.com/recurso/688?x=1&y=2,,ok,
create,689,6,20588.180,95.458,201,Ya,https://carga-689.example.com/recurso/689?x=1&y=2,,ok,
create,690,8,20597.565,95.519,201,Yb,https://carga-690.example.com/recurso/690?x=1&y=2,,ok,
create,691,7,20607.523,94.552,201,Yc,https://carga-691.example.com/recurso/691?x=1&y=2,,ok,
create,692,4,20617.296,93.703,201,Yd,https://carga-692.example.com/recurso/692?x=1&y=2,,ok,
create,693,3,20627.253,92.425,201,Ye,https://carga-693.example.com/recurso/693?x=1&y=2,,ok,
create,694,5,20636.615,93.056,201,Yf,https://carga-694.example.com/recurso/694?x=1&y=2,,ok,
create,695,9,20645.670,93.173,201,Yg,https://carga-695.example.com/recurso/695?x=1&y=2,,ok,
create,696,2,20656.412,91.888,201,Yh,https://carga-696.example.com/recurso/696?x=1&y=2,,ok,
create,697,1,20665.189,93.997,201,Yi,https://carga-697.example.com/recurso/697?x=1&y=2,,ok,
create,698,0,20674.856,94.410,201,Yj,https://carga-698.example.com/recurso/698?x=1&y=2,,ok,
create,699,6,20683.763,95.348,201,Yk,https://carga-699.example.com/recurso/699?x=1&y=2,,ok,
create,700,8,20693.191,101.387,201,Ym,https://carga-700.example.com/recurso/700?x=1&y=2,,ok,
create,701,7,20702.224,101.366,201,Yn,https://carga-701.example.com/recurso/701?x=1&y=2,,ok,
create,702,4,20711.105,102.524,201,Yo,https://carga-702.example.com/recurso/702?x=1&y=2,,ok,
create,703,3,20719.831,102.628,201,Yp,https://carga-703.example.com/recurso/703?x=1&y=2,,ok,
create,704,5,20729.769,101.491,201,Yq,https://carga-704.example.com/recurso/704?x=1&y=2,,ok,
create,705,9,20738.963,101.485,201,Yr,https://carga-705.example.com/recurso/705?x=1&y=2,,ok,
create,706,2,20748.418,100.675,201,Ys,https://carga-706.example.com/recurso/706?x=1&y=2,,ok,
create,707,1,20759.309,99.553,201,Yt,https://carga-707.example.com/recurso/707?x=1&y=2,,ok,
create,708,0,20769.405,98.336,201,Yu,https://carga-708.example.com/recurso/708?x=1&y=2,,ok,
create,709,6,20779.249,98.769,201,Yv,https://carga-709.example.com/recurso/709?x=1&y=2,,ok,
create,710,8,20794.682,92.383,201,Yw,https://carga-710.example.com/recurso/710?x=1&y=2,,ok,
create,711,7,20803.695,91.858,201,Yx,https://carga-711.example.com/recurso/711?x=1&y=2,,ok,
create,712,4,20813.728,90.661,201,Yy,https://carga-712.example.com/recurso/712?x=1&y=2,,ok,
create,713,3,20822.543,90.340,201,Yz,https://carga-713.example.com/recurso/713?x=1&y=2,,ok,
create,714,5,20831.356,90.586,201,Z1,https://carga-714.example.com/recurso/714?x=1&y=2,,ok,
create,715,9,20840.544,91.771,201,Z2,https://carga-715.example.com/recurso/715?x=1&y=2,,ok,
create,716,2,20849.191,93.357,201,Z3,https://carga-716.example.com/recurso/716?x=1&y=2,,ok,
create,717,1,20858.987,94.776,201,Z4,https://carga-717.example.com/recurso/717?x=1&y=2,,ok,
create,718,0,20867.909,94.870,201,Z5,https://carga-718.example.com/recurso/718?x=1&y=2,,ok,
create,719,6,20878.152,93.341,201,Z6,https://carga-719.example.com/recurso/719?x=1&y=2,,ok,
create,720,8,20887.245,92.503,201,Z7,https://carga-720.example.com/recurso/720?x=1&y=2,,ok,
create,721,7,20895.645,92.641,201,Z8,https://carga-721.example.com/recurso/721?x=1&y=2,,ok,
create,722,4,20904.488,92.213,201,Z9,https://carga-722.example.com/recurso/722?x=1&y=2,,ok,
create,723,3,20912.978,93.097,201,ZA,https://carga-723.example.com/recurso/723?x=1&y=2,,ok,
create,724,5,20922.062,93.167,201,ZB,https://carga-724.example.com/recurso/724?x=1&y=2,,ok,
create,725,9,20932.430,92.523,201,ZC,https://carga-725.example.com/recurso/725?x=1&y=2,,ok,
create,726,2,20942.658,90.838,201,ZD,https://carga-726.example.com/recurso/726?x=1&y=2,,ok,
create,727,1,20953.905,89.083,201,ZE,https://carga-727.example.com/recurso/727?x=1&y=2,,ok,
create,728,0,20962.951,88.699,201,ZF,https://carga-728.example.com/recurso/728?x=1&y=2,,ok,
create,729,6,20971.594,89.220,201,ZG,https://carga-729.example.com/recurso/729?x=1&y=2,,ok,
create,730,8,20979.860,89.441,201,ZH,https://carga-730.example.com/recurso/730?x=1&y=2,,ok,
create,731,7,20988.388,90.267,201,ZJ,https://carga-731.example.com/recurso/731?x=1&y=2,,ok,
create,732,4,20996.776,91.707,201,ZK,https://carga-732.example.com/recurso/732?x=1&y=2,,ok,
create,733,3,21006.200,90.861,201,ZL,https://carga-733.example.com/recurso/733?x=1&y=2,,ok,
create,734,5,21015.323,90.669,201,ZM,https://carga-734.example.com/recurso/734?x=1&y=2,,ok,
create,735,9,21025.064,89.227,201,ZN,https://carga-735.example.com/recurso/735?x=1&y=2,,ok,
create,736,2,21033.609,89.428,201,ZP,https://carga-736.example.com/recurso/736?x=1&y=2,,ok,
create,737,1,21043.095,88.652,201,ZQ,https://carga-737.example.com/recurso/737?x=1&y=2,,ok,
create,738,0,21051.721,89.548,201,ZR,https://carga-738.example.com/recurso/738?x=1&y=2,,ok,
create,739,6,21060.909,90.206,201,ZS,https://carga-739.example.com/recurso/739?x=1&y=2,,ok,
create,740,8,21069.405,91.846,201,ZT,https://carga-740.example.com/recurso/740?x=1&y=2,,ok,
create,741,7,21078.935,91.622,201,ZU,https://carga-741.example.com/recurso/741?x=1&y=2,,ok,
create,742,4,21088.575,92.383,201,ZV,https://carga-742.example.com/recurso/742?x=1&y=2,,ok,
create,743,3,21097.150,94.485,201,ZW,https://carga-743.example.com/recurso/743?x=1&y=2,,ok,
create,744,5,21106.086,95.405,201,ZX,https://carga-744.example.com/recurso/744?x=1&y=2,,ok,
create,745,9,21114.374,97.459,201,ZY,https://carga-745.example.com/recurso/745?x=1&y=2,,ok,
create,746,2,21123.156,98.249,201,ZZ,https://carga-746.example.com/recurso/746?x=1&y=2,,ok,
create,747,1,21131.884,99.737,201,Za,https://carga-747.example.com/recurso/747?x=1&y=2,,ok,
create,748,0,21141.411,101.105,201,Zb,https://carga-748.example.com/recurso/748?x=1&y=2,,ok,
create,749,6,21151.252,99.758,201,Zc,https://carga-749.example.com/recurso/749?x=1&y=2,,ok,
create,750,8,21161.356,100.282,201,Zd,https://carga-750.example.com/recurso/750?x=1&y=2,,ok,
create,751,7,21170.694,101.207,201,Ze,https://carga-751.example.com/recurso/751?x=1&y=2,,ok,
create,752,4,21181.081,100.697,201,Zf,https://carga-752.example.com/recurso/752?x=1&y=2,,ok,
create,753,3,21191.746,100.004,201,Zg,https://carga-753.example.com/recurso/753?x=1&y=2,,ok,
create,754,5,21201.595,99.342,201,Zh,https://carga-754.example.com/recurso/754?x=1&y=2,,ok,
create,755,9,21211.960,98.620,201,Zi,https://carga-755.example.com/recurso/755?x=1&y=2,,ok,
create,756,2,21221.542,99.846,201,Zj,https://carga-756.example.com/recurso/756?x=1&y=2,,ok,
create,757,1,21231.725,99.009,201,Zk,https://carga-757.example.com/recurso/757?x=1&y=2,,ok,
create,758,0,21242.618,96.671,201,Zm,https://carga-758.example.com/recurso/758?x=1&y=2,,ok,
create,759,6,21251.131,96.391,201,Zn,https://carga-759.example.com/recurso/759?x=1&y=2,,ok,
create,760,8,21261.781,94.650,201,Zo,https://carga-760.example.com/recurso/760?x=1&y=2,,ok,
create,761,7,21271.965,93.251,201,Zp,https://carga-761.example.com/recurso/761?x=1&y=2,,ok,
create,762,4,21281.982,92.675,201,Zq,https://carga-762.example.com/recurso/762?x=1&y=2,,ok,
create,769,6,21347.575,36.207,201,Zr,https://carga-769.example.com/recurso/769?x=1&y=2,,ok,
create,763,3,21291.959,101.762,201,Zs,https://carga-763.example.com/recurso/763?x=1&y=2,,ok,
create,764,5,21301.033,101.812,201,Zt,https://carga-764.example.com/recurso/764?x=1&y=2,,ok,
create,765,9,21310.678,101.434,201,Zu,https://carga-765.example.com/recurso/765?x=1&y=2,,ok,
create,766,2,21321.541,99.762,201,Zv,https://carga-766.example.com/recurso/766?x=1&y=2,,ok,
create,767,1,21330.875,99.842,201,Zw,https://carga-767.example.com/recurso/767?x=1&y=2,,ok,
create,768,0,21339.379,100.398,201,Zx,https://carga-768.example.com/recurso/768?x=1&y=2,,ok,
create,770,8,21356.550,92.219,201,Zy,https://carga-770.example.com/recurso/770?x=1&y=2,,ok,
create,771,7,21365.342,92.260,201,Zz,https://carga-771.example.com/recurso/771?x=1&y=2,,ok,
create,772,4,21374.758,91.451,201,a1,https://carga-772.example.com/recurso/772?x=1&y=2,,ok,
create,773,6,21383.909,92.008,201,a2,https://carga-773.example.com/recurso/773?x=1&y=2,,ok,
create,774,3,21393.858,91.923,201,a3,https://carga-774.example.com/recurso/774?x=1&y=2,,ok,
create,775,5,21402.948,92.781,201,a4,https://carga-775.example.com/recurso/775?x=1&y=2,,ok,
create,776,9,21412.212,91.541,201,a5,https://carga-776.example.com/recurso/776?x=1&y=2,,ok,
create,777,2,21421.439,91.752,201,a6,https://carga-777.example.com/recurso/777?x=1&y=2,,ok,
create,778,1,21430.837,91.300,201,a7,https://carga-778.example.com/recurso/778?x=1&y=2,,ok,
create,779,0,21439.937,90.173,201,a8,https://carga-779.example.com/recurso/779?x=1&y=2,,ok,
create,780,8,21448.895,90.315,201,a9,https://carga-780.example.com/recurso/780?x=1&y=2,,ok,
create,781,7,21457.732,89.964,201,aA,https://carga-781.example.com/recurso/781?x=1&y=2,,ok,
create,782,4,21466.300,90.529,201,aB,https://carga-782.example.com/recurso/782?x=1&y=2,,ok,
create,783,6,21476.016,89.704,201,aC,https://carga-783.example.com/recurso/783?x=1&y=2,,ok,
create,784,3,21485.917,89.464,201,aD,https://carga-784.example.com/recurso/784?x=1&y=2,,ok,
create,785,5,21495.841,88.494,201,aE,https://carga-785.example.com/recurso/785?x=1&y=2,,ok,
create,786,9,21503.880,90.064,201,aF,https://carga-786.example.com/recurso/786?x=1&y=2,,ok,
create,787,2,21513.290,89.055,201,aG,https://carga-787.example.com/recurso/787?x=1&y=2,,ok,
create,788,1,21522.263,89.714,201,aH,https://carga-788.example.com/recurso/788?x=1&y=2,,ok,
create,789,0,21530.193,90.053,201,aJ,https://carga-789.example.com/recurso/789?x=1&y=2,,ok,
create,790,8,21539.309,90.656,201,aK,https://carga-790.example.com/recurso/790?x=1&y=2,,ok,
create,791,7,21547.778,90.836,201,aL,https://carga-791.example.com/recurso/791?x=1&y=2,,ok,
create,792,4,21556.931,91.062,201,aM,https://carga-792.example.com/recurso/792?x=1&y=2,,ok,
create,793,6,21565.839,90.812,201,aN,https://carga-793.example.com/recurso/793?x=1&y=2,,ok,
create,794,3,21575.494,89.643,201,aP,https://carga-794.example.com/recurso/794?x=1&y=2,,ok,
create,795,5,21584.429,90.040,201,aQ,https://carga-795.example.com/recurso/795?x=1&y=2,,ok,
create,796,9,21594.038,89.012,201,aR,https://carga-796.example.com/recurso/796?x=1&y=2,,ok,
create,797,2,21602.476,89.256,201,aS,https://carga-797.example.com/recurso/797?x=1&y=2,,ok,
create,798,1,21612.080,88.541,201,aT,https://carga-798.example.com/recurso/798?x=1&y=2,,ok,
create,799,0,21620.353,89.660,201,aU,https://carga-799.example.com/recurso/799?x=1&y=2,,ok,
create,800,8,21630.069,89.042,201,aV,https://carga-800.example.com/recurso/800?x=1&y=2,,ok,
create,801,7,21638.718,90.658,201,aW,https://carga-801.example.com/recurso/801?x=1&y=2,,ok,
create,802,4,21648.092,90.168,201,aX,https://carga-802.example.com/recurso/802?x=1&y=2,,ok,
create,803,6,21656.783,90.469,201,aY,https://carga-803.example.com/recurso/803?x=1&y=2,,ok,
create,804,3,21665.218,90.957,201,aZ,https://carga-804.example.com/recurso/804?x=1&y=2,,ok,
create,805,5,21674.565,90.615,201,aa,https://carga-805.example.com/recurso/805?x=1&y=2,,ok,
create,806,9,21683.148,90.677,201,ab,https://carga-806.example.com/recurso/806?x=1&y=2,,ok,
create,807,2,21691.845,91.121,201,ac,https://carga-807.example.com/recurso/807?x=1&y=2,,ok,
create,808,1,21700.715,91.555,201,ad,https://carga-808.example.com/recurso/808?x=1&y=2,,ok,
create,809,0,21710.121,90.560,201,ae,https://carga-809.example.com/recurso/809?x=1&y=2,,ok,
create,810,8,21719.231,90.751,201,af,https://carga-810.example.com/recurso/810?x=1&y=2,,ok,
create,811,7,21729.472,89.214,201,ag,https://carga-811.example.com/recurso/811?x=1&y=2,,ok,
create,812,4,21738.409,89.435,201,ah,https://carga-812.example.com/recurso/812?x=1&y=2,,ok,
create,813,6,21747.347,89.156,201,ai,https://carga-813.example.com/recurso/813?x=1&y=2,,ok,
create,814,3,21756.328,89.483,201,aj,https://carga-814.example.com/recurso/814?x=1&y=2,,ok,
create,815,5,21765.273,90.239,201,ak,https://carga-815.example.com/recurso/815?x=1&y=2,,ok,
create,816,9,21773.960,90.367,201,am,https://carga-816.example.com/recurso/816?x=1&y=2,,ok,
create,817,2,21783.066,90.286,201,an,https://carga-817.example.com/recurso/817?x=1&y=2,,ok,
create,818,1,21792.401,90.010,201,ao,https://carga-818.example.com/recurso/818?x=1&y=2,,ok,
create,819,0,21800.825,90.858,201,ap,https://carga-819.example.com/recurso/819?x=1&y=2,,ok,
create,820,8,21810.086,90.251,201,aq,https://carga-820.example.com/recurso/820?x=1&y=2,,ok,
create,821,7,21818.816,90.772,201,ar,https://carga-821.example.com/recurso/821?x=1&y=2,,ok,
create,822,4,21827.943,90.928,201,as,https://carga-822.example.com/recurso/822?x=1&y=2,,ok,
create,823,6,21836.598,92.810,201,at,https://carga-823.example.com/recurso/823?x=1&y=2,,ok,
create,824,3,21845.912,91.824,201,au,https://carga-824.example.com/recurso/824?x=1&y=2,,ok,
create,825,5,21855.692,91.342,201,av,https://carga-825.example.com/recurso/825?x=1&y=2,,ok,
create,826,9,21864.426,91.643,201,aw,https://carga-826.example.com/recurso/826?x=1&y=2,,ok,
create,827,2,21873.467,91.573,201,ax,https://carga-827.example.com/recurso/827?x=1&y=2,,ok,
create,828,1,21882.501,91.027,201,ay,https://carga-828.example.com/recurso/828?x=1&y=2,,ok,
create,829,0,21891.861,91.809,201,az,https://carga-829.example.com/recurso/829?x=1&y=2,,ok,
create,830,8,21900.437,92.798,201,b1,https://carga-830.example.com/recurso/830?x=1&y=2,,ok,
create,831,7,21909.693,92.002,201,b2,https://carga-831.example.com/recurso/831?x=1&y=2,,ok,
create,832,4,21919.011,91.402,201,b3,https://carga-832.example.com/recurso/832?x=1&y=2,,ok,
create,833,6,21929.505,89.774,201,b4,https://carga-833.example.com/recurso/833?x=1&y=2,,ok,
create,834,3,21937.854,91.127,201,b5,https://carga-834.example.com/recurso/834?x=1&y=2,,ok,
create,835,5,21947.130,89.754,201,b6,https://carga-835.example.com/recurso/835?x=1&y=2,,ok,
create,836,9,21956.154,90.138,201,b7,https://carga-836.example.com/recurso/836?x=1&y=2,,ok,
create,837,2,21965.134,90.600,201,b8,https://carga-837.example.com/recurso/837?x=1&y=2,,ok,
create,838,1,21973.628,92.625,201,b9,https://carga-838.example.com/recurso/838?x=1&y=2,,ok,
create,839,0,21983.808,91.521,201,bA,https://carga-839.example.com/recurso/839?x=1&y=2,,ok,
create,840,8,21993.323,91.323,201,bB,https://carga-840.example.com/recurso/840?x=1&y=2,,ok,
create,841,7,22001.802,91.458,201,bC,https://carga-841.example.com/recurso/841?x=1&y=2,,ok,
create,842,4,22010.515,91.224,201,bD,https://carga-842.example.com/recurso/842?x=1&y=2,,ok,
create,843,6,22019.414,91.860,201,bE,https://carga-843.example.com/recurso/843?x=1&y=2,,ok,
create,844,3,22029.080,90.642,201,bF,https://carga-844.example.com/recurso/844?x=1&y=2,,ok,
create,845,5,22036.965,92.854,201,bG,https://carga-845.example.com/recurso/845?x=1&y=2,,ok,
create,846,9,22046.392,91.799,201,bH,https://carga-846.example.com/recurso/846?x=1&y=2,,ok,
create,847,2,22055.877,92.771,201,bJ,https://carga-847.example.com/recurso/847?x=1&y=2,,ok,
create,848,1,22066.352,92.395,201,bK,https://carga-848.example.com/recurso/848?x=1&y=2,,ok,
create,849,0,22075.440,93.092,201,bL,https://carga-849.example.com/recurso/849?x=1&y=2,,ok,
create,850,8,22084.756,93.848,201,bM,https://carga-850.example.com/recurso/850?x=1&y=2,,ok,
create,851,7,22093.361,94.086,201,bN,https://carga-851.example.com/recurso/851?x=1&y=2,,ok,
create,852,4,22101.880,95.818,201,bP,https://carga-852.example.com/recurso/852?x=1&y=2,,ok,
create,853,6,22111.403,94.759,201,bQ,https://carga-853.example.com/recurso/853?x=1&y=2,,ok,
create,854,3,22119.832,95.740,201,bR,https://carga-854.example.com/recurso/854?x=1&y=2,,ok,
create,855,5,22129.921,93.678,201,bS,https://carga-855.example.com/recurso/855?x=1&y=2,,ok,
create,856,9,22138.289,95.101,201,bT,https://carga-856.example.com/recurso/856?x=1&y=2,,ok,
create,857,2,22148.757,93.305,201,bU,https://carga-857.example.com/recurso/857?x=1&y=2,,ok,
create,858,1,22159.235,92.435,201,bV,https://carga-858.example.com/recurso/858?x=1&y=2,,ok,
create,859,0,22168.639,92.485,201,bW,https://carga-859.example.com/recurso/859?x=1&y=2,,ok,
create,860,8,22178.707,90.709,201,bX,https://carga-860.example.com/recurso/860?x=1&y=2,,ok,
create,861,7,22187.585,90.590,201,bY,https://carga-861.example.com/recurso/861?x=1&y=2,,ok,
create,862,4,22197.840,89.290,201,bZ,https://carga-862.example.com/recurso/862?x=1&y=2,,ok,
create,863,6,22206.295,89.914,201,ba,https://carga-863.example.com/recurso/863?x=1&y=2,,ok,
create,864,3,22215.669,89.733,201,bb,https://carga-864.example.com/recurso/864?x=1&y=2,,ok,
create,865,5,22223.753,91.112,201,bc,https://carga-865.example.com/recurso/865?x=1&y=2,,ok,
create,866,9,22233.485,91.103,201,bd,https://carga-866.example.com/recurso/866?x=1&y=2,,ok,
create,867,2,22242.191,91.617,201,be,https://carga-867.example.com/recurso/867?x=1&y=2,,ok,
create,868,1,22251.776,91.124,201,bf,https://carga-868.example.com/recurso/868?x=1&y=2,,ok,
create,869,0,22261.223,90.502,201,bg,https://carga-869.example.com/recurso/869?x=1&y=2,,ok,
create,870,8,22269.502,91.244,201,bh,https://carga-870.example.com/recurso/870?x=1&y=2,,ok,
create,871,7,22278.279,90.849,201,bi,https://carga-871.example.com/recurso/871?x=1&y=2,,ok,
create,872,4,22287.220,91.269,201,bj,https://carga-872.example.com/recurso/872?x=1&y=2,,ok,
create,873,6,22296.318,91.061,201,bk,https://carga-873.example.com/recurso/873?x=1&y=2,,ok,
create,874,3,22305.509,91.457,201,bm,https://carga-874.example.com/recurso/874?x=1&y=2,,ok,
create,875,5,22314.969,89.994,201,bn,https://carga-875.example.com/recurso/875?x=1&y=2,,ok,
create,876,9,22324.734,89.918,201,bo,https://carga-876.example.com/recurso/876?x=1&y=2,,ok,
create,877,2,22333.901,89.446,201,bp,https://carga-877.example.com/recurso/877?x=1&y=2,,ok,
create,878,1,22343.059,90.446,201,bq,https://carga-878.example.com/recurso/878?x=1&y=2,,ok,
create,879,0,22351.870,90.337,201,br,https://carga-879.example.com/recurso/879?x=1&y=2,,ok,
create,880,8,22360.882,90.841,201,bs,https://carga-880.example.com/recurso/880?x=1&y=2,,ok,
create,881,7,22369.212,91.906,201,bt,https://carga-881.example.com/recurso/881?x=1&y=2,,ok,
create,882,4,22378.595,90.926,201,bu,https://carga-882.example.com/recurso/882?x=1&y=2,,ok,
create,883,6,22387.480,91.057,201,bv,https://carga-883.example.com/recurso/883?x=1&y=2,,ok,
create,884,3,22397.071,90.382,201,bw,https://carga-884.example.com/recurso/884?x=1&y=2,,ok,
create,885,5,22405.052,93.253,201,bx,https://carga-885.example.com/recurso/885?x=1&y=2,,ok,
create,886,9,22414.744,92.617,201,by,https://carga-886.example.com/recurso/886?x=1&y=2,,ok,
create,887,2,22423.486,93.829,201,bz,https://carga-887.example.com/recurso/887?x=1&y=2,,ok,
create,888,1,22433.603,93.937,201,c1,https://carga-888.example.com/recurso/888?x=1&y=2,,ok,
create,889,0,22442.341,94.417,201,c2,https://carga-889.example.com/recurso/889?x=1&y=2,,ok,
create,890,8,22451.864,94.723,201,c3,https://carga-890.example.com/recurso/890?x=1&y=2,,ok,
create,891,7,22461.233,93.974,201,c4,https://carga-891.example.com/recurso/891?x=1&y=2,,ok,
create,892,4,22469.620,96.209,201,c5,https://carga-892.example.com/recurso/892?x=1&y=2,,ok,
create,893,6,22478.653,96.287,201,c6,https://carga-893.example.com/recurso/893?x=1&y=2,,ok,
create,894,3,22487.568,98.094,201,c7,https://carga-894.example.com/recurso/894?x=1&y=2,,ok,
create,895,5,22498.409,97.020,201,c8,https://carga-895.example.com/recurso/895?x=1&y=2,,ok,
create,896,9,22507.523,97.841,201,c9,https://carga-896.example.com/recurso/896?x=1&y=2,,ok,
create,897,2,22517.418,98.354,201,cA,https://carga-897.example.com/recurso/897?x=1&y=2,,ok,
create,898,1,22527.653,97.806,201,cB,https://carga-898.example.com/recurso/898?x=1&y=2,,ok,
create,899,0,22536.874,98.182,201,cC,https://carga-899.example.com/recurso/899?x=1&y=2,,ok,
create,900,8,22546.683,97.895,201,cD,https://carga-900.example.com/recurso/900?x=1&y=2,,ok,
create,901,7,22555.305,98.567,201,cE,https://carga-901.example.com/recurso/901?x=1&y=2,,ok,
create,902,4,22565.951,96.807,201,cF,https://carga-902.example.com/recurso/902?x=1&y=2,,ok,
create,903,6,22575.067,96.092,201,cG,https://carga-903.example.com/recurso/903?x=1&y=2,,ok,
create,904,3,22585.763,94.844,201,cH,https://carga-904.example.com/recurso/904?x=1&y=2,,ok,
create,905,5,22595.550,93.966,201,cJ,https://carga-905.example.com/recurso/905?x=1&y=2,,ok,
create,906,9,22605.467,94.032,201,cK,https://carga-906.example.com/recurso/906?x=1&y=2,,ok,
create,907,2,22615.925,93.370,201,cL,https://carga-907.example.com/recurso/907?x=1&y=2,,ok,
create,908,1,22625.615,93.491,201,cM,https://carga-908.example.com/recurso/908?x=1&y=2,,ok,
create,909,0,22635.189,93.095,201,cN,https://carga-909.example.com/recurso/909?x=1&y=2,,ok,
create,910,8,22644.724,92.050,201,cP,https://carga-910.example.com/recurso/910?x=1&y=2,,ok,
create,911,7,22654.002,92.084,201,cQ,https://carga-911.example.com/recurso/911?x=1&y=2,,ok,
create,912,4,22662.900,92.408,201,cR,https://carga-912.example.com/recurso/912?x=1&y=2,,ok,
create,913,6,22671.282,94.722,201,cS,https://carga-913.example.com/recurso/913?x=1&y=2,,ok,
create,914,3,22680.705,93.685,201,cT,https://carga-914.example.com/recurso/914?x=1&y=2,,ok,
create,915,5,22689.623,93.984,201,cU,https://carga-915.example.com/recurso/915?x=1&y=2,,ok,
create,916,9,22699.594,93.720,201,cV,https://carga-916.example.com/recurso/916?x=1&y=2,,ok,
create,917,2,22709.429,93.009,201,cW,https://carga-917.example.com/recurso/917?x=1&y=2,,ok,
create,918,1,22719.217,91.990,201,cX,https://carga-918.example.com/recurso/918?x=1&y=2,,ok,
create,919,0,22728.381,91.391,201,cY,https://carga-919.example.com/recurso/919?x=1&y=2,,ok,
create,920,8,22736.972,92.100,201,cZ,https://carga-920.example.com/recurso/920?x=1&y=2,,ok,
create,921,7,22746.177,91.455,201,ca,https://carga-921.example.com/recurso/921?x=1&y=2,,ok,
create,922,4,22755.433,91.835,201,cb,https://carga-922.example.com/recurso/922?x=1&y=2,,ok,
create,923,6,22766.103,89.963,201,cc,https://carga-923.example.com/recurso/923?x=1&y=2,,ok,
create,924,3,22774.480,91.231,201,cd,https://carga-924.example.com/recurso/924?x=1&y=2,,ok,
create,925,5,22783.709,90.511,201,ce,https://carga-925.example.com/recurso/925?x=1&y=2,,ok,
create,926,9,22793.429,91.330,201,cf,https://carga-926.example.com/recurso/926?x=1&y=2,,ok,
create,927,2,22802.534,92.046,201,cg,https://carga-927.example.com/recurso/927?x=1&y=2,,ok,
create,928,1,22811.314,91.978,201,ch,https://carga-928.example.com/recurso/928?x=1&y=2,,ok,
create,929,0,22819.910,92.075,201,ci,https://carga-929.example.com/recurso/929?x=1&y=2,,ok,
create,930,8,22829.205,93.097,201,cj,https://carga-930.example.com/recurso/930?x=1&y=2,,ok,
create,931,7,22837.723,93.650,201,ck,https://carga-931.example.com/recurso/931?x=1&y=2,,ok,
create,932,4,22847.401,92.496,201,cm,https://carga-932.example.com/recurso/932?x=1&y=2,,ok,
create,933,6,22856.165,96.941,201,cn,https://carga-933.example.com/recurso/933?x=1&y=2,,ok,
create,934,3,22865.879,96.344,201,co,https://carga-934.example.com/recurso/934?x=1&y=2,,ok,
create,935,5,22874.319,96.196,201,cp,https://carga-935.example.com/recurso/935?x=1&y=2,,ok,
create,936,9,22884.876,94.499,201,cq,https://carga-936.example.com/recurso/936?x=1&y=2,,ok,
create,937,2,22894.681,93.959,201,cr,https://carga-937.example.com/recurso/937?x=1&y=2,,ok,
create,938,1,22903.378,94.673,201,cs,https://carga-938.example.com/recurso/938?x=1&y=2,,ok,
create,939,0,22912.127,95.065,201,ct,https://carga-939.example.com/recurso/939?x=1&y=2,,ok,
create,940,8,22922.405,93.888,201,cu,https://carga-940.example.com/recurso/940?x=1&y=2,,ok,
create,941,7,22931.502,93.121,201,cv,https://carga-941.example.com/recurso/941?x=1&y=2,,ok,
create,942,4,22940.003,94.611,201,cw,https://carga-942.example.com/recurso/942?x=1&y=2,,ok,
create,943,6,22953.208,90.440,201,cx,https://carga-943.example.com/recurso/943?x=1&y=2,,ok,
create,944,3,22962.317,90.945,201,cy,https://carga-944.example.com/recurso/944?x=1&y=2,,ok,
create,945,5,22970.605,91.937,201,cz,https://carga-945.example.com/recurso/945?x=1&y=2,,ok,
create,946,9,22979.479,91.898,201,d1,https://carga-946.example.com/recurso/946?x=1&y=2,,ok,
create,947,2,22988.735,91.865,201,d2,https://carga-947.example.com/recurso/947?x=1&y=2,,ok,
create,948,1,22998.180,91.267,201,d3,https://carga-948.example.com/recurso/948?x=1&y=2,,ok,
create,949,0,23007.291,91.685,201,d4,https://carga-949.example.com/recurso/949?x=1&y=2,,ok,
create,950,8,23016.388,91.128,201,d5,https://carga-950.example.com/recurso/950?x=1&y=2,,ok,
create,951,7,23024.716,91.911,201,d6,https://carga-951.example.com/recurso/951?x=1&y=2,,ok,
create,952,4,23034.710,90.727,201,d7,https://carga-952.example.com/recurso/952?x=1&y=2,,ok,
create,953,6,23043.755,91.687,201,d8,https://carga-953.example.com/recurso/953?x=1&y=2,,ok,
create,954,3,23053.387,91.509,201,d9,https://carga-954.example.com/recurso/954?x=1&y=2,,ok,
create,955,5,23062.660,92.585,201,dA,https://carga-955.example.com/recurso/955?x=1&y=2,,ok,
create,956,9,23071.491,93.532,201,dB,https://carga-956.example.com/recurso/956?x=1&y=2,,ok,
create,957,2,23080.705,92.821,201,dC,https://carga-957.example.com/recurso/957?x=1&y=2,,ok,
create,958,1,23089.539,93.967,201,dD,https://carga-958.example.com/recurso/958?x=1&y=2,,ok,
create,959,0,23099.086,93.855,201,dE,https://carga-959.example.com/recurso/959?x=1&y=2,,ok,
create,960,8,23107.614,94.809,201,dF,https://carga-960.example.com/recurso/960?x=1&y=2,,ok,
create,961,7,23116.733,94.847,201,dG,https://carga-961.example.com/recurso/961?x=1&y=2,,ok,
create,962,4,23125.564,95.412,201,dH,https://carga-962.example.com/recurso/962?x=1&y=2,,ok,
create,963,6,23135.544,95.019,201,dJ,https://carga-963.example.com/recurso/963?x=1&y=2,,ok,
create,964,3,23145.008,94.232,201,dK,https://carga-964.example.com/recurso/964?x=1&y=2,,ok,
create,965,5,23155.352,93.313,201,dL,https://carga-965.example.com/recurso/965?x=1&y=2,,ok,
create,966,9,23165.137,92.862,201,dM,https://carga-966.example.com/recurso/966?x=1&y=2,,ok,
create,967,2,23173.635,94.936,201,dN,https://carga-967.example.com/recurso/967?x=1&y=2,,ok,
create,968,1,23183.606,93.588,201,dP,https://carga-968.example.com/recurso/968?x=1&y=2,,ok,
create,969,0,23193.074,93.287,201,dQ,https://carga-969.example.com/recurso/969?x=1&y=2,,ok,
create,970,8,23202.545,91.913,201,dR,https://carga-970.example.com/recurso/970?x=1&y=2,,ok,
create,971,7,23211.737,91.801,201,dS,https://carga-971.example.com/recurso/971?x=1&y=2,,ok,
create,972,4,23221.074,90.806,201,dT,https://carga-972.example.com/recurso/972?x=1&y=2,,ok,
create,973,6,23230.660,91.009,201,dU,https://carga-973.example.com/recurso/973?x=1&y=2,,ok,
create,974,3,23239.334,92.010,201,dV,https://carga-974.example.com/recurso/974?x=1&y=2,,ok,
create,975,5,23248.768,91.447,201,dW,https://carga-975.example.com/recurso/975?x=1&y=2,,ok,
create,976,9,23258.087,91.681,201,dX,https://carga-976.example.com/recurso/976?x=1&y=2,,ok,
create,977,2,23268.685,89.519,201,dY,https://carga-977.example.com/recurso/977?x=1&y=2,,ok,
create,978,1,23277.305,91.121,201,dZ,https://carga-978.example.com/recurso/978?x=1&y=2,,ok,
create,979,0,23286.458,90.652,201,da,https://carga-979.example.com/recurso/979?x=1&y=2,,ok,
create,980,8,23294.596,91.776,201,db,https://carga-980.example.com/recurso/980?x=1&y=2,,ok,
create,981,7,23303.639,91.953,201,dc,https://carga-981.example.com/recurso/981?x=1&y=2,,ok,
create,982,4,23312.001,92.458,201,dd,https://carga-982.example.com/recurso/982?x=1&y=2,,ok,
create,983,6,23321.820,92.329,201,de,https://carga-983.example.com/recurso/983?x=1&y=2,,ok,
create,984,3,23331.463,91.245,201,df,https://carga-984.example.com/recurso/984?x=1&y=2,,ok,
create,985,5,23340.344,92.149,201,dg,https://carga-985.example.com/recurso/985?x=1&y=2,,ok,
create,986,9,23349.889,93.163,201,dh,https://carga-986.example.com/recurso/986?x=1&y=2,,ok,
create,987,2,23358.303,94.569,201,di,https://carga-987.example.com/recurso/987?x=1&y=2,,ok,
create,988,1,23368.534,94.199,201,dj,https://carga-988.example.com/recurso/988?x=1&y=2,,ok,
create,989,0,23377.207,94.160,201,dk,https://carga-989.example.com/recurso/989?x=1&y=2,,ok,
create,990,8,23386.474,94.109,201,dm,https://carga-990.example.com/recurso/990?x=1&y=2,,ok,
create,991,7,23395.732,93.543,201,dn,https://carga-991.example.com/recurso/991?x=1&y=2,,ok,
create,992,4,23404.559,93.787,201,do,https://carga-992.example.com/recurso/992?x=1&y=2,,ok,
create,993,6,23414.268,93.161,201,dp,https://carga-993.example.com/recurso/993?x=1&y=2,,ok,
create,994,3,23422.810,93.863,201,dq,https://carga-994.example.com/recurso/994?x=1&y=2,,ok,
create,995,5,23432.594,92.477,201,dr,https://carga-995.example.com/recurso/995?x=1&y=2,,ok,
create,996,9,23443.141,90.967,201,ds,https://carga-996.example.com/recurso/996?x=1&y=2,,ok,
create,997,2,23452.974,89.520,201,dt,https://carga-997.example.com/recurso/997?x=1&y=2,,ok,
create,998,1,23462.860,88.888,201,du,https://carga-998.example.com/recurso/998?x=1&y=2,,ok,
create,999,0,23471.468,88.620,201,dv,https://carga-999.example.com/recurso/999?x=1&y=2,,ok,
