phase,seq,worker,start_ms,duration_ms,status,alias,expected_destination,location,verification,error
warmup,7,7,13812.122,27.550,302,AT,https://semilla-610.example.com/documento/610?origen=capacidad,https://semilla-610.example.com/documento/610?origen=capacidad,ok,
warmup,0,0,13811.194,29.355,302,7j,https://semilla-453.example.com/documento/453?origen=capacidad,https://semilla-453.example.com/documento/453?origen=capacidad,ok,
warmup,4,4,13811.993,29.249,302,Jh,https://warmup-91.example.com/r/91,https://warmup-91.example.com/r/91,ok,
warmup,8,8,13812.165,29.870,302,KZ,https://warmup-140.example.com/r/140,https://warmup-140.example.com/r/140,ok,
warmup,6,6,13812.080,30.635,302,2X,https://semilla-153.example.com/documento/153?origen=capacidad,https://semilla-153.example.com/documento/153?origen=capacidad,ok,
warmup,3,3,13811.947,31.286,302,6F,https://semilla-366.example.com/documento/366?origen=capacidad,https://semilla-366.example.com/documento/366?origen=capacidad,ok,
warmup,1,1,13811.778,31.945,302,2d,https://semilla-159.example.com/documento/159?origen=capacidad,https://semilla-159.example.com/documento/159?origen=capacidad,ok,
warmup,5,5,13812.036,33.054,302,J8,https://warmup-50.example.com/r/50,https://warmup-50.example.com/r/50,ok,
warmup,9,9,13812.213,33.435,302,1h,https://semilla-79.example.com/documento/79?origen=capacidad,https://semilla-79.example.com/documento/79?origen=capacidad,ok,
warmup,2,2,13811.894,34.463,302,2e,https://semilla-160.example.com/documento/160?origen=capacidad,https://semilla-160.example.com/documento/160?origen=capacidad,ok,
warmup,12,4,13841.363,8.172,302,96,https://semilla-532.example.com/documento/532?origen=capacidad,https://semilla-532.example.com/documento/532?origen=capacidad,ok,
warmup,10,7,13839.934,10.184,302,K3,https://warmup-104.example.com/r/104,https://warmup-104.example.com/r/104,ok,
warmup,11,0,13840.726,9.943,302,FK,https://semilla-888.example.com/documento/888?origen=capacidad,https://semilla-888.example.com/documento/888?origen=capacidad,ok,
warmup,13,8,13842.181,8.930,302,3C,https://semilla-174.example.com/documento/174?origen=capacidad,https://semilla-174.example.com/documento/174?origen=capacidad,ok,
warmup,16,1,13843.836,7.695,302,3g,https://semilla-216.example.com/documento/216?origen=capacidad,https://semilla-216.example.com/documento/216?origen=capacidad,ok,
warmup,14,6,13842.831,9.191,302,6j,https://semilla-397.example.com/documento/397?origen=capacidad,https://semilla-397.example.com/documento/397?origen=capacidad,ok,
warmup,15,3,13843.339,9.116,302,C,https://semilla-11.example.com/documento/11?origen=capacidad,https://semilla-11.example.com/documento/11?origen=capacidad,ok,
warmup,18,9,13845.981,7.070,302,Gb,https://semilla-961.example.com/documento/961?origen=capacidad,https://semilla-961.example.com/documento/961?origen=capacidad,ok,
warmup,17,5,13845.197,8.380,302,1T,https://semilla-89.example.com/documento/89?origen=capacidad,https://semilla-89.example.com/documento/89?origen=capacidad,ok,
warmup,20,4,13849.658,4.375,302,Jw,https://warmup-102.example.com/r/102,https://warmup-102.example.com/r/102,ok,
warmup,21,7,13850.199,4.249,302,5y,https://semilla-353.example.com/documento/353?origen=capacidad,https://semilla-353.example.com/documento/353?origen=capacidad,ok,
warmup,22,0,13850.744,4.630,302,4J,https://semilla-256.example.com/documento/256?origen=capacidad,https://semilla-256.example.com/documento/256?origen=capacidad,ok,
warmup,23,8,13851.180,5.456,302,8c,https://semilla-506.example.com/documento/506?origen=capacidad,https://semilla-506.example.com/documento/506?origen=capacidad,ok,
warmup,24,1,13851.599,5.565,302,CX,https://semilla-725.example.com/documento/725?origen=capacidad,https://semilla-725.example.com/documento/725?origen=capacidad,ok,
warmup,25,6,13852.100,5.517,302,1P,https://semilla-84.example.com/documento/84?origen=capacidad,https://semilla-84.example.com/documento/84?origen=capacidad,ok,
warmup,27,9,13853.124,4.964,302,HX,https://warmup-14.example.com/r/14,https://warmup-14.example.com/r/14,ok,
warmup,19,2,13846.713,11.932,302,6F,https://semilla-366.example.com/documento/366?origen=capacidad,https://semilla-366.example.com/documento/366?origen=capacidad,ok,
warmup,28,5,13853.660,6.696,302,9S,https://semilla-552.example.com/documento/552?origen=capacidad,https://semilla-552.example.com/documento/552?origen=capacidad,ok,
warmup,26,3,13852.532,8.476,302,Eu,https://semilla-864.example.com/documento/864?origen=capacidad,https://semilla-864.example.com/documento/864?origen=capacidad,ok,
warmup,29,4,13854.109,8.268,302,6k,https://semilla-398.example.com/documento/398?origen=capacidad,https://semilla-398.example.com/documento/398?origen=capacidad,ok,
warmup,30,7,13854.519,8.580,302,BQ,https://semilla-654.example.com/documento/654?origen=capacidad,https://semilla-654.example.com/documento/654?origen=capacidad,ok,
warmup,32,8,13856.745,8.038,302,LU,https://warmup-187.example.com/r/187,https://warmup-187.example.com/r/187,ok,
warmup,33,1,13857.243,8.203,302,Ju,https://warmup-103.example.com/r/103,https://warmup-103.example.com/r/103,ok,
warmup,36,2,13858.726,7.142,302,J4,https://warmup-46.example.com/r/46,https://warmup-46.example.com/r/46,ok,
warmup,31,0,13855.493,10.760,302,F2,https://semilla-869.example.com/documento/869?origen=capacidad,https://semilla-869.example.com/documento/869?origen=capacidad,ok,
warmup,34,6,13857.691,9.019,302,6g,https://semilla-394.example.com/documento/394?origen=capacidad,https://semilla-394.example.com/documento/394?origen=capacidad,ok,
warmup,35,9,13858.164,9.015,302,Kv,https://warmup-154.example.com/r/154,https://warmup-154.example.com/r/154,ok,
warmup,37,5,13860.477,7.103,302,3T,https://semilla-207.example.com/documento/207?origen=capacidad,https://semilla-207.example.com/documento/207?origen=capacidad,ok,
warmup,38,3,13861.103,7.024,302,Ai,https://semilla-628.example.com/documento/628?origen=capacidad,https://semilla-628.example.com/documento/628?origen=capacidad,ok,
warmup,40,7,13863.194,5.422,302,2G,https://semilla-138.example.com/documento/138?origen=capacidad,https://semilla-138.example.com/documento/138?origen=capacidad,ok,
warmup,39,4,13862.495,6.590,302,2J,https://semilla-140.example.com/documento/140?origen=capacidad,https://semilla-140.example.com/documento/140?origen=capacidad,ok,
warmup,42,1,13865.523,6.010,302,DF,https://semilla-764.example.com/documento/764?origen=capacidad,https://semilla-764.example.com/documento/764?origen=capacidad,ok,
warmup,43,2,13865.939,6.292,302,HT,https://warmup-11.example.com/r/11,https://warmup-11.example.com/r/11,ok,
warmup,44,0,13866.321,6.423,302,1U,https://semilla-72.example.com/documento/72?origen=capacidad,https://semilla-72.example.com/documento/72?origen=capacidad,ok,
warmup,47,5,13867.648,6.091,302,6z,https://semilla-412.example.com/documento/412?origen=capacidad,https://semilla-412.example.com/documento/412?origen=capacidad,ok,
warmup,41,8,13864.933,9.318,302,Hy,https://warmup-41.example.com/r/41,https://warmup-41.example.com/r/41,ok,
warmup,50,4,13869.159,5.526,302,LY,https://warmup-191.example.com/r/191,https://warmup-191.example.com/r/191,ok,
warmup,46,9,13867.247,7.871,302,C7,https://semilla-709.example.com/documento/709?origen=capacidad,https://semilla-709.example.com/documento/709?origen=capacidad,ok,
warmup,49,7,13868.691,6.847,302,69,https://semilla-363.example.com/documento/363?origen=capacidad,https://semilla-363.example.com/documento/363?origen=capacidad,ok,
warmup,48,3,13868.207,7.767,302,9r,https://semilla-565.example.com/documento/565?origen=capacidad,https://semilla-565.example.com/documento/565?origen=capacidad,ok,
warmup,45,6,13866.781,10.848,302,Fa,https://semilla-909.example.com/documento/909?origen=capacidad,https://semilla-909.example.com/documento/909?origen=capacidad,ok,
warmup,52,2,13872.325,6.278,302,Hn,https://warmup-28.example.com/r/28,https://warmup-28.example.com/r/28,ok,
warmup,51,1,13871.686,7.428,302,CD,https://semilla-706.example.com/documento/706?origen=capacidad,https://semilla-706.example.com/documento/706?origen=capacidad,ok,
warmup,53,0,13873.290,6.589,302,7M,https://semilla-433.example.com/documento/433?origen=capacidad,https://semilla-433.example.com/documento/433?origen=capacidad,ok,
warmup,55,8,13874.328,6.606,302,CU,https://semilla-717.example.com/documento/717?origen=capacidad,https://semilla-717.example.com/documento/717?origen=capacidad,ok,
warmup,54,5,13873.846,7.572,302,3K,https://semilla-199.example.com/documento/199?origen=capacidad,https://semilla-199.example.com/documento/199?origen=capacidad,ok,
warmup,56,4,13874.756,7.123,302,6n,https://semilla-400.example.com/documento/400?origen=capacidad,https://semilla-400.example.com/documento/400?origen=capacidad,ok,
warmup,57,9,13875.188,7.394,302,Hi,https://warmup-34.example.com/r/34,https://warmup-34.example.com/r/34,ok,
warmup,59,3,13876.047,7.282,302,2i,https://semilla-161.example.com/documento/161?origen=capacidad,https://semilla-161.example.com/documento/161?origen=capacidad,ok,
warmup,58,7,13875.613,8.217,302,56,https://semilla-302.example.com/documento/302?origen=capacidad,https://semilla-302.example.com/documento/302?origen=capacidad,ok,
warmup,61,2,13878.705,5.625,302,LJ,https://warmup-175.example.com/r/175,https://warmup-175.example.com/r/175,ok,
warmup,62,1,13879.198,6.104,302,Fj,https://semilla-912.example.com/documento/912?origen=capacidad,https://semilla-912.example.com/documento/912?origen=capacidad,ok,
warmup,60,6,13877.746,8.013,302,Aj,https://semilla-627.example.com/documento/627?origen=capacidad,https://semilla-627.example.com/documento/627?origen=capacidad,ok,
warmup,63,0,13879.968,6.516,302,Ks,https://warmup-149.example.com/r/149,https://warmup-149.example.com/r/149,ok,
warmup,65,5,13881.497,5.465,302,2n,https://semilla-168.example.com/documento/168?origen=capacidad,https://semilla-168.example.com/documento/168?origen=capacidad,ok,
warmup,67,9,13882.661,4.821,302,6u,https://semilla-407.example.com/documento/407?origen=capacidad,https://semilla-407.example.com/documento/407?origen=capacidad,ok,
warmup,66,4,13881.954,7.083,302,5U,https://semilla-324.example.com/documento/324?origen=capacidad,https://semilla-324.example.com/documento/324?origen=capacidad,ok,
warmup,64,8,13881.026,8.781,302,Br,https://semilla-693.example.com/documento/693?origen=capacidad,https://semilla-693.example.com/documento/693?origen=capacidad,ok,
warmup,70,2,13884.408,6.437,302,ES,https://semilla-837.example.com/documento/837?origen=capacidad,https://semilla-837.example.com/documento/837?origen=capacidad,ok,
warmup,68,3,13883.417,7.971,302,Le,https://warmup-197.example.com/r/197,https://warmup-197.example.com/r/197,ok,
warmup,72,6,13885.857,7.213,302,Dz,https://semilla-809.example.com/documento/809?origen=capacidad,https://semilla-809.example.com/documento/809?origen=capacidad,ok,
warmup,71,1,13885.387,8.197,302,11,https://semilla-65.example.com/documento/65?origen=capacidad,https://semilla-65.example.com/documento/65?origen=capacidad,ok,
warmup,69,7,13883.906,10.143,302,Fr,https://semilla-926.example.com/documento/926?origen=capacidad,https://semilla-926.example.com/documento/926?origen=capacidad,ok,
warmup,75,9,13887.560,6.973,302,Da,https://semilla-787.example.com/documento/787?origen=capacidad,https://semilla-787.example.com/documento/787?origen=capacidad,ok,
warmup,73,0,13886.567,8.703,302,JD,https://warmup-55.example.com/r/55,https://warmup-55.example.com/r/55,ok,
warmup,74,5,13887.043,9.493,302,Cc,https://semilla-731.example.com/documento/731?origen=capacidad,https://semilla-731.example.com/documento/731?origen=capacidad,ok,
warmup,76,4,13889.148,7.877,302,HS,https://warmup-1.example.com/r/1,https://warmup-1.example.com/r/1,ok,
warmup,77,8,13889.898,7.595,302,9K,https://semilla-531.example.com/documento/531?origen=capacidad,https://semilla-531.example.com/documento/531?origen=capacidad,ok,
warmup,78,2,13890.949,7.003,302,79,https://semilla-421.example.com/documento/421?origen=capacidad,https://semilla-421.example.com/documento/421?origen=capacidad,ok,
warmup,81,1,13893.662,4.649,302,x,https://semilla-62.example.com/documento/62?origen=capacidad,https://semilla-62.example.com/documento/62?origen=capacidad,ok,
warmup,79,3,13891.809,6.950,302,Fn,https://semilla-922.example.com/documento/922?origen=capacidad,https://semilla-922.example.com/documento/922?origen=capacidad,ok,
warmup,80,6,13893.170,6.661,302,Eq,https://semilla-858.example.com/documento/858?origen=capacidad,https://semilla-858.example.com/documento/858?origen=capacidad,ok,
warmup,82,7,13894.126,6.732,302,Bx,https://semilla-700.example.com/documento/700?origen=capacidad,https://semilla-700.example.com/documento/700?origen=capacidad,ok,
warmup,83,9,13894.607,6.784,302,Fo,https://semilla-914.example.com/documento/914?origen=capacidad,https://semilla-914.example.com/documento/914?origen=capacidad,ok,
warmup,84,0,13895.380,6.499,302,Hx,https://warmup-40.example.com/r/40,https://warmup-40.example.com/r/40,ok,
warmup,87,8,13897.572,5.576,302,9h,https://semilla-557.example.com/documento/557?origen=capacidad,https://semilla-557.example.com/documento/557?origen=capacidad,ok,
warmup,86,4,13897.111,6.520,302,Gn,https://semilla-972.example.com/documento/972?origen=capacidad,https://semilla-972.example.com/documento/972?origen=capacidad,ok,
warmup,85,5,13896.627,7.443,302,8L,https://semilla-490.example.com/documento/490?origen=capacidad,https://semilla-490.example.com/documento/490?origen=capacidad,ok,
warmup,88,2,13898.010,6.518,302,JY,https://warmup-73.example.com/r/73,https://warmup-73.example.com/r/73,ok,
warmup,89,1,13898.384,6.795,302,3o,https://semilla-226.example.com/documento/226?origen=capacidad,https://semilla-226.example.com/documento/226?origen=capacidad,ok,
warmup,90,3,13898.928,6.768,302,2o,https://semilla-116.example.com/documento/116?origen=capacidad,https://semilla-116.example.com/documento/116?origen=capacidad,ok,
warmup,92,7,13900.952,5.197,302,6s,https://semilla-405.example.com/documento/405?origen=capacidad,https://semilla-405.example.com/documento/405?origen=capacidad,ok,
warmup,91,6,13899.979,7.649,302,3o,https://semilla-226.example.com/documento/226?origen=capacidad,https://semilla-226.example.com/documento/226?origen=capacidad,ok,
warmup,93,9,13901.473,6.852,302,3L,https://semilla-198.example.com/documento/198?origen=capacidad,https://semilla-198.example.com/documento/198?origen=capacidad,ok,
warmup,94,0,13901.957,6.873,302,Ks,https://warmup-149.example.com/r/149,https://warmup-149.example.com/r/149,ok,
warmup,95,8,13903.237,6.093,302,A8,https://semilla-581.example.com/documento/581?origen=capacidad,https://semilla-581.example.com/documento/581?origen=capacidad,ok,
warmup,98,2,13904.611,5.139,302,FD,https://semilla-881.example.com/documento/881?origen=capacidad,https://semilla-881.example.com/documento/881?origen=capacidad,ok,
warmup,97,5,13904.145,6.032,302,KQ,https://warmup-129.example.com/r/129,https://warmup-129.example.com/r/129,ok,
warmup,99,1,13905.269,5.319,302,Cz,https://semilla-750.example.com/documento/750?origen=capacidad,https://semilla-750.example.com/documento/750?origen=capacidad,ok,
warmup,96,4,13903.704,7.377,302,LA,https://warmup-166.example.com/r/166,https://warmup-166.example.com/r/166,ok,
warmup,101,7,13906.220,5.516,302,2w,https://semilla-177.example.com/documento/177?origen=capacidad,https://semilla-177.example.com/documento/177?origen=capacidad,ok,
warmup,100,3,13905.771,7.488,302,DE,https://semilla-763.example.com/documento/763?origen=capacidad,https://semilla-763.example.com/documento/763?origen=capacidad,ok,
warmup,108,1,13910.662,3.831,302,ES,https://semilla-837.example.com/documento/837?origen=capacidad,https://semilla-837.example.com/documento/837?origen=capacidad,ok,
warmup,102,6,13907.745,7.253,302,7x,https://semilla-468.example.com/documento/468?origen=capacidad,https://semilla-468.example.com/documento/468?origen=capacidad,ok,
warmup,106,2,13909.839,6.346,302,3n,https://semilla-224.example.com/documento/224?origen=capacidad,https://semilla-224.example.com/documento/224?origen=capacidad,ok,
warmup,103,9,13908.414,8.239,302,7G,https://semilla-362.example.com/documento/362?origen=capacidad,https://semilla-362.example.com/documento/362?origen=capacidad,ok,
warmup,109,4,13911.169,5.922,302,LR,https://warmup-184.example.com/r/184,https://warmup-184.example.com/r/184,ok,
warmup,104,0,13908.913,8.664,302,3y,https://semilla-236.example.com/documento/236?origen=capacidad,https://semilla-236.example.com/documento/236?origen=capacidad,ok,
warmup,105,8,13909.406,9.315,302,9s,https://semilla-579.example.com/documento/579?origen=capacidad,https://semilla-579.example.com/documento/579?origen=capacidad,ok,
warmup,107,5,13910.251,8.951,302,JM,https://warmup-61.example.com/r/61,https://warmup-61.example.com/r/61,ok,
warmup,115,9,13916.726,3.087,302,Ki,https://warmup-142.example.com/r/142,https://warmup-142.example.com/r/142,ok,
warmup,110,7,13911.837,8.453,302,J9,https://warmup-59.example.com/r/59,https://warmup-59.example.com/r/59,ok,
warmup,111,3,13913.359,7.386,302,FF,https://semilla-883.example.com/documento/883?origen=capacidad,https://semilla-883.example.com/documento/883?origen=capacidad,ok,
warmup,112,1,13914.596,7.079,302,2H,https://semilla-139.example.com/documento/139?origen=capacidad,https://semilla-139.example.com/documento/139?origen=capacidad,ok,
warmup,113,6,13915.704,6.424,302,1a,https://semilla-98.example.com/documento/98?origen=capacidad,https://semilla-98.example.com/documento/98?origen=capacidad,ok,
warmup,114,2,13916.256,6.269,302,GK,https://semilla-953.example.com/documento/953?origen=capacidad,https://semilla-953.example.com/documento/953?origen=capacidad,ok,
warmup,116,4,13917.167,5.795,302,Bd,https://semilla-674.example.com/documento/674?origen=capacidad,https://semilla-674.example.com/documento/674?origen=capacidad,ok,
warmup,117,0,13917.641,5.740,302,3Z,https://semilla-213.example.com/documento/213?origen=capacidad,https://semilla-213.example.com/documento/213?origen=capacidad,ok,
warmup,118,8,13918.894,5.144,302,HX,https://warmup-14.example.com/r/14,https://warmup-14.example.com/r/14,ok,
warmup,119,5,13919.262,5.196,302,3G,https://semilla-196.example.com/documento/196?origen=capacidad,https://semilla-196.example.com/documento/196?origen=capacidad,ok,
warmup,120,9,13919.912,4.977,302,Ej,https://semilla-853.example.com/documento/853?origen=capacidad,https://semilla-853.example.com/documento/853?origen=capacidad,ok,
warmup,122,3,13920.844,4.435,302,KC,https://warmup-112.example.com/r/112,https://warmup-112.example.com/r/112,ok,
warmup,121,7,13920.367,5.312,302,4L,https://semilla-258.example.com/documento/258?origen=capacidad,https://semilla-258.example.com/documento/258?origen=capacidad,ok,
warmup,123,1,13921.766,6.036,302,9m,https://semilla-573.example.com/documento/573?origen=capacidad,https://semilla-573.example.com/documento/573?origen=capacidad,ok,
warmup,124,6,13922.207,6.278,302,4X,https://semilla-269.example.com/documento/269?origen=capacidad,https://semilla-269.example.com/documento/269?origen=capacidad,ok,
warmup,125,2,13922.593,6.491,302,9Z,https://semilla-561.example.com/documento/561?origen=capacidad,https://semilla-561.example.com/documento/561?origen=capacidad,ok,
warmup,128,8,13924.130,5.392,302,5N,https://semilla-318.example.com/documento/318?origen=capacidad,https://semilla-318.example.com/documento/318?origen=capacidad,ok,
warmup,132,7,13925.732,4.241,302,Go,https://semilla-981.example.com/documento/981?origen=capacidad,https://semilla-981.example.com/documento/981?origen=capacidad,ok,
warmup,131,3,13925.358,5.037,302,Fo,https://semilla-914.example.com/documento/914?origen=capacidad,https://semilla-914.example.com/documento/914?origen=capacidad,ok,
warmup,126,4,13923.032,7.843,302,Gy,https://semilla-982.example.com/documento/982?origen=capacidad,https://semilla-982.example.com/documento/982?origen=capacidad,ok,
warmup,127,0,13923.455,7.937,302,Dt,https://semilla-804.example.com/documento/804?origen=capacidad,https://semilla-804.example.com/documento/804?origen=capacidad,ok,
warmup,130,9,13924.954,7.153,302,9C,https://semilla-520.example.com/documento/520?origen=capacidad,https://semilla-520.example.com/documento/520?origen=capacidad,ok,
warmup,133,1,13927.922,4.649,302,5G,https://semilla-312.example.com/documento/312?origen=capacidad,https://semilla-312.example.com/documento/312?origen=capacidad,ok,
warmup,129,5,13924.532,8.581,302,F5,https://semilla-872.example.com/documento/872?origen=capacidad,https://semilla-872.example.com/documento/872?origen=capacidad,ok,
warmup,134,6,13928.580,5.143,302,GJ,https://semilla-951.example.com/documento/951?origen=capacidad,https://semilla-951.example.com/documento/951?origen=capacidad,ok,
warmup,136,8,13929.600,6.292,302,7g,https://semilla-452.example.com/documento/452?origen=capacidad,https://semilla-452.example.com/documento/452?origen=capacidad,ok,
warmup,135,2,13929.164,7.288,302,6b,https://semilla-389.example.com/documento/389?origen=capacidad,https://semilla-389.example.com/documento/389?origen=capacidad,ok,
warmup,139,4,13930.956,5.893,302,9n,https://semilla-574.example.com/documento/574?origen=capacidad,https://semilla-574.example.com/documento/574?origen=capacidad,ok,
warmup,138,3,13930.475,6.692,302,BR,https://semilla-669.example.com/documento/669?origen=capacidad,https://semilla-669.example.com/documento/669?origen=capacidad,ok,
warmup,142,1,13932.652,5.533,302,Lg,https://warmup-199.example.com/r/199,https://warmup-199.example.com/r/199,ok,
warmup,144,6,13933.813,4.816,302,73,https://semilla-415.example.com/documento/415?origen=capacidad,https://semilla-415.example.com/documento/415?origen=capacidad,ok,
warmup,141,9,13932.195,6.992,302,4k,https://semilla-282.example.com/documento/282?origen=capacidad,https://semilla-282.example.com/documento/282?origen=capacidad,ok,
warmup,137,7,13930.049,9.637,302,86,https://semilla-469.example.com/documento/469?origen=capacidad,https://semilla-469.example.com/documento/469?origen=capacidad,ok,
warmup,143,5,13933.241,9.166,302,FF,https://semilla-883.example.com/documento/883?origen=capacidad,https://semilla-883.example.com/documento/883?origen=capacidad,ok,
warmup,140,0,13931.586,11.525,302,43,https://semilla-240.example.com/documento/240?origen=capacidad,https://semilla-240.example.com/documento/240?origen=capacidad,ok,
warmup,146,2,13936.532,7.925,302,Ds,https://semilla-803.example.com/documento/803?origen=capacidad,https://semilla-803.example.com/documento/803?origen=capacidad,ok,
warmup,145,8,13936.020,8.981,302,8K,https://semilla-489.example.com/documento/489?origen=capacidad,https://semilla-489.example.com/documento/489?origen=capacidad,ok,
warmup,147,4,13936.907,8.518,302,Et,https://semilla-862.example.com/documento/862?origen=capacidad,https://semilla-862.example.com/documento/862?origen=capacidad,ok,
warmup,148,3,13937.728,8.277,302,BM,https://semilla-664.example.com/documento/664?origen=capacidad,https://semilla-664.example.com/documento/664?origen=capacidad,ok,
warmup,149,1,13938.268,8.203,302,H9,https://semilla-989.example.com/documento/989?origen=capacidad,https://semilla-989.example.com/documento/989?origen=capacidad,ok,
warmup,152,7,13939.768,7.084,302,5Q,https://semilla-320.example.com/documento/320?origen=capacidad,https://semilla-320.example.com/documento/320?origen=capacidad,ok,
warmup,150,6,13938.709,8.530,302,KU,https://warmup-126.example.com/r/126,https://warmup-126.example.com/r/126,ok,
warmup,151,9,13939.265,8.483,302,ES,https://semilla-837.example.com/documento/837?origen=capacidad,https://semilla-837.example.com/documento/837?origen=capacidad,ok,
warmup,155,2,13944.558,3.649,302,KP,https://warmup-131.example.com/r/131,https://warmup-131.example.com/r/131,ok,
warmup,156,8,13945.080,3.506,302,Ep,https://semilla-857.example.com/documento/857?origen=capacidad,https://semilla-857.example.com/documento/857?origen=capacidad,ok,
warmup,153,5,13942.534,6.540,302,GN,https://semilla-942.example.com/documento/942?origen=capacidad,https://semilla-942.example.com/documento/942?origen=capacidad,ok,
warmup,154,0,13943.211,6.151,302,1C,https://semilla-76.example.com/documento/76?origen=capacidad,https://semilla-76.example.com/documento/76?origen=capacidad,ok,
warmup,157,4,13945.501,4.212,302,42,https://semilla-136.example.com/documento/136?origen=capacidad,https://semilla-136.example.com/documento/136?origen=capacidad,ok,
warmup,158,3,13946.102,4.166,302,5V,https://semilla-325.example.com/documento/325?origen=capacidad,https://semilla-325.example.com/documento/325?origen=capacidad,ok,
warmup,159,1,13946.533,4.150,302,7r,https://semilla-459.example.com/documento/459?origen=capacidad,https://semilla-459.example.com/documento/459?origen=capacidad,ok,
warmup,160,7,13946.911,4.942,302,CB,https://semilla-704.example.com/documento/704?origen=capacidad,https://semilla-704.example.com/documento/704?origen=capacidad,ok,
warmup,161,6,13947.315,4.962,302,JP,https://warmup-63.example.com/r/63,https://warmup-63.example.com/r/63,ok,
warmup,163,2,13948.269,4.421,302,Bm,https://semilla-680.example.com/documento/680?origen=capacidad,https://semilla-680.example.com/documento/680?origen=capacidad,ok,
warmup,166,0,13949.420,3.760,302,B7,https://semilla-644.example.com/documento/644?origen=capacidad,https://semilla-644.example.com/documento/644?origen=capacidad,ok,
warmup,162,9,13947.842,5.767,302,C3,https://semilla-695.example.com/documento/695?origen=capacidad,https://semilla-695.example.com/documento/695?origen=capacidad,ok,
warmup,164,8,13948.657,5.422,302,6K,https://semilla-373.example.com/documento/373?origen=capacidad,https://semilla-373.example.com/documento/373?origen=capacidad,ok,
warmup,165,5,13949.131,5.371,302,En,https://semilla-855.example.com/documento/855?origen=capacidad,https://semilla-855.example.com/documento/855?origen=capacidad,ok,
warmup,168,3,13950.340,4.621,302,KT,https://warmup-125.example.com/r/125,https://warmup-125.example.com/r/125,ok,
warmup,167,4,13949.879,5.486,302,6L,https://semilla-374.example.com/documento/374?origen=capacidad,https://semilla-374.example.com/documento/374?origen=capacidad,ok,
warmup,171,6,13952.339,4.920,302,5z,https://semilla-351.example.com/documento/351?origen=capacidad,https://semilla-351.example.com/documento/351?origen=capacidad,ok,
warmup,173,0,13953.254,5.108,302,EM,https://semilla-832.example.com/documento/832?origen=capacidad,https://semilla-832.example.com/documento/832?origen=capacidad,ok,
warmup,172,2,13952.751,6.898,302,6G,https://semilla-370.example.com/documento/370?origen=capacidad,https://semilla-370.example.com/documento/370?origen=capacidad,ok,
warmup,170,7,13951.939,8.242,302,Aa,https://semilla-616.example.com/documento/616?origen=capacidad,https://semilla-616.example.com/documento/616?origen=capacidad,ok,
warmup,169,1,13950.755,9.895,302,BT,https://semilla-655.example.com/documento/655?origen=capacidad,https://semilla-655.example.com/documento/655?origen=capacidad,ok,
warmup,175,8,13954.157,6.946,302,CF,https://semilla-707.example.com/documento/707?origen=capacidad,https://semilla-707.example.com/documento/707?origen=capacidad,ok,
warmup,178,4,13955.440,6.086,302,48,https://semilla-246.example.com/documento/246?origen=capacidad,https://semilla-246.example.com/documento/246?origen=capacidad,ok,
warmup,174,9,13953.690,8.266,302,Dj,https://semilla-796.example.com/documento/796?origen=capacidad,https://semilla-796.example.com/documento/796?origen=capacidad,ok,
warmup,176,5,13954.568,7.822,302,Gv,https://semilla-979.example.com/documento/979?origen=capacidad,https://semilla-979.example.com/documento/979?origen=capacidad,ok,
warmup,177,3,13955.035,7.890,302,2f,https://semilla-157.example.com/documento/157?origen=capacidad,https://semilla-157.example.com/documento/157?origen=capacidad,ok,
warmup,179,6,13957.393,6.544,302,DW,https://semilla-782.example.com/documento/782?origen=capacidad,https://semilla-782.example.com/documento/782?origen=capacidad,ok,
warmup,180,0,13958.469,5.875,302,JK,https://warmup-68.example.com/r/68,https://warmup-68.example.com/r/68,ok,
warmup,181,2,13959.746,5.111,302,8Q,https://semilla-494.example.com/documento/494?origen=capacidad,https://semilla-494.example.com/documento/494?origen=capacidad,ok,
warmup,183,1,13960.730,4.519,302,4H,https://semilla-255.example.com/documento/255?origen=capacidad,https://semilla-255.example.com/documento/255?origen=capacidad,ok,
warmup,182,7,13960.266,6.049,302,JM,https://warmup-61.example.com/r/61,https://warmup-61.example.com/r/61,ok,
warmup,184,8,13961.179,5.586,302,82,https://semilla-472.example.com/documento/472?origen=capacidad,https://semilla-472.example.com/documento/472?origen=capacidad,ok,
warmup,185,4,13961.598,5.607,302,KG,https://warmup-116.example.com/r/116,https://warmup-116.example.com/r/116,ok,
warmup,186,9,13962.031,5.576,302,Gt,https://semilla-978.example.com/documento/978?origen=capacidad,https://semilla-978.example.com/documento/978?origen=capacidad,ok,
warmup,188,3,13963.003,5.019,302,7j,https://semilla-453.example.com/documento/453?origen=capacidad,https://semilla-453.example.com/documento/453?origen=capacidad,ok,
warmup,187,5,13962.471,5.946,302,Ga,https://semilla-958.example.com/documento/958?origen=capacidad,https://semilla-958.example.com/documento/958?origen=capacidad,ok,
warmup,189,6,13964.016,4.832,302,1p,https://semilla-94.example.com/documento/94?origen=capacidad,https://semilla-94.example.com/documento/94?origen=capacidad,ok,
warmup,191,2,13964.930,4.325,302,6K,https://semilla-373.example.com/documento/373?origen=capacidad,https://semilla-373.example.com/documento/373?origen=capacidad,ok,
warmup,190,0,13964.419,5.032,302,JQ,https://warmup-64.example.com/r/64,https://warmup-64.example.com/r/64,ok,
warmup,192,1,13965.324,4.304,302,5,https://semilla-2.example.com/documento/2?origen=capacidad,https://semilla-2.example.com/documento/2?origen=capacidad,ok,
warmup,193,7,13966.404,5.270,302,Cu,https://semilla-747.example.com/documento/747?origen=capacidad,https://semilla-747.example.com/documento/747?origen=capacidad,ok,
warmup,194,8,13966.857,5.130,302,Az,https://semilla-638.example.com/documento/638?origen=capacidad,https://semilla-638.example.com/documento/638?origen=capacidad,ok,
warmup,196,9,13967.677,4.522,302,C9,https://semilla-701.example.com/documento/701?origen=capacidad,https://semilla-701.example.com/documento/701?origen=capacidad,ok,
warmup,197,3,13968.096,4.279,302,5z,https://semilla-351.example.com/documento/351?origen=capacidad,https://semilla-351.example.com/documento/351?origen=capacidad,ok,
warmup,195,4,13967.281,5.211,302,AP,https://semilla-609.example.com/documento/609?origen=capacidad,https://semilla-609.example.com/documento/609?origen=capacidad,ok,
warmup,198,5,13968.491,4.104,302,4t,https://semilla-288.example.com/documento/288?origen=capacidad,https://semilla-288.example.com/documento/288?origen=capacidad,ok,
warmup,199,6,13968.923,3.773,302,j,https://semilla-37.example.com/documento/37?origen=capacidad,https://semilla-37.example.com/documento/37?origen=capacidad,ok,
resolve,3,3,23560.700,7.142,302,H1,https://semilla-984.example.com/documento/984?origen=capacidad,https://semilla-984.example.com/documento/984?origen=capacidad,ok,
resolve,5,5,23560.828,8.195,302,Q6,https://carga-197.example.com/recurso/197?x=1&y=2,https://carga-197.example.com/recurso/197?x=1&y=2,ok,
resolve,8,8,23560.977,8.547,302,8y,https://semilla-513.example.com/documento/513?origen=capacidad,https://semilla-513.example.com/documento/513?origen=capacidad,ok,
resolve,4,4,23560.749,9.213,302,df,https://carga-984.example.com/recurso/984?x=1&y=2,https://carga-984.example.com/recurso/984?x=1&y=2,ok,
resolve,7,7,23560.929,9.336,302,BM,https://semilla-664.example.com/documento/664?origen=capacidad,https://semilla-664.example.com/documento/664?origen=capacidad,ok,
resolve,6,6,23560.880,9.652,302,7T,https://semilla-393.example.com/documento/393?origen=capacidad,https://semilla-393.example.com/documento/393?origen=capacidad,ok,
resolve,2,2,23560.648,11.538,302,SE,https://carga-321.example.com/recurso/321?x=1&y=2,https://carga-321.example.com/recurso/321?x=1&y=2,ok,
resolve,1,1,23560.585,11.961,302,G,https://semilla-13.example.com/documento/13?origen=capacidad,https://semilla-13.example.com/documento/13?origen=capacidad,ok,
resolve,0,0,23560.429,12.533,302,74,https://semilla-413.example.com/documento/413?origen=capacidad,https://semilla-413.example.com/documento/413?origen=capacidad,ok,
resolve,9,9,23561.032,12.242,302,WZ,https://carga-572.example.com/recurso/572?x=1&y=2,https://carga-572.example.com/recurso/572?x=1&y=2,ok,
resolve,11,5,23569.103,4.464,302,C4,https://semilla-696.example.com/documento/696?origen=capacidad,https://semilla-696.example.com/documento/696?origen=capacidad,ok,
resolve,12,8,23569.585,4.316,302,AT,https://semilla-610.example.com/documento/610?origen=capacidad,https://semilla-610.example.com/documento/610?origen=capacidad,ok,
resolve,13,4,23570.014,4.209,302,Fy,https://semilla-923.example.com/documento/923?origen=capacidad,https://semilla-923.example.com/documento/923?origen=capacidad,ok,
resolve,14,7,23570.310,4.226,302,cB,https://carga-898.example.com/recurso/898?x=1&y=2,https://carga-898.example.com/recurso/898?x=1&y=2,ok,
resolve,10,3,23568.472,7.623,302,QM,https://carga-212.example.com/recurso/212?x=1&y=2,https://carga-212.example.com/recurso/212?x=1&y=2,ok,
resolve,17,1,23572.598,3.883,302,8,https://semilla-0.example.com/documento/0?origen=capacidad,https://semilla-0.example.com/documento/0?origen=capacidad,ok,
resolve,16,2,23572.264,4.540,302,46,https://semilla-242.example.com/documento/242?origen=capacidad,https://semilla-242.example.com/documento/242?origen=capacidad,ok,
resolve,15,6,23570.572,6.515,302,dH,https://carga-962.example.com/recurso/962?x=1&y=2,https://carga-962.example.com/recurso/962?x=1&y=2,ok,
resolve,20,5,23573.609,3.751,302,Gd,https://semilla-970.example.com/documento/970?origen=capacidad,https://semilla-970.example.com/documento/970?origen=capacidad,ok,
resolve,18,0,23573.020,4.587,302,G5,https://semilla-929.example.com/documento/929?origen=capacidad,https://semilla-929.example.com/documento/929?origen=capacidad,ok,
resolve,21,8,23573.945,3.932,302,dd,https://carga-982.example.com/recurso/982?x=1&y=2,https://carga-982.example.com/recurso/982?x=1&y=2,ok,
resolve,19,9,23573.317,4.827,302,3Y,https://semilla-212.example.com/documento/212?origen=capacidad,https://semilla-212.example.com/documento/212?origen=capacidad,ok,
resolve,23,7,23574.578,3.817,302,Qm,https://carga-236.example.com/recurso/236?x=1&y=2,https://carga-236.example.com/recurso/236?x=1&y=2,ok,
resolve,22,4,23574.267,4.361,302,c7,https://carga-894.example.com/recurso/894?x=1&y=2,https://carga-894.example.com/recurso/894?x=1&y=2,ok,
resolve,27,6,23577.134,4.466,302,RU,https://carga-277.example.com/recurso/277?x=1&y=2,https://carga-277.example.com/recurso/277?x=1&y=2,ok,
resolve,29,0,23577.645,4.478,302,BU,https://semilla-672.example.com/documento/672?origen=capacidad,https://semilla-672.example.com/documento/672?origen=capacidad,ok,
resolve,28,5,23577.409,5.061,302,C5,https://semilla-697.example.com/documento/697?origen=capacidad,https://semilla-697.example.com/documento/697?origen=capacidad,ok,
resolve,26,2,23576.855,6.255,302,XC,https://carga-609.example.com/recurso/609?x=1&y=2,https://carga-609.example.com/recurso/609?x=1&y=2,ok,
resolve,31,9,23578.186,5.284,302,Jt,https://warmup-93.example.com/r/93,https://warmup-93.example.com/r/93,ok,
resolve,30,8,23577.920,6.933,302,DT,https://semilla-779.example.com/documento/779?origen=capacidad,https://semilla-779.example.com/documento/779?origen=capacidad,ok,
resolve,32,7,23578.436,6.904,302,1N,https://semilla-86.example.com/documento/86?origen=capacidad,https://semilla-86.example.com/documento/86?origen=capacidad,ok,
resolve,25,1,23576.534,10.041,302,Sj,https://carga-350.example.com/recurso/350?x=1&y=2,https://carga-350.example.com/recurso/350?x=1&y=2,ok,
resolve,24,3,23576.166,10.810,302,DJ,https://semilla-770.example.com/documento/770?origen=capacidad,https://semilla-770.example.com/documento/770?origen=capacidad,ok,
resolve,33,4,23578.664,8.609,302,Nw,https://carga-130.example.com/recurso/130?x=1&y=2,https://carga-130.example.com/recurso/130?x=1&y=2,ok,
resolve,35,0,23582.185,5.372,302,ZW,https://carga-743.example.com/recurso/743?x=1&y=2,https://carga-743.example.com/recurso/743?x=1&y=2,ok,
resolve,34,6,23581.710,6.108,302,Hz,https://warmup-42.example.com/r/42,https://warmup-42.example.com/r/42,ok,
resolve,36,5,23582.523,5.558,302,Tq,https://carga-414.example.com/recurso/414?x=1&y=2,https://carga-414.example.com/recurso/414?x=1&y=2,ok,
resolve,38,9,23583.521,5.232,302,S6,https://carga-313.example.com/recurso/313?x=1&y=2,https://carga-313.example.com/recurso/313?x=1&y=2,ok,
resolve,37,2,23583.181,5.914,302,Ht,https://warmup-36.example.com/r/36,https://warmup-36.example.com/r/36,ok,
resolve,40,7,23585.396,3.991,302,NT,https://carga-102.example.com/recurso/102?x=1&y=2,https://carga-102.example.com/recurso/102?x=1&y=2,ok,
resolve,39,8,23584.962,4.667,302,1i,https://semilla-106.example.com/documento/106?origen=capacidad,https://semilla-106.example.com/documento/106?origen=capacidad,ok,
resolve,41,1,23586.644,3.327,302,7W,https://semilla-442.example.com/documento/442?origen=capacidad,https://semilla-442.example.com/documento/442?origen=capacidad,ok,
resolve,42,3,23587.027,3.259,302,Gh,https://semilla-965.example.com/documento/965?origen=capacidad,https://semilla-965.example.com/documento/965?origen=capacidad,ok,
resolve,48,2,23589.145,4.297,302,Rs,https://carga-300.example.com/recurso/300?x=1&y=2,https://carga-300.example.com/recurso/300?x=1&y=2,ok,
resolve,50,8,23589.666,4.181,302,Fp,https://semilla-915.example.com/documento/915?origen=capacidad,https://semilla-915.example.com/documento/915?origen=capacidad,ok,
resolve,43,4,23587.317,6.853,302,2w,https://semilla-177.example.com/documento/177?origen=capacidad,https://semilla-177.example.com/documento/177?origen=capacidad,ok,
resolve,44,0,23587.600,6.801,302,3d,https://semilla-217.example.com/documento/217?origen=capacidad,https://semilla-217.example.com/documento/217?origen=capacidad,ok,
resolve,46,5,23588.123,6.463,302,Tc,https://carga-401.example.com/recurso/401?x=1&y=2,https://carga-401.example.com/recurso/401?x=1&y=2,ok,
resolve,45,6,23587.861,6.996,302,1g,https://semilla-104.example.com/documento/104?origen=capacidad,https://semilla-104.example.com/documento/104?origen=capacidad,ok,
resolve,52,3,23590.335,5.134,302,L9,https://warmup-165.example.com/r/165,https://warmup-165.example.com/r/165,ok,
resolve,49,7,23589.431,6.731,302,bf,https://carga-868.example.com/recurso/868?x=1&y=2,https://carga-868.example.com/recurso/868?x=1&y=2,ok,
resolve,47,9,23588.830,8.659,302,P,https://semilla-21.example.com/documento/21?origen=capacidad,https://semilla-21.example.com/documento/21?origen=capacidad,ok,
resolve,51,1,23590.023,7.929,302,6s,https://semilla-405.example.com/documento/405?origen=capacidad,https://semilla-405.example.com/documento/405?origen=capacidad,ok,
resolve,56,0,23594.433,4.022,302,D6,https://semilla-759.example.com/documento/759?origen=capacidad,https://semilla-759.example.com/documento/759?origen=capacidad,ok,
resolve,54,8,23593.915,4.807,302,Ei,https://semilla-860.example.com/documento/860?origen=capacidad,https://semilla-860.example.com/documento/860?origen=capacidad,ok,
resolve,53,2,23593.525,5.507,302,C,https://semilla-11.example.com/documento/11?origen=capacidad,https://semilla-11.example.com/documento/11?origen=capacidad,ok,
resolve,57,5,23594.622,4.676,302,bU,https://carga-857.example.com/recurso/857?x=1&y=2,https://carga-857.example.com/recurso/857?x=1&y=2,ok,
resolve,55,4,23594.218,5.305,302,73,https://semilla-415.example.com/documento/415?origen=capacidad,https://semilla-415.example.com/documento/415?origen=capacidad,ok,
resolve,58,6,23594.914,6.079,302,Ak,https://semilla-629.example.com/documento/629?origen=capacidad,https://semilla-629.example.com/documento/629?origen=capacidad,ok,
resolve,59,3,23595.526,6.801,302,C6,https://semilla-698.example.com/documento/698?origen=capacidad,https://semilla-698.example.com/documento/698?origen=capacidad,ok,
resolve,62,1,23598.011,5.045,302,3,https://semilla-7.example.com/documento/7?origen=capacidad,https://semilla-7.example.com/documento/7?origen=capacidad,ok,
resolve,60,7,23596.223,7.351,302,Ld,https://warmup-196.example.com/r/196,https://warmup-196.example.com/r/196,ok,
resolve,63,0,23598.503,6.074,302,VA,https://carga-492.example.com/recurso/492?x=1&y=2,https://carga-492.example.com/recurso/492?x=1&y=2,ok,
resolve,61,9,23597.597,7.409,302,Ck,https://semilla-738.example.com/documento/738?origen=capacidad,https://semilla-738.example.com/documento/738?origen=capacidad,ok,
resolve,68,6,23601.068,5.907,302,63,https://semilla-357.example.com/documento/357?origen=capacidad,https://semilla-357.example.com/documento/357?origen=capacidad,ok,
resolve,67,4,23599.558,7.774,302,Lx,https://carga-15.example.com/recurso/15?x=1&y=2,https://carga-15.example.com/recurso/15?x=1&y=2,ok,
resolve,65,2,23599.080,8.507,302,3s,https://semilla-231.example.com/documento/231?origen=capacidad,https://semilla-231.example.com/documento/231?origen=capacidad,ok,
resolve,64,8,23598.767,9.122,302,Y6,https://carga-661.example.com/recurso/661?x=1&y=2,https://carga-661.example.com/recurso/661?x=1&y=2,ok,
resolve,69,3,23602.398,5.716,302,RF,https://carga-264.example.com/recurso/264?x=1&y=2,https://carga-264.example.com/recurso/264?x=1&y=2,ok,
resolve,71,7,23603.622,4.754,302,Yn,https://carga-701.example.com/recurso/701?x=1&y=2,https://carga-701.example.com/recurso/701?x=1&y=2,ok,
resolve,66,5,23599.341,9.321,302,Gp,https://semilla-974.example.com/documento/974?origen=capacidad,https://semilla-974.example.com/documento/974?origen=capacidad,ok,
resolve,72,0,23604.666,5.011,302,Hg,https://warmup-24.example.com/r/24,https://warmup-24.example.com/r/24,ok,
resolve,70,1,23603.114,7.518,302,R2,https://carga-251.example.com/recurso/251?x=1&y=2,https://carga-251.example.com/recurso/251?x=1&y=2,ok,
resolve,73,9,23605.068,5.925,302,Es,https://semilla-861.example.com/documento/861?origen=capacidad,https://semilla-861.example.com/documento/861?origen=capacidad,ok,
resolve,74,6,23607.066,4.682,302,3k,https://semilla-221.example.com/documento/221?origen=capacidad,https://semilla-221.example.com/documento/221?origen=capacidad,ok,
resolve,75,4,23607.378,4.698,302,7R,https://semilla-437.example.com/documento/437?origen=capacidad,https://semilla-437.example.com/documento/437?origen=capacidad,ok,
resolve,76,2,23607.635,4.711,302,AJ,https://semilla-604.example.com/documento/604?origen=capacidad,https://semilla-604.example.com/documento/604?origen=capacidad,ok,
resolve,79,7,23608.422,4.207,302,Jt,https://warmup-93.example.com/r/93,https://warmup-93.example.com/r/93,ok,
resolve,78,3,23608.157,4.910,302,6X,https://semilla-385.example.com/documento/385?origen=capacidad,https://semilla-385.example.com/documento/385?origen=capacidad,ok,
resolve,77,8,23607.933,5.436,302,aR,https://carga-796.example.com/recurso/796?x=1&y=2,https://carga-796.example.com/recurso/796?x=1&y=2,ok,
resolve,81,0,23609.735,5.415,302,Tw,https://carga-420.example.com/recurso/420?x=1&y=2,https://carga-420.example.com/recurso/420?x=1&y=2,ok,
resolve,80,5,23608.710,6.799,302,KE,https://warmup-114.example.com/r/114,https://warmup-114.example.com/r/114,ok,
resolve,82,1,23610.703,5.540,302,44,https://semilla-241.example.com/documento/241?origen=capacidad,https://semilla-241.example.com/documento/241?origen=capacidad,ok,
resolve,87,7,23612.679,4.727,302,3a,https://semilla-209.example.com/documento/209?origen=capacidad,https://semilla-209.example.com/documento/209?origen=capacidad,ok,
resolve,83,9,23611.045,6.934,302,HT,https://warmup-11.example.com/r/11,https://warmup-11.example.com/r/11,ok,
resolve,84,6,23611.816,6.553,302,J4,https://warmup-46.example.com/r/46,https://warmup-46.example.com/r/46,ok,
resolve,89,8,23613.415,5.248,302,NR,https://carga-100.example.com/recurso/100?x=1&y=2,https://carga-100.example.com/recurso/100?x=1&y=2,ok,
resolve,86,2,23612.392,6.519,302,Gr,https://semilla-976.example.com/documento/976?origen=capacidad,https://semilla-976.example.com/documento/976?origen=capacidad,ok,
resolve,85,4,23612.124,7.054,302,5u,https://semilla-346.example.com/documento/346?origen=capacidad,https://semilla-346.example.com/documento/346?origen=capacidad,ok,
resolve,88,3,23613.124,6.308,302,bR,https://carga-854.example.com/recurso/854?x=1&y=2,https://carga-854.example.com/recurso/854?x=1&y=2,ok,
resolve,90,0,23615.224,4.411,302,YQ,https://carga-679.example.com/recurso/679?x=1&y=2,https://carga-679.example.com/recurso/679?x=1&y=2,ok,
resolve,92,1,23616.302,3.588,302,KM,https://warmup-122.example.com/r/122,https://warmup-122.example.com/r/122,ok,
resolve,91,5,23615.559,4.630,302,1j,https://semilla-87.example.com/documento/87?origen=capacidad,https://semilla-87.example.com/documento/87?origen=capacidad,ok,
resolve,93,7,23617.534,3.774,302,2M,https://semilla-143.example.com/documento/143?origen=capacidad,https://semilla-143.example.com/documento/143?origen=capacidad,ok,
resolve,94,9,23618.075,4.340,302,A1,https://semilla-576.example.com/documento/576?origen=capacidad,https://semilla-576.example.com/documento/576?origen=capacidad,ok,
resolve,95,6,23618.423,4.344,302,EB,https://semilla-822.example.com/documento/822?origen=capacidad,https://semilla-822.example.com/documento/822?origen=capacidad,ok,
resolve,97,2,23618.956,4.140,302,1f,https://semilla-103.example.com/documento/103?origen=capacidad,https://semilla-103.example.com/documento/103?origen=capacidad,ok,
resolve,98,4,23619.222,4.176,302,3r,https://semilla-230.example.com/documento/230?origen=capacidad,https://semilla-230.example.com/documento/230?origen=capacidad,ok,
resolve,101,1,23619.935,3.815,302,78,https://semilla-420.example.com/documento/420?origen=capacidad,https://semilla-420.example.com/documento/420?origen=capacidad,ok,
resolve,100,0,23619.667,4.367,302,KN,https://warmup-130.example.com/r/130,https://warmup-130.example.com/r/130,ok,
resolve,99,3,23619.464,4.828,302,Lh,https://carga-1.example.com/recurso/1?x=1&y=2,https://carga-1.example.com/recurso/1?x=1&y=2,ok,
resolve,102,5,23620.236,4.312,302,Ao,https://semilla-601.example.com/documento/601?origen=capacidad,https://semilla-601.example.com/documento/601?origen=capacidad,ok,
resolve,96,8,23618.711,6.120,302,Ge,https://semilla-963.example.com/documento/963?origen=capacidad,https://semilla-963.example.com/documento/963?origen=capacidad,ok,
resolve,103,7,23621.401,3.701,302,dY,https://carga-977.example.com/recurso/977?x=1&y=2,https://carga-977.example.com/recurso/977?x=1&y=2,ok,
resolve,104,9,23622.475,2.986,302,Dc,https://semilla-789.example.com/documento/789?origen=capacidad,https://semilla-789.example.com/documento/789?origen=capacidad,ok,
resolve,105,6,23622.838,2.899,302,XA,https://carga-607.example.com/recurso/607?x=1&y=2,https://carga-607.example.com/recurso/607?x=1&y=2,ok,
resolve,107,4,23623.446,2.604,302,8C,https://semilla-482.example.com/documento/482?origen=capacidad,https://semilla-482.example.com/documento/482?origen=capacidad,ok,
resolve,106,2,23623.149,3.175,302,66,https://semilla-189.example.com/documento/189?origen=capacidad,https://semilla-189.example.com/documento/189?origen=capacidad,ok,
resolve,110,3,23624.337,3.040,302,Ei,https://semilla-860.example.com/documento/860?origen=capacidad,https://semilla-860.example.com/documento/860?origen=capacidad,ok,
resolve,109,0,23624.078,3.825,302,Km,https://warmup-144.example.com/r/144,https://warmup-144.example.com/r/144,ok,
resolve,111,5,23624.588,3.643,302,BV,https://semilla-659.example.com/documento/659?origen=capacidad,https://semilla-659.example.com/documento/659?origen=capacidad,ok,
resolve,108,1,23623.808,5.300,302,16,https://semilla-59.example.com/documento/59?origen=capacidad,https://semilla-59.example.com/documento/59?origen=capacidad,ok,
resolve,112,8,23624.878,6.424,302,9Z,https://semilla-561.example.com/documento/561?origen=capacidad,https://semilla-561.example.com/documento/561?origen=capacidad,ok,
resolve,113,7,23625.145,6.659,302,dX,https://carga-976.example.com/recurso/976?x=1&y=2,https://carga-976.example.com/recurso/976?x=1&y=2,ok,
resolve,116,4,23626.097,6.280,302,T5,https://carga-370.example.com/recurso/370?x=1&y=2,https://carga-370.example.com/recurso/370?x=1&y=2,ok,
resolve,115,6,23625.779,6.944,302,YG,https://carga-671.example.com/recurso/671?x=1&y=2,https://carga-671.example.com/recurso/671?x=1&y=2,ok,
resolve,114,9,23625.511,7.662,302,Up,https://carga-471.example.com/recurso/471?x=1&y=2,https://carga-471.example.com/recurso/471?x=1&y=2,ok,
resolve,117,2,23626.367,7.098,302,1c,https://semilla-100.example.com/documento/100?origen=capacidad,https://semilla-100.example.com/documento/100?origen=capacidad,ok,
resolve,118,3,23627.455,6.282,302,D8,https://semilla-768.example.com/documento/768?origen=capacidad,https://semilla-768.example.com/documento/768?origen=capacidad,ok,
resolve,120,5,23628.285,7.352,302,Jb,https://warmup-85.example.com/r/85,https://warmup-85.example.com/r/85,ok,
resolve,124,4,23632.442,3.655,302,71,https://semilla-290.example.com/documento/290?origen=capacidad,https://semilla-290.example.com/documento/290?origen=capacidad,ok,
resolve,119,0,23627.962,8.460,302,Wr,https://carga-589.example.com/recurso/589?x=1&y=2,https://carga-589.example.com/recurso/589?x=1&y=2,ok,
resolve,121,1,23629.194,7.485,302,Yp,https://carga-703.example.com/recurso/703?x=1&y=2,https://carga-703.example.com/recurso/703?x=1&y=2,ok,
resolve,123,7,23631.867,5.096,302,Kq,https://warmup-156.example.com/r/156,https://warmup-156.example.com/r/156,ok,
resolve,122,8,23631.411,5.805,302,6V,https://semilla-383.example.com/documento/383?origen=capacidad,https://semilla-383.example.com/documento/383?origen=capacidad,ok,
resolve,125,6,23632.771,4.696,302,TA,https://carga-375.example.com/recurso/375?x=1&y=2,https://carga-375.example.com/recurso/375?x=1&y=2,ok,
resolve,127,2,23633.511,4.598,302,9h,https://semilla-557.example.com/documento/557?origen=capacidad,https://semilla-557.example.com/documento/557?origen=capacidad,ok,
resolve,126,9,23633.223,5.267,302,Wq,https://carga-588.example.com/recurso/588?x=1&y=2,https://carga-588.example.com/recurso/588?x=1&y=2,ok,
resolve,128,3,23633.782,5.037,302,XZ,https://carga-630.example.com/recurso/630?x=1&y=2,https://carga-630.example.com/recurso/630?x=1&y=2,ok,
resolve,129,5,23635.719,3.483,302,Gr,https://semilla-976.example.com/documento/976?origen=capacidad,https://semilla-976.example.com/documento/976?origen=capacidad,ok,
resolve,132,1,23636.725,3.112,302,YT,https://carga-682.example.com/recurso/682?x=1&y=2,https://carga-682.example.com/recurso/682?x=1&y=2,ok,
resolve,130,4,23636.156,3.993,302,34,https://semilla-184.example.com/documento/184?origen=capacidad,https://semilla-184.example.com/documento/184?origen=capacidad,ok,
resolve,133,7,23637.010,3.809,302,Vh,https://carga-522.example.com/recurso/522?x=1&y=2,https://carga-522.example.com/recurso/522?x=1&y=2,ok,
resolve,131,0,23636.470,4.627,302,SB,https://carga-318.example.com/recurso/318?x=1&y=2,https://carga-318.example.com/recurso/318?x=1&y=2,ok,
resolve,135,6,23637.509,3.873,302,HP,https://warmup-7.example.com/r/7,https://warmup-7.example.com/r/7,ok,
resolve,134,8,23637.261,4.399,302,Jg,https://warmup-81.example.com/r/81,https://warmup-81.example.com/r/81,ok,
resolve,136,2,23638.187,4.844,302,GC,https://semilla-946.example.com/documento/946?origen=capacidad,https://semilla-946.example.com/documento/946?origen=capacidad,ok,
resolve,137,9,23638.547,4.877,302,7t,https://semilla-464.example.com/documento/464?origen=capacidad,https://semilla-464.example.com/documento/464?origen=capacidad,ok,
resolve,139,5,23639.255,5.149,302,1y,https://semilla-121.example.com/documento/121?origen=capacidad,https://semilla-121.example.com/documento/121?origen=capacidad,ok,
resolve,138,3,23638.874,5.844,302,X8,https://carga-605.example.com/recurso/605?x=1&y=2,https://carga-605.example.com/recurso/605?x=1&y=2,ok,
resolve,141,4,23640.198,4.748,302,Zo,https://carga-760.example.com/recurso/760?x=1&y=2,https://carga-760.example.com/recurso/760?x=1&y=2,ok,
resolve,140,1,23639.896,5.281,302,LX,https://warmup-190.example.com/r/190,https://warmup-190.example.com/r/190,ok,
resolve,143,0,23641.144,4.296,302,Va,https://carga-515.example.com/recurso/515?x=1&y=2,https://carga-515.example.com/recurso/515?x=1&y=2,ok,
resolve,142,7,23640.880,4.822,302,Ge,https://semilla-963.example.com/documento/963?origen=capacidad,https://semilla-963.example.com/documento/963?origen=capacidad,ok,
resolve,144,6,23641.423,4.593,302,6v,https://semilla-408.example.com/documento/408?origen=capacidad,https://semilla-408.example.com/documento/408?origen=capacidad,ok,
resolve,145,8,23641.707,4.595,302,83,https://semilla-473.example.com/documento/473?origen=capacidad,https://semilla-473.example.com/documento/473?origen=capacidad,ok,
resolve,146,2,23643.123,3.615,302,cY,https://carga-919.example.com/recurso/919?x=1&y=2,https://carga-919.example.com/recurso/919?x=1&y=2,ok,
resolve,147,9,23643.468,3.594,302,Y8,https://carga-663.example.com/recurso/663?x=1&y=2,https://carga-663.example.com/recurso/663?x=1&y=2,ok,
resolve,148,5,23644.473,4.283,302,J2,https://warmup-45.example.com/r/45,https://warmup-45.example.com/r/45,ok,
resolve,154,6,23646.061,3.957,302,2J,https://semilla-140.example.com/documento/140?origen=capacidad,https://semilla-140.example.com/documento/140?origen=capacidad,ok,
resolve,149,3,23644.754,5.628,302,CH,https://semilla-710.example.com/documento/710?origen=capacidad,https://semilla-710.example.com/documento/710?origen=capacidad,ok,
resolve,151,1,23645.219,5.474,302,RB,https://carga-260.example.com/recurso/260?x=1&y=2,https://carga-260.example.com/recurso/260?x=1&y=2,ok,
resolve,150,4,23644.978,6.012,302,EH,https://semilla-827.example.com/documento/827?origen=capacidad,https://semilla-827.example.com/documento/827?origen=capacidad,ok,
resolve,152,0,23645.487,5.769,302,FS,https://semilla-902.example.com/documento/902?origen=capacidad,https://semilla-902.example.com/documento/902?origen=capacidad,ok,
resolve,155,8,23646.348,5.300,302,XR,https://carga-622.example.com/recurso/622?x=1&y=2,https://carga-622.example.com/recurso/622?x=1&y=2,ok,
resolve,156,2,23646.810,5.214,302,bB,https://carga-840.example.com/recurso/840?x=1&y=2,https://carga-840.example.com/recurso/840?x=1&y=2,ok,
resolve,153,7,23645.749,6.632,302,9f,https://semilla-554.example.com/documento/554?origen=capacidad,https://semilla-554.example.com/documento/554?origen=capacidad,ok,
resolve,157,9,23647.106,5.612,302,JE,https://warmup-56.example.com/r/56,https://warmup-56.example.com/r/56,ok,
resolve,159,6,23650.092,2.924,302,2V,https://semilla-151.example.com/documento/151?origen=capacidad,https://semilla-151.example.com/documento/151?origen=capacidad,ok,
resolve,158,5,23648.831,4.712,302,L7,https://warmup-172.example.com/r/172,https://warmup-172.example.com/r/172,ok,
resolve,161,1,23650.741,4.144,302,aH,https://carga-788.example.com/recurso/788?x=1&y=2,https://carga-788.example.com/recurso/788?x=1&y=2,ok,
resolve,160,3,23650.434,4.857,302,MT,https://carga-42.example.com/recurso/42?x=1&y=2,https://carga-42.example.com/recurso/42?x=1&y=2,ok,
resolve,162,4,23651.035,4.592,302,LE,https://warmup-169.example.com/r/169,https://warmup-169.example.com/r/169,ok,
resolve,165,2,23652.087,3.871,302,dh,https://carga-986.example.com/recurso/986?x=1&y=2,https://carga-986.example.com/recurso/986?x=1&y=2,ok,
resolve,167,9,23652.766,3.478,302,8G,https://semilla-486.example.com/documento/486?origen=capacidad,https://semilla-486.example.com/documento/486?origen=capacidad,ok,
resolve,166,7,23652.430,4.215,302,cZ,https://carga-920.example.com/recurso/920?x=1&y=2,https://carga-920.example.com/recurso/920?x=1&y=2,ok,
resolve,168,6,23653.069,3.876,302,ae,https://carga-809.example.com/recurso/809?x=1&y=2,https://carga-809.example.com/recurso/809?x=1&y=2,ok,
resolve,169,5,23653.595,3.640,302,2e,https://semilla-160.example.com/documento/160?origen=capacidad,https://semilla-160.example.com/documento/160?origen=capacidad,ok,
resolve,164,8,23651.702,5.792,302,R4,https://carga-253.example.com/recurso/253?x=1&y=2,https://carga-253.example.com/recurso/253?x=1&y=2,ok,
resolve,163,0,23651.299,6.458,302,EK,https://semilla-829.example.com/documento/829?origen=capacidad,https://semilla-829.example.com/documento/829?origen=capacidad,ok,
resolve,170,1,23654.965,3.064,302,Xm,https://carga-642.example.com/recurso/642?x=1&y=2,https://carga-642.example.com/recurso/642?x=1&y=2,ok,
resolve,171,3,23655.353,2.929,302,Kz,https://warmup-158.example.com/r/158,https://warmup-158.example.com/r/158,ok,
resolve,173,2,23656.008,3.408,302,8N,https://semilla-492.example.com/documento/492?origen=capacidad,https://semilla-492.example.com/documento/492?origen=capacidad,ok,
resolve,172,4,23655.683,4.069,302,dq,https://carga-994.example.com/recurso/994?x=1&y=2,https://carga-994.example.com/recurso/994?x=1&y=2,ok,
resolve,175,7,23656.695,3.383,302,9y,https://semilla-575.example.com/documento/575?origen=capacidad,https://semilla-575.example.com/documento/575?origen=capacidad,ok,
resolve,174,9,23656.292,4.060,302,JY,https://warmup-73.example.com/r/73,https://warmup-73.example.com/r/73,ok,
resolve,176,6,23656.993,5.666,302,Hf,https://warmup-23.example.com/r/23,https://warmup-23.example.com/r/23,ok,
resolve,178,8,23657.539,5.576,302,FQ,https://semilla-892.example.com/documento/892?origen=capacidad,https://semilla-892.example.com/documento/892?origen=capacidad,ok,
resolve,179,0,23657.822,5.619,302,Cs,https://semilla-746.example.com/documento/746?origen=capacidad,https://semilla-746.example.com/documento/746?origen=capacidad,ok,
resolve,180,1,23658.072,5.798,302,Jr,https://warmup-90.example.com/r/90,https://warmup-90.example.com/r/90,ok,
resolve,177,5,23657.280,6.928,302,EM,https://semilla-832.example.com/documento/832?origen=capacidad,https://semilla-832.example.com/documento/832?origen=capacidad,ok,
resolve,181,3,23658.324,6.237,302,Gk,https://semilla-969.example.com/documento/969?origen=capacidad,https://semilla-969.example.com/documento/969?origen=capacidad,ok,
resolve,182,2,23659.484,5.386,302,9A,https://semilla-538.example.com/documento/538?origen=capacidad,https://semilla-538.example.com/documento/538?origen=capacidad,ok,
resolve,184,7,23660.129,5.014,302,EZ,https://semilla-851.example.com/documento/851?origen=capacidad,https://semilla-851.example.com/documento/851?origen=capacidad,ok,
resolve,183,4,23659.832,5.568,302,Au,https://semilla-621.example.com/documento/621?origen=capacidad,https://semilla-621.example.com/documento/621?origen=capacidad,ok,
resolve,185,9,23660.398,5.278,302,Zr,https://carga-769.example.com/recurso/769?x=1&y=2,https://carga-769.example.com/recurso/769?x=1&y=2,ok,
resolve,188,0,23663.492,3.862,302,Cc,https://semilla-731.example.com/documento/731?origen=capacidad,https://semilla-731.example.com/documento/731?origen=capacidad,ok,
resolve,186,6,23662.752,5.831,302,AY,https://semilla-618.example.com/documento/618?origen=capacidad,https://semilla-618.example.com/documento/618?origen=capacidad,ok,
resolve,189,1,23663.921,5.168,302,cP,https://carga-910.example.com/recurso/910?x=1&y=2,https://carga-910.example.com/recurso/910?x=1&y=2,ok,
resolve,190,5,23664.261,5.236,302,Ch,https://semilla-735.example.com/documento/735?origen=capacidad,https://semilla-735.example.com/documento/735?origen=capacidad,ok,
resolve,191,3,23664.611,5.200,302,2X,https://semilla-153.example.com/documento/153?origen=capacidad,https://semilla-153.example.com/documento/153?origen=capacidad,ok,
resolve,187,8,23663.181,6.926,302,PU,https://carga-160.example.com/recurso/160?x=1&y=2,https://carga-160.example.com/recurso/160?x=1&y=2,ok,
resolve,193,7,23665.186,5.200,302,6E,https://semilla-368.example.com/documento/368?origen=capacidad,https://semilla-368.example.com/documento/368?origen=capacidad,ok,
resolve,192,2,23664.915,5.745,302,M7,https://carga-24.example.com/recurso/24?x=1&y=2,https://carga-24.example.com/recurso/24?x=1&y=2,ok,
resolve,195,9,23665.720,5.224,302,9c,https://semilla-550.example.com/documento/550?origen=capacidad,https://semilla-550.example.com/documento/550?origen=capacidad,ok,
resolve,196,0,23667.439,4.694,302,Fx,https://semilla-921.example.com/documento/921?origen=capacidad,https://semilla-921.example.com/documento/921?origen=capacidad,ok,
resolve,198,1,23669.169,4.492,302,F8,https://semilla-877.example.com/documento/877?origen=capacidad,https://semilla-877.example.com/documento/877?origen=capacidad,ok,
resolve,194,4,23665.453,9.283,302,JT,https://warmup-69.example.com/r/69,https://warmup-69.example.com/r/69,ok,
resolve,200,3,23669.878,5.217,302,9Y,https://semilla-560.example.com/documento/560?origen=capacidad,https://semilla-560.example.com/documento/560?origen=capacidad,ok,
resolve,201,8,23670.152,5.298,302,E9,https://semilla-820.example.com/documento/820?origen=capacidad,https://semilla-820.example.com/documento/820?origen=capacidad,ok,
resolve,197,6,23668.660,8.720,302,Xs,https://carga-648.example.com/recurso/648?x=1&y=2,https://carga-648.example.com/recurso/648?x=1&y=2,ok,
resolve,205,0,23672.210,5.550,302,dQ,https://carga-969.example.com/recurso/969?x=1&y=2,https://carga-969.example.com/recurso/969?x=1&y=2,ok,
resolve,204,9,23670.987,7.128,302,1d,https://semilla-101.example.com/documento/101?origen=capacidad,https://semilla-101.example.com/documento/101?origen=capacidad,ok,
resolve,202,7,23670.437,9.233,302,2L,https://semilla-137.example.com/documento/137?origen=capacidad,https://semilla-137.example.com/documento/137?origen=capacidad,ok,
resolve,199,5,23669.551,10.579,302,QU,https://carga-219.example.com/recurso/219?x=1&y=2,https://carga-219.example.com/recurso/219?x=1&y=2,ok,
resolve,203,2,23670.706,9.715,302,A5,https://semilla-591.example.com/documento/591?origen=capacidad,https://semilla-591.example.com/documento/591?origen=capacidad,ok,
resolve,210,6,23677.458,3.579,302,F5,https://semilla-872.example.com/documento/872?origen=capacidad,https://semilla-872.example.com/documento/872?origen=capacidad,ok,
resolve,211,0,23677.833,3.565,302,9,https://semilla-3.example.com/documento/3?origen=capacidad,https://semilla-3.example.com/documento/3?origen=capacidad,ok,
resolve,207,4,23674.815,7.760,302,5J,https://semilla-314.example.com/documento/314?origen=capacidad,https://semilla-314.example.com/documento/314?origen=capacidad,ok,
resolve,208,3,23675.235,7.653,302,E3,https://semilla-813.example.com/documento/813?origen=capacidad,https://semilla-813.example.com/documento/813?origen=capacidad,ok,
resolve,206,1,23673.736,9.418,302,A1,https://semilla-576.example.com/documento/576?origen=capacidad,https://semilla-576.example.com/documento/576?origen=capacidad,ok,
resolve,212,9,23678.167,5.672,302,5K,https://semilla-315.example.com/documento/315?origen=capacidad,https://semilla-315.example.com/documento/315?origen=capacidad,ok,
resolve,213,7,23679.768,4.905,302,XG,https://carga-612.example.com/recurso/612?x=1&y=2,https://carga-612.example.com/recurso/612?x=1&y=2,ok,
resolve,215,2,23680.466,4.562,302,EL,https://semilla-831.example.com/documento/831?origen=capacidad,https://semilla-831.example.com/documento/831?origen=capacidad,ok,
resolve,216,6,23681.105,4.749,302,T6,https://carga-371.example.com/recurso/371?x=1&y=2,https://carga-371.example.com/recurso/371?x=1&y=2,ok,
resolve,214,5,23680.184,6.064,302,Xx,https://carga-653.example.com/recurso/653?x=1&y=2,https://carga-653.example.com/recurso/653?x=1&y=2,ok,
resolve,209,8,23675.568,10.961,302,VQ,https://carga-505.example.com/recurso/505?x=1&y=2,https://carga-505.example.com/recurso/505?x=1&y=2,ok,
resolve,217,0,23682.221,4.635,302,Un,https://carga-469.example.com/recurso/469?x=1&y=2,https://carga-469.example.com/recurso/469?x=1&y=2,ok,
resolve,220,1,23683.197,3.938,302,TM,https://carga-386.example.com/recurso/386?x=1&y=2,https://carga-386.example.com/recurso/386?x=1&y=2,ok,
resolve,221,9,23683.944,3.455,302,aj,https://carga-814.example.com/recurso/814?x=1&y=2,https://carga-814.example.com/recurso/814?x=1&y=2,ok,
resolve,218,4,23682.632,5.059,302,92,https://semilla-530.example.com/documento/530?origen=capacidad,https://semilla-530.example.com/documento/530?origen=capacidad,ok,
resolve,223,2,23685.079,2.939,302,Qg,https://carga-231.example.com/recurso/231?x=1&y=2,https://carga-231.example.com/recurso/231?x=1&y=2,ok,
resolve,222,7,23684.735,3.623,302,AV,https://semilla-615.example.com/documento/615?origen=capacidad,https://semilla-615.example.com/documento/615?origen=capacidad,ok,
resolve,219,3,23682.936,6.737,302,de,https://carga-983.example.com/recurso/983?x=1&y=2,https://carga-983.example.com/recurso/983?x=1&y=2,ok,
resolve,224,6,23685.971,4.643,302,3Y,https://semilla-212.example.com/documento/212?origen=capacidad,https://semilla-212.example.com/documento/212?origen=capacidad,ok,
resolve,225,5,23686.300,4.626,302,Hr,https://warmup-32.example.com/r/32,https://warmup-32.example.com/r/32,ok,
resolve,231,2,23688.062,3.134,302,n,https://semilla-52.example.com/documento/52?origen=capacidad,https://semilla-52.example.com/documento/52?origen=capacidad,ok,
resolve,228,1,23687.181,4.314,302,VP,https://carga-504.example.com/recurso/504?x=1&y=2,https://carga-504.example.com/recurso/504?x=1&y=2,ok,
resolve,227,0,23686.904,4.862,302,Nk,https://carga-119.example.com/recurso/119?x=1&y=2,https://carga-119.example.com/recurso/119?x=1&y=2,ok,
resolve,229,9,23687.445,4.603,302,bz,https://carga-887.example.com/recurso/887?x=1&y=2,https://carga-887.example.com/recurso/887?x=1&y=2,ok,
resolve,232,7,23688.408,4.091,302,8b,https://semilla-504.example.com/documento/504?origen=capacidad,https://semilla-504.example.com/documento/504?origen=capacidad,ok,
resolve,230,4,23687.738,5.043,302,FX,https://semilla-899.example.com/documento/899?origen=capacidad,https://semilla-899.example.com/documento/899?origen=capacidad,ok,
resolve,226,8,23686.578,6.486,302,Kq,https://warmup-156.example.com/r/156,https://warmup-156.example.com/r/156,ok,
resolve,233,3,23689.732,3.672,302,My,https://carga-73.example.com/recurso/73?x=1&y=2,https://carga-73.example.com/recurso/73?x=1&y=2,ok,
resolve,234,6,23690.673,3.060,302,Vo,https://carga-528.example.com/recurso/528?x=1&y=2,https://carga-528.example.com/recurso/528?x=1&y=2,ok,
resolve,235,5,23690.974,3.477,302,5S,https://semilla-317.example.com/documento/317?origen=capacidad,https://semilla-317.example.com/documento/317?origen=capacidad,ok,
resolve,241,4,23692.842,4.196,302,2r,https://semilla-172.example.com/documento/172?origen=capacidad,https://semilla-172.example.com/documento/172?origen=capacidad,ok,
resolve,239,9,23692.092,6.289,302,Gf,https://semilla-973.example.com/documento/973?origen=capacidad,https://semilla-973.example.com/documento/973?origen=capacidad,ok,
resolve,240,7,23692.549,6.269,302,Wx,https://carga-595.example.com/recurso/595?x=1&y=2,https://carga-595.example.com/recurso/595?x=1&y=2,ok,
resolve,236,2,23691.242,7.836,302,Zt,https://carga-764.example.com/recurso/764?x=1&y=2,https://carga-764.example.com/recurso/764?x=1&y=2,ok,
resolve,242,8,23693.110,6.208,302,Si,https://carga-349.example.com/recurso/349?x=1&y=2,https://carga-349.example.com/recurso/349?x=1&y=2,ok,
resolve,237,1,23691.546,8.075,302,Ye,https://carga-693.example.com/recurso/693?x=1&y=2,https://carga-693.example.com/recurso/693?x=1&y=2,ok,
resolve,243,3,23693.453,6.488,302,Ur,https://carga-473.example.com/recurso/473?x=1&y=2,https://carga-473.example.com/recurso/473?x=1&y=2,ok,
resolve,238,0,23691.834,8.380,302,Ro,https://carga-296.example.com/recurso/296?x=1&y=2,https://carga-296.example.com/recurso/296?x=1&y=2,ok,
resolve,245,5,23694.506,5.992,302,UB,https://carga-434.example.com/recurso/434?x=1&y=2,https://carga-434.example.com/recurso/434?x=1&y=2,ok,
resolve,244,6,23693.779,7.756,302,Um,https://carga-468.example.com/recurso/468?x=1&y=2,https://carga-468.example.com/recurso/468?x=1&y=2,ok,
resolve,246,4,23697.147,5.236,302,2a,https://semilla-156.example.com/documento/156?origen=capacidad,https://semilla-156.example.com/documento/156?origen=capacidad,ok,
resolve,248,7,23698.868,3.837,302,Mc,https://carga-60.example.com/recurso/60?x=1&y=2,https://carga-60.example.com/recurso/60?x=1&y=2,ok,
resolve,247,9,23698.481,5.161,302,5a,https://semilla-330.example.com/documento/330?origen=capacidad,https://semilla-330.example.com/documento/330?origen=capacidad,ok,
resolve,249,2,23699.116,4.880,302,8G,https://semilla-486.example.com/documento/486?origen=capacidad,https://semilla-486.example.com/documento/486?origen=capacidad,ok,
resolve,251,1,23699.675,4.687,302,9p,https://semilla-563.example.com/documento/563?origen=capacidad,https://semilla-563.example.com/documento/563?origen=capacidad,ok,
resolve,253,0,23700.261,5.832,302,TS,https://carga-391.example.com/recurso/391?x=1&y=2,https://carga-391.example.com/recurso/391?x=1&y=2,ok,
resolve,250,8,23699.370,7.087,302,E9,https://semilla-820.example.com/documento/820?origen=capacidad,https://semilla-820.example.com/documento/820?origen=capacidad,ok,
resolve,252,3,23699.985,6.720,302,Rc,https://carga-285.example.com/recurso/285?x=1&y=2,https://carga-285.example.com/recurso/285?x=1&y=2,ok,
resolve,255,6,23701.614,5.397,302,Hx,https://warmup-40.example.com/r/40,https://warmup-40.example.com/r/40,ok,
resolve,256,4,23702.443,5.001,302,1x,https://semilla-120.example.com/documento/120?origen=capacidad,https://semilla-120.example.com/documento/120?origen=capacidad,ok,
resolve,254,5,23700.544,7.198,302,3h,https://semilla-220.example.com/documento/220?origen=capacidad,https://semilla-220.example.com/documento/220?origen=capacidad,ok,
resolve,257,7,23702.757,5.246,302,G2,https://semilla-928.example.com/documento/928?origen=capacidad,https://semilla-928.example.com/documento/928?origen=capacidad,ok,
resolve,258,9,23703.701,4.554,302,Ra,https://carga-283.example.com/recurso/283?x=1&y=2,https://carga-283.example.com/recurso/283?x=1&y=2,ok,
resolve,259,2,23704.047,4.464,302,Ji,https://warmup-82.example.com/r/82,https://warmup-82.example.com/r/82,ok,
resolve,261,0,23706.157,2.619,302,2a,https://semilla-156.example.com/documento/156?origen=capacidad,https://semilla-156.example.com/documento/156?origen=capacidad,ok,
resolve,264,6,23707.059,2.511,302,8W,https://semilla-500.example.com/documento/500?origen=capacidad,https://semilla-500.example.com/documento/500?origen=capacidad,ok,
resolve,262,8,23706.511,3.433,302,4W,https://semilla-268.example.com/documento/268?origen=capacidad,https://semilla-268.example.com/documento/268?origen=capacidad,ok,
resolve,263,3,23706.749,3.445,302,Wp,https://carga-587.example.com/recurso/587?x=1&y=2,https://carga-587.example.com/recurso/587?x=1&y=2,ok,
resolve,260,1,23704.391,7.036,302,8p,https://semilla-438.example.com/documento/438?origen=capacidad,https://semilla-438.example.com/documento/438?origen=capacidad,ok,
resolve,267,7,23708.039,5.480,302,VY,https://carga-513.example.com/recurso/513?x=1&y=2,https://carga-513.example.com/recurso/513?x=1&y=2,ok,
resolve,265,4,23707.497,6.568,302,D4,https://semilla-755.example.com/documento/755?origen=capacidad,https://semilla-755.example.com/documento/755?origen=capacidad,ok,
resolve,271,6,23709.635,4.744,302,MN,https://carga-38.example.com/recurso/38?x=1&y=2,https://carga-38.example.com/recurso/38?x=1&y=2,ok,
resolve,269,2,23708.557,6.180,302,LK,https://warmup-176.example.com/r/176,https://warmup-176.example.com/r/176,ok,
resolve,266,5,23707.806,7.340,302,4m,https://semilla-283.example.com/documento/283?origen=capacidad,https://semilla-283.example.com/documento/283?origen=capacidad,ok,
resolve,270,0,23708.838,6.611,302,JV,https://warmup-79.example.com/r/79,https://warmup-79.example.com/r/79,ok,
resolve,272,8,23709.999,5.704,302,94,https://semilla-517.example.com/documento/517?origen=capacidad,https://semilla-517.example.com/documento/517?origen=capacidad,ok,
resolve,268,9,23708.299,7.694,302,Le,https://warmup-197.example.com/r/197,https://warmup-197.example.com/r/197,ok,
resolve,273,3,23710.226,6.028,302,Js,https://warmup-92.example.com/r/92,https://warmup-92.example.com/r/92,ok,
resolve,274,1,23711.526,4.952,302,FM,https://semilla-889.example.com/documento/889?origen=capacidad,https://semilla-889.example.com/documento/889?origen=capacidad,ok,
resolve,275,7,23713.634,3.588,302,VP,https://carga-504.example.com/recurso/504?x=1&y=2,https://carga-504.example.com/recurso/504?x=1&y=2,ok,
resolve,277,6,23714.428,3.052,302,Uq,https://carga-472.example.com/recurso/472?x=1&y=2,https://carga-472.example.com/recurso/472?x=1&y=2,ok,
resolve,276,4,23714.124,3.574,302,SE,https://carga-321.example.com/recurso/321?x=1&y=2,https://carga-321.example.com/recurso/321?x=1&y=2,ok,
resolve,278,2,23714.812,3.118,302,5p,https://semilla-344.example.com/documento/344?origen=capacidad,https://semilla-344.example.com/documento/344?origen=capacidad,ok,
resolve,280,0,23715.498,4.422,302,Re,https://carga-287.example.com/recurso/287?x=1&y=2,https://carga-287.example.com/recurso/287?x=1&y=2,ok,
resolve,281,8,23715.736,4.611,302,Cz,https://semilla-750.example.com/documento/750?origen=capacidad,https://semilla-750.example.com/documento/750?origen=capacidad,ok,
resolve,279,5,23715.200,5.554,302,G5,https://semilla-929.example.com/documento/929?origen=capacidad,https://semilla-929.example.com/documento/929?origen=capacidad,ok,
resolve,282,9,23716.042,5.055,302,UW,https://carga-453.example.com/recurso/453?x=1&y=2,https://carga-453.example.com/recurso/453?x=1&y=2,ok,
resolve,283,3,23716.287,5.101,302,Hg,https://warmup-24.example.com/r/24,https://warmup-24.example.com/r/24,ok,
resolve,284,1,23716.520,5.698,302,SA,https://carga-317.example.com/recurso/317?x=1&y=2,https://carga-317.example.com/recurso/317?x=1&y=2,ok,
resolve,287,4,23717.738,4.852,302,d1,https://carga-946.example.com/recurso/946?x=1&y=2,https://carga-946.example.com/recurso/946?x=1&y=2,ok,
resolve,288,2,23717.972,4.992,302,aS,https://carga-797.example.com/recurso/797?x=1&y=2,https://carga-797.example.com/recurso/797?x=1&y=2,ok,
resolve,285,7,23717.277,6.061,302,Dc,https://semilla-789.example.com/documento/789?origen=capacidad,https://semilla-789.example.com/documento/789?origen=capacidad,ok,
resolve,286,6,23717.519,6.215,302,LK,https://warmup-176.example.com/r/176,https://warmup-176.example.com/r/176,ok,
resolve,289,0,23720.016,4.108,302,HM,https://warmup-3.example.com/r/3,https://warmup-3.example.com/r/3,ok,
resolve,290,8,23720.405,4.079,302,Qz,https://carga-249.example.com/recurso/249?x=1&y=2,https://carga-249.example.com/recurso/249?x=1&y=2,ok,
resolve,292,9,23721.150,4.385,302,Ws,https://carga-590.example.com/recurso/590?x=1&y=2,https://carga-590.example.com/recurso/590?x=1&y=2,ok,
resolve,291,5,23720.831,5.085,302,6C,https://semilla-200.example.com/documento/200?origen=capacidad,https://semilla-200.example.com/documento/200?origen=capacidad,ok,
resolve,295,4,23722.648,3.563,302,6u,https://semilla-407.example.com/documento/407?origen=capacidad,https://semilla-407.example.com/documento/407?origen=capacidad,ok,
resolve,294,1,23722.296,4.205,302,XS,https://carga-623.example.com/recurso/623?x=1&y=2,https://carga-623.example.com/recurso/623?x=1&y=2,ok,
resolve,293,3,23721.436,5.382,302,3o,https://semilla-226.example.com/documento/226?origen=capacidad,https://semilla-226.example.com/documento/226?origen=capacidad,ok,
resolve,296,2,23723.017,4.761,302,cR,https://carga-912.example.com/recurso/912?x=1&y=2,https://carga-912.example.com/recurso/912?x=1&y=2,ok,
resolve,300,8,23724.534,3.639,302,Z8,https://carga-721.example.com/recurso/721?x=1&y=2,https://carga-721.example.com/recurso/721?x=1&y=2,ok,
resolve,297,7,23723.392,5.117,302,N,https://semilla-18.example.com/documento/18?origen=capacidad,https://semilla-18.example.com/documento/18?origen=capacidad,ok,
resolve,299,0,23724.233,4.776,302,z,https://semilla-64.example.com/documento/64?origen=capacidad,https://semilla-64.example.com/documento/64?origen=capacidad,ok,
resolve,298,6,23723.800,5.602,302,Wo,https://carga-586.example.com/recurso/586?x=1&y=2,https://carga-586.example.com/recurso/586?x=1&y=2,ok,
resolve,302,5,23725.972,3.800,302,7r,https://semilla-459.example.com/documento/459?origen=capacidad,https://semilla-459.example.com/documento/459?origen=capacidad,ok,
resolve,303,4,23726.262,4.409,302,3X,https://semilla-211.example.com/documento/211?origen=capacidad,https://semilla-211.example.com/documento/211?origen=capacidad,ok,
resolve,301,9,23725.608,5.481,302,PS,https://carga-158.example.com/recurso/158?x=1&y=2,https://carga-158.example.com/recurso/158?x=1&y=2,ok,
resolve,304,1,23726.550,4.830,302,GR,https://semilla-959.example.com/documento/959?origen=capacidad,https://semilla-959.example.com/documento/959?origen=capacidad,ok,
resolve,306,2,23727.865,3.788,302,TC,https://carga-377.example.com/recurso/377?x=1&y=2,https://carga-377.example.com/recurso/377?x=1&y=2,ok,
resolve,305,3,23726.865,5.200,302,Ek,https://semilla-854.example.com/documento/854?origen=capacidad,https://semilla-854.example.com/documento/854?origen=capacidad,ok,
resolve,307,8,23728.231,4.975,302,Qb,https://carga-226.example.com/recurso/226?x=1&y=2,https://carga-226.example.com/recurso/226?x=1&y=2,ok,
resolve,308,7,23728.564,5.201,302,9W,https://semilla-558.example.com/documento/558?origen=capacidad,https://semilla-558.example.com/documento/558?origen=capacidad,ok,
resolve,309,0,23729.072,5.022,302,66,https://semilla-189.example.com/documento/189?origen=capacidad,https://semilla-189.example.com/documento/189?origen=capacidad,ok,
resolve,310,6,23729.454,4.991,302,Ka,https://warmup-141.example.com/r/141,https://warmup-141.example.com/r/141,ok,
resolve,311,5,23729.837,4.900,302,bZ,https://carga-862.example.com/recurso/862?x=1&y=2,https://carga-862.example.com/recurso/862?x=1&y=2,ok,
resolve,312,4,23730.761,4.281,302,BL,https://semilla-651.example.com/documento/651?origen=capacidad,https://semilla-651.example.com/documento/651?origen=capacidad,ok,
resolve,314,1,23731.429,3.801,302,DC,https://semilla-762.example.com/documento/762?origen=capacidad,https://semilla-762.example.com/documento/762?origen=capacidad,ok,
resolve,313,9,23731.140,4.254,302,Ci,https://semilla-736.example.com/documento/736?origen=capacidad,https://semilla-736.example.com/documento/736?origen=capacidad,ok,
resolve,315,2,23731.699,4.449,302,Gq,https://semilla-975.example.com/documento/975?origen=capacidad,https://semilla-975.example.com/documento/975?origen=capacidad,ok,
resolve,316,3,23732.129,4.417,302,Ba,https://semilla-668.example.com/documento/668?origen=capacidad,https://semilla-668.example.com/documento/668?origen=capacidad,ok,
resolve,317,8,23733.279,3.622,302,Nf,https://carga-114.example.com/recurso/114?x=1&y=2,https://carga-114.example.com/recurso/114?x=1&y=2,ok,
resolve,318,7,23733.837,5.562,302,8q,https://semilla-478.example.com/documento/478?origen=capacidad,https://semilla-478.example.com/documento/478?origen=capacidad,ok,
resolve,319,0,23734.142,6.129,302,1Q,https://semilla-88.example.com/documento/88?origen=capacidad,https://semilla-88.example.com/documento/88?origen=capacidad,ok,
resolve,320,6,23734.497,6.116,302,ar,https://carga-821.example.com/recurso/821?x=1&y=2,https://carga-821.example.com/recurso/821?x=1&y=2,ok,
resolve,321,5,23734.811,6.059,302,Jt,https://warmup-93.example.com/r/93,https://warmup-93.example.com/r/93,ok,
resolve,322,4,23735.077,6.056,302,Uw,https://carga-478.example.com/recurso/478?x=1&y=2,https://carga-478.example.com/recurso/478?x=1&y=2,ok,
resolve,325,2,23736.224,5.418,302,LY,https://warmup-191.example.com/r/191,https://warmup-191.example.com/r/191,ok,
resolve,323,1,23735.259,6.757,302,MZ,https://carga-50.example.com/recurso/50?x=1&y=2,https://carga-50.example.com/recurso/50?x=1&y=2,ok,
resolve,324,9,23735.419,6.881,302,Lp,https://carga-7.example.com/recurso/7?x=1&y=2,https://carga-7.example.com/recurso/7?x=1&y=2,ok,
resolve,326,3,23736.606,5.956,302,Cs,https://semilla-746.example.com/documento/746?origen=capacidad,https://semilla-746.example.com/documento/746?origen=capacidad,ok,
resolve,327,8,23736.956,5.883,302,7v,https://semilla-463.example.com/documento/463?origen=capacidad,https://semilla-463.example.com/documento/463?origen=capacidad,ok,
resolve,328,7,23739.485,3.611,302,DT,https://semilla-779.example.com/documento/779?origen=capacidad,https://semilla-779.example.com/documento/779?origen=capacidad,ok,
resolve,329,0,23740.339,2.947,302,a,https://semilla-40.example.com/documento/40?origen=capacidad,https://semilla-40.example.com/documento/40?origen=capacidad,ok,
resolve,331,5,23740.908,2.533,302,6U,https://semilla-382.example.com/documento/382?origen=capacidad,https://semilla-382.example.com/documento/382?origen=capacidad,ok,
resolve,330,6,23740.659,2.989,302,SV,https://carga-336.example.com/recurso/336?x=1&y=2,https://carga-336.example.com/recurso/336?x=1&y=2,ok,
resolve,332,4,23741.180,2.801,302,Nx,https://carga-131.example.com/recurso/131?x=1&y=2,https://carga-131.example.com/recurso/131?x=1&y=2,ok,
resolve,338,7,23743.137,3.217,302,GH,https://semilla-939.example.com/documento/939?origen=capacidad,https://semilla-939.example.com/documento/939?origen=capacidad,ok,
resolve,337,8,23742.885,3.876,302,SN,https://carga-329.example.com/recurso/329?x=1&y=2,https://carga-329.example.com/recurso/329?x=1&y=2,ok,
resolve,336,3,23742.608,4.502,302,X2,https://carga-599.example.com/recurso/599?x=1&y=2,https://carga-599.example.com/recurso/599?x=1&y=2,ok,
resolve,333,2,23741.698,5.722,302,ND,https://carga-88.example.com/recurso/88?x=1&y=2,https://carga-88.example.com/recurso/88?x=1&y=2,ok,
resolve,335,9,23742.347,5.361,302,BQ,https://semilla-654.example.com/documento/654?origen=capacidad,https://semilla-654.example.com/documento/654?origen=capacidad,ok,
resolve,339,0,23743.312,5.409,302,AS,https://semilla-612.example.com/documento/612?origen=capacidad,https://semilla-612.example.com/documento/612?origen=capacidad,ok,
resolve,342,4,23744.027,5.007,302,5d,https://semilla-333.example.com/documento/333?origen=capacidad,https://semilla-333.example.com/documento/333?origen=capacidad,ok,
resolve,340,5,23743.475,5.776,302,c6,https://carga-893.example.com/recurso/893?x=1&y=2,https://carga-893.example.com/recurso/893?x=1&y=2,ok,
resolve,334,1,23742.070,7.384,302,1B,https://semilla-67.example.com/documento/67?origen=capacidad,https://semilla-67.example.com/documento/67?origen=capacidad,ok,
resolve,343,7,23746.429,5.229,302,Hb,https://warmup-19.example.com/r/19,https://warmup-19.example.com/r/19,ok,
resolve,344,8,23746.841,5.194,302,HF,https://warmup-2.example.com/r/2,https://warmup-2.example.com/r/2,ok,
resolve,347,9,23747.756,4.534,302,G1,https://semilla-927.example.com/documento/927?origen=capacidad,https://semilla-927.example.com/documento/927?origen=capacidad,ok,
resolve,349,4,23749.080,3.544,302,Kc,https://warmup-134.example.com/r/134,https://warmup-134.example.com/r/134,ok,
resolve,341,6,23743.690,9.219,302,Me,https://carga-54.example.com/recurso/54?x=1&y=2,https://carga-54.example.com/recurso/54?x=1&y=2,ok,
resolve,345,3,23747.167,6.317,302,23,https://semilla-122.example.com/documento/122?origen=capacidad,https://semilla-122.example.com/documento/122?origen=capacidad,ok,
resolve,348,0,23748.803,4.969,302,5M,https://semilla-313.example.com/documento/313?origen=capacidad,https://semilla-313.example.com/documento/313?origen=capacidad,ok,
resolve,346,2,23747.473,6.853,302,9V,https://semilla-546.example.com/documento/546?origen=capacidad,https://semilla-546.example.com/documento/546?origen=capacidad,ok,
resolve,350,5,23749.284,5.279,302,DH,https://semilla-766.example.com/documento/766?origen=capacidad,https://semilla-766.example.com/documento/766?origen=capacidad,ok,
resolve,351,1,23749.495,5.264,302,Dz,https://semilla-809.example.com/documento/809?origen=capacidad,https://semilla-809.example.com/documento/809?origen=capacidad,ok,
resolve,352,7,23751.729,3.299,302,7x,https://semilla-468.example.com/documento/468?origen=capacidad,https://semilla-468.example.com/documento/468?origen=capacidad,ok,
resolve,353,8,23752.085,3.206,302,9,https://semilla-3.example.com/documento/3?origen=capacidad,https://semilla-3.example.com/documento/3?origen=capacidad,ok,
resolve,354,9,23752.336,3.221,302,HE,https://semilla-998.example.com/documento/998?origen=capacidad,https://semilla-998.example.com/documento/998?origen=capacidad,ok,
resolve,356,6,23752.961,3.028,302,Ag,https://semilla-625.example.com/documento/625?origen=capacidad,https://semilla-625.example.com/documento/625?origen=capacidad,ok,
resolve,355,4,23752.672,3.578,302,5F,https://semilla-311.example.com/documento/311?origen=capacidad,https://semilla-311.example.com/documento/311?origen=capacidad,ok,
resolve,357,3,23753.541,2.972,302,1u,https://semilla-117.example.com/documento/117?origen=capacidad,https://semilla-117.example.com/documento/117?origen=capacidad,ok,
resolve,360,5,23754.595,3.019,302,Qj,https://carga-234.example.com/recurso/234?x=1&y=2,https://carga-234.example.com/recurso/234?x=1&y=2,ok,
resolve,359,2,23754.375,3.544,302,Rs,https://carga-300.example.com/recurso/300?x=1&y=2,https://carga-300.example.com/recurso/300?x=1&y=2,ok,
resolve,362,7,23755.073,3.119,302,PX,https://carga-163.example.com/recurso/163?x=1&y=2,https://carga-163.example.com/recurso/163?x=1&y=2,ok,
resolve,363,8,23755.335,3.126,302,Sa,https://carga-341.example.com/recurso/341?x=1&y=2,https://carga-341.example.com/recurso/341?x=1&y=2,ok,
resolve,361,1,23754.814,3.898,302,Cs,https://semilla-746.example.com/documento/746?origen=capacidad,https://semilla-746.example.com/documento/746?origen=capacidad,ok,
resolve,358,0,23753.833,5.158,302,Bs,https://semilla-683.example.com/documento/683?origen=capacidad,https://semilla-683.example.com/documento/683?origen=capacidad,ok,
resolve,364,9,23755.602,3.819,302,LE,https://warmup-169.example.com/r/169,https://warmup-169.example.com/r/169,ok,
resolve,365,6,23756.039,3.718,302,1W,https://semilla-93.example.com/documento/93?origen=capacidad,https://semilla-93.example.com/documento/93?origen=capacidad,ok,
resolve,366,4,23756.294,3.810,302,7T,https://semilla-393.example.com/documento/393?origen=capacidad,https://semilla-393.example.com/documento/393?origen=capacidad,ok,
resolve,367,3,23756.556,4.404,302,Jv,https://warmup-94.example.com/r/94,https://warmup-94.example.com/r/94,ok,
resolve,369,2,23757.970,3.259,302,J6,https://warmup-48.example.com/r/48,https://warmup-48.example.com/r/48,ok,
resolve,368,5,23757.674,3.814,302,VT,https://carga-508.example.com/recurso/508?x=1&y=2,https://carga-508.example.com/recurso/508?x=1&y=2,ok,
resolve,371,8,23758.504,3.217,302,LG,https://warmup-182.example.com/r/182,https://warmup-182.example.com/r/182,ok,
resolve,370,7,23758.243,3.740,302,CA,https://semilla-703.example.com/documento/703?origen=capacidad,https://semilla-703.example.com/documento/703?origen=capacidad,ok,
resolve,372,1,23758.753,3.506,302,S1,https://carga-308.example.com/recurso/308?x=1&y=2,https://carga-308.example.com/recurso/308?x=1&y=2,ok,
resolve,374,9,23759.473,3.041,302,1k,https://semilla-108.example.com/documento/108?origen=capacidad,https://semilla-108.example.com/documento/108?origen=capacidad,ok,
resolve,373,0,23759.036,3.717,302,RV,https://carga-278.example.com/recurso/278?x=1&y=2,https://carga-278.example.com/recurso/278?x=1&y=2,ok,
resolve,375,6,23759.812,3.224,302,3D,https://semilla-193.example.com/documento/193?origen=capacidad,https://semilla-193.example.com/documento/193?origen=capacidad,ok,
resolve,376,4,23760.143,4.148,302,Ud,https://carga-460.example.com/recurso/460?x=1&y=2,https://carga-460.example.com/recurso/460?x=1&y=2,ok,
resolve,378,2,23761.276,4.270,302,Bj,https://semilla-679.example.com/documento/679?origen=capacidad,https://semilla-679.example.com/documento/679?origen=capacidad,ok,
resolve,379,5,23761.533,4.469,302,b3,https://carga-832.example.com/recurso/832?x=1&y=2,https://carga-832.example.com/recurso/832?x=1&y=2,ok,
resolve,377,3,23761.011,5.331,302,GN,https://semilla-942.example.com/documento/942?origen=capacidad,https://semilla-942.example.com/documento/942?origen=capacidad,ok,
resolve,381,7,23762.026,4.603,302,6G,https://semilla-370.example.com/documento/370?origen=capacidad,https://semilla-370.example.com/documento/370?origen=capacidad,ok,
resolve,380,8,23761.760,5.179,302,Ff,https://semilla-907.example.com/documento/907?origen=capacidad,https://semilla-907.example.com/documento/907?origen=capacidad,ok,
resolve,382,1,23762.305,5.069,302,EW,https://semilla-841.example.com/documento/841?origen=capacidad,https://semilla-841.example.com/documento/841?origen=capacidad,ok,
resolve,384,0,23762.811,5.036,302,bN,https://carga-851.example.com/recurso/851?x=1&y=2,https://carga-851.example.com/recurso/851?x=1&y=2,ok,
resolve,385,6,23763.078,5.379,302,CR,https://semilla-713.example.com/documento/713?origen=capacidad,https://semilla-713.example.com/documento/713?origen=capacidad,ok,
resolve,383,9,23762.553,6.193,302,X1,https://carga-598.example.com/recurso/598?x=1&y=2,https://carga-598.example.com/recurso/598?x=1&y=2,ok,
resolve,387,2,23765.625,3.688,302,76,https://semilla-416.example.com/documento/416?origen=capacidad,https://semilla-416.example.com/documento/416?origen=capacidad,ok,
resolve,389,3,23766.394,3.788,302,Sp,https://carga-355.example.com/recurso/355?x=1&y=2,https://carga-355.example.com/recurso/355?x=1&y=2,ok,
resolve,386,4,23764.402,6.169,302,Jg,https://warmup-81.example.com/r/81,https://warmup-81.example.com/r/81,ok,
resolve,388,5,23766.061,6.133,302,M4,https://carga-20.example.com/recurso/20?x=1&y=2,https://carga-20.example.com/recurso/20?x=1&y=2,ok,
resolve,393,0,23767.897,4.648,302,Wn,https://carga-585.example.com/recurso/585?x=1&y=2,https://carga-585.example.com/recurso/585?x=1&y=2,ok,
resolve,394,6,23768.515,4.551,302,5g,https://semilla-336.example.com/documento/336?origen=capacidad,https://semilla-336.example.com/documento/336?origen=capacidad,ok,
resolve,390,7,23766.682,6.720,302,S9,https://carga-316.example.com/recurso/316?x=1&y=2,https://carga-316.example.com/recurso/316?x=1&y=2,ok,
resolve,391,8,23766.983,6.786,302,CP,https://semilla-724.example.com/documento/724?origen=capacidad,https://semilla-724.example.com/documento/724?origen=capacidad,ok,
resolve,392,1,23767.426,7.064,302,7v,https://semilla-463.example.com/documento/463?origen=capacidad,https://semilla-463.example.com/documento/463?origen=capacidad,ok,
resolve,395,9,23768.813,6.104,302,Vp,https://carga-529.example.com/recurso/529?x=1&y=2,https://carga-529.example.com/recurso/529?x=1&y=2,ok,
resolve,396,2,23769.368,6.076,302,W7,https://carga-546.example.com/recurso/546?x=1&y=2,https://carga-546.example.com/recurso/546?x=1&y=2,ok,
resolve,397,3,23770.255,5.553,302,PV,https://carga-161.example.com/recurso/161?x=1&y=2,https://carga-161.example.com/recurso/161?x=1&y=2,ok,
resolve,398,4,23770.632,5.449,302,9C,https://semilla-520.example.com/documento/520?origen=capacidad,https://semilla-520.example.com/documento/520?origen=capacidad,ok,
resolve,399,5,23772.260,4.077,302,Cm,https://semilla-739.example.com/documento/739?origen=capacidad,https://semilla-739.example.com/documento/739?origen=capacidad,ok,
resolve,400,0,23772.609,4.619,302,Tb,https://carga-400.example.com/recurso/400?x=1&y=2,https://carga-400.example.com/recurso/400?x=1&y=2,ok,
resolve,402,7,23773.443,4.252,302,Qs,https://carga-242.example.com/recurso/242?x=1&y=2,https://carga-242.example.com/recurso/242?x=1&y=2,ok,
resolve,404,1,23774.547,3.495,302,aa,https://carga-805.example.com/recurso/805?x=1&y=2,https://carga-805.example.com/recurso/805?x=1&y=2,ok,
resolve,401,6,23773.144,5.199,302,Kt,https://warmup-150.example.com/r/150,https://warmup-150.example.com/r/150,ok,
resolve,406,2,23775.493,3.135,302,4J,https://semilla-256.example.com/documento/256?origen=capacidad,https://semilla-256.example.com/documento/256?origen=capacidad,ok,
resolve,403,8,23774.184,4.889,302,AT,https://semilla-610.example.com/documento/610?origen=capacidad,https://semilla-610.example.com/documento/610?origen=capacidad,ok,
resolve,405,9,23774.974,4.383,302,JP,https://warmup-63.example.com/r/63,https://warmup-63.example.com/r/63,ok,
resolve,407,3,23775.857,3.758,302,XP,https://carga-620.example.com/recurso/620?x=1&y=2,https://carga-620.example.com/recurso/620?x=1&y=2,ok,
resolve,408,4,23776.128,4.648,302,YT,https://carga-682.example.com/recurso/682?x=1&y=2,https://carga-682.example.com/recurso/682?x=1&y=2,ok,
resolve,409,5,23776.379,5.445,302,Tn,https://carga-411.example.com/recurso/411?x=1&y=2,https://carga-411.example.com/recurso/411?x=1&y=2,ok,
resolve,410,0,23777.354,5.126,302,2f,https://semilla-157.example.com/documento/157?origen=capacidad,https://semilla-157.example.com/documento/157?origen=capacidad,ok,
resolve,415,8,23779.121,4.162,302,Wk,https://carga-583.example.com/recurso/583?x=1&y=2,https://carga-583.example.com/recurso/583?x=1&y=2,ok,
resolve,411,7,23777.753,6.554,302,Q8,https://carga-199.example.com/recurso/199?x=1&y=2,https://carga-199.example.com/recurso/199?x=1&y=2,ok,
resolve,414,2,23778.679,5.911,302,Mg,https://carga-56.example.com/recurso/56?x=1&y=2,https://carga-56.example.com/recurso/56?x=1&y=2,ok,
resolve,416,9,23779.402,5.463,302,1o,https://semilla-111.example.com/documento/111?origen=capacidad,https://semilla-111.example.com/documento/111?origen=capacidad,ok,
resolve,412,1,23778.096,7.050,302,U8,https://carga-431.example.com/recurso/431?x=1&y=2,https://carga-431.example.com/recurso/431?x=1&y=2,ok,
resolve,417,3,23779.661,5.742,302,3H,https://semilla-197.example.com/documento/197?origen=capacidad,https://semilla-197.example.com/documento/197?origen=capacidad,ok,
resolve,413,6,23778.389,7.267,302,16,https://semilla-59.example.com/documento/59?origen=capacidad,https://semilla-59.example.com/documento/59?origen=capacidad,ok,
resolve,418,4,23780.890,5.239,302,U6,https://carga-429.example.com/recurso/429?x=1&y=2,https://carga-429.example.com/recurso/429?x=1&y=2,ok,
resolve,419,5,23781.902,6.551,302,No,https://carga-122.example.com/recurso/122?x=1&y=2,https://carga-122.example.com/recurso/122?x=1&y=2,ok,
resolve,422,7,23784.364,4.495,302,CV,https://semilla-719.example.com/documento/719?origen=capacidad,https://semilla-719.example.com/documento/719?origen=capacidad,ok,
resolve,420,0,23782.540,6.620,302,Lv,https://carga-13.example.com/recurso/13?x=1&y=2,https://carga-13.example.com/recurso/13?x=1&y=2,ok,
resolve,425,1,23785.192,4.252,302,U1,https://carga-424.example.com/recurso/424?x=1&y=2,https://carga-424.example.com/recurso/424?x=1&y=2,ok,
resolve,427,6,23785.703,3.964,302,56,https://semilla-302.example.com/documento/302?origen=capacidad,https://semilla-302.example.com/documento/302?origen=capacidad,ok,
resolve,423,2,23784.626,5.336,302,C2,https://semilla-694.example.com/documento/694?origen=capacidad,https://semilla-694.example.com/documento/694?origen=capacidad,ok,
resolve,421,8,23783.336,7.006,302,R9,https://carga-258.example.com/recurso/258?x=1&y=2,https://carga-258.example.com/recurso/258?x=1&y=2,ok,
resolve,428,4,23786.188,4.418,302,QD,https://carga-203.example.com/recurso/203?x=1&y=2,https://carga-203.example.com/recurso/203?x=1&y=2,ok,
resolve,424,9,23784.913,5.960,302,AH,https://semilla-603.example.com/documento/603?origen=capacidad,https://semilla-603.example.com/documento/603?origen=capacidad,ok,
resolve,426,3,23785.447,5.694,302,UG,https://carga-439.example.com/recurso/439?x=1&y=2,https://carga-439.example.com/recurso/439?x=1&y=2,ok,
resolve,431,0,23789.208,2.857,302,5b,https://semilla-331.example.com/documento/331?origen=capacidad,https://semilla-331.example.com/documento/331?origen=capacidad,ok,
resolve,430,7,23788.916,4.266,302,B1,https://semilla-626.example.com/documento/626?origen=capacidad,https://semilla-626.example.com/documento/626?origen=capacidad,ok,
resolve,429,5,23788.534,5.022,302,HY,https://warmup-16.example.com/r/16,https://warmup-16.example.com/r/16,ok,
resolve,433,6,23789.707,4.285,302,A8,https://semilla-581.example.com/documento/581?origen=capacidad,https://semilla-581.example.com/documento/581?origen=capacidad,ok,
resolve,432,1,23789.490,4.801,302,MA,https://carga-27.example.com/recurso/27?x=1&y=2,https://carga-27.example.com/recurso/27?x=1&y=2,ok,
resolve,434,2,23790.005,4.528,302,2E,https://semilla-135.example.com/documento/135?origen=capacidad,https://semilla-135.example.com/documento/135?origen=capacidad,ok,
resolve,436,4,23790.651,4.111,302,5n,https://semilla-340.example.com/documento/340?origen=capacidad,https://semilla-340.example.com/documento/340?origen=capacidad,ok,
resolve,437,9,23790.916,4.213,302,PK,https://carga-152.example.com/recurso/152?x=1&y=2,https://carga-152.example.com/recurso/152?x=1&y=2,ok,
resolve,435,8,23790.391,5.031,302,Qs,https://carga-242.example.com/recurso/242?x=1&y=2,https://carga-242.example.com/recurso/242?x=1&y=2,ok,
resolve,438,3,23791.187,4.474,302,QS,https://carga-217.example.com/recurso/217?x=1&y=2,https://carga-217.example.com/recurso/217?x=1&y=2,ok,
resolve,439,0,23792.131,3.807,302,cY,https://carga-919.example.com/recurso/919?x=1&y=2,https://carga-919.example.com/recurso/919?x=1&y=2,ok,
resolve,440,7,23793.247,2.962,302,HJ,https://warmup-10.example.com/r/10,https://warmup-10.example.com/r/10,ok,
resolve,441,5,23793.611,3.087,302,UC,https://carga-435.example.com/recurso/435?x=1&y=2,https://carga-435.example.com/recurso/435?x=1&y=2,ok,
resolve,442,6,23794.051,3.640,302,TA,https://carga-375.example.com/recurso/375?x=1&y=2,https://carga-375.example.com/recurso/375?x=1&y=2,ok,
resolve,445,4,23794.875,3.841,302,YU,https://carga-683.example.com/recurso/683?x=1&y=2,https://carga-683.example.com/recurso/683?x=1&y=2,ok,
resolve,443,1,23794.328,5.840,302,54,https://semilla-300.example.com/documento/300?origen=capacidad,https://semilla-300.example.com/documento/300?origen=capacidad,ok,
resolve,444,2,23794.580,6.052,302,Wz,https://carga-597.example.com/recurso/597?x=1&y=2,https://carga-597.example.com/recurso/597?x=1&y=2,ok,
resolve,447,8,23795.466,5.544,302,1b,https://semilla-77.example.com/documento/77?origen=capacidad,https://semilla-77.example.com/documento/77?origen=capacidad,ok,
resolve,448,3,23795.702,5.597,302,3J,https://semilla-192.example.com/documento/192?origen=capacidad,https://semilla-192.example.com/documento/192?origen=capacidad,ok,
resolve,446,9,23795.192,6.338,302,7i,https://semilla-454.example.com/documento/454?origen=capacidad,https://semilla-454.example.com/documento/454?origen=capacidad,ok,
resolve,449,0,23795.984,6.055,302,am,https://carga-816.example.com/recurso/816?x=1&y=2,https://carga-816.example.com/recurso/816?x=1&y=2,ok,
resolve,453,4,23798.896,3.426,302,Wd,https://carga-576.example.com/recurso/576?x=1&y=2,https://carga-576.example.com/recurso/576?x=1&y=2,ok,
resolve,451,5,23796.758,6.816,302,Ln,https://carga-4.example.com/recurso/4?x=1&y=2,https://carga-4.example.com/recurso/4?x=1&y=2,ok,
resolve,452,6,23797.808,6.090,302,C7,https://semilla-709.example.com/documento/709?origen=capacidad,https://semilla-709.example.com/documento/709?origen=capacidad,ok,
resolve,450,7,23796.255,7.949,302,Aa,https://semilla-616.example.com/documento/616?origen=capacidad,https://semilla-616.example.com/documento/616?origen=capacidad,ok,
resolve,454,1,23800.260,4.625,302,Pr,https://carga-183.example.com/recurso/183?x=1&y=2,https://carga-183.example.com/recurso/183?x=1&y=2,ok,
resolve,457,3,23801.335,3.869,302,JY,https://warmup-73.example.com/r/73,https://warmup-73.example.com/r/73,ok,
resolve,458,9,23801.575,3.922,302,NU,https://carga-103.example.com/recurso/103?x=1&y=2,https://carga-103.example.com/recurso/103?x=1&y=2,ok,
resolve,456,8,23801.065,4.695,302,F3,https://semilla-870.example.com/documento/870?origen=capacidad,https://semilla-870.example.com/documento/870?origen=capacidad,ok,
resolve,455,2,23800.696,5.433,302,Pk,https://carga-177.example.com/recurso/177?x=1&y=2,https://carga-177.example.com/recurso/177?x=1&y=2,ok,
resolve,459,0,23802.090,4.302,302,Qn,https://carga-237.example.com/recurso/237?x=1&y=2,https://carga-237.example.com/recurso/237?x=1&y=2,ok,
resolve,461,5,23803.635,3.002,302,FT,https://semilla-894.example.com/documento/894?origen=capacidad,https://semilla-894.example.com/documento/894?origen=capacidad,ok,
resolve,460,4,23802.368,4.631,302,dY,https://carga-977.example.com/recurso/977?x=1&y=2,https://carga-977.example.com/recurso/977?x=1&y=2,ok,
resolve,462,6,23803.961,3.404,302,U,https://semilla-27.example.com/documento/27?origen=capacidad,https://semilla-27.example.com/documento/27?origen=capacidad,ok,
resolve,463,7,23804.250,3.453,302,MA,https://carga-27.example.com/recurso/27?x=1&y=2,https://carga-27.example.com/recurso/27?x=1&y=2,ok,
resolve,464,1,23804.953,3.005,302,6Q,https://semilla-378.example.com/documento/378?origen=capacidad,https://semilla-378.example.com/documento/378?origen=capacidad,ok,
resolve,466,9,23805.546,2.664,302,L7,https://warmup-172.example.com/r/172,https://warmup-172.example.com/r/172,ok,
resolve,465,3,23805.255,3.831,302,DS,https://semilla-778.example.com/documento/778?origen=capacidad,https://semilla-778.example.com/documento/778?origen=capacidad,ok,
resolve,469,0,23806.435,2.954,302,6w,https://semilla-409.example.com/documento/409?origen=capacidad,https://semilla-409.example.com/documento/409?origen=capacidad,ok,
resolve,467,8,23805.890,3.774,302,9x,https://semilla-583.example.com/documento/583?origen=capacidad,https://semilla-583.example.com/documento/583?origen=capacidad,ok,
resolve,468,2,23806.176,3.761,302,ZN,https://carga-735.example.com/recurso/735?x=1&y=2,https://carga-735.example.com/recurso/735?x=1&y=2,ok,
resolve,471,4,23807.047,3.550,302,8i,https://semilla-512.example.com/documento/512?origen=capacidad,https://semilla-512.example.com/documento/512?origen=capacidad,ok,
resolve,470,5,23806.679,4.864,302,FK,https://semilla-888.example.com/documento/888?origen=capacidad,https://semilla-888.example.com/documento/888?origen=capacidad,ok,
resolve,474,1,23808.000,4.043,302,JS,https://warmup-67.example.com/r/67,https://warmup-67.example.com/r/67,ok,
resolve,472,6,23807.459,4.981,302,Rk,https://carga-293.example.com/recurso/293?x=1&y=2,https://carga-293.example.com/recurso/293?x=1&y=2,ok,
resolve,475,9,23808.259,4.479,302,Fs,https://semilla-916.example.com/documento/916?origen=capacidad,https://semilla-916.example.com/documento/916?origen=capacidad,ok,
resolve,473,7,23807.748,5.303,302,BX,https://semilla-663.example.com/documento/663?origen=capacidad,https://semilla-663.example.com/documento/663?origen=capacidad,ok,
resolve,477,0,23809.437,3.903,302,YA,https://carga-665.example.com/recurso/665?x=1&y=2,https://carga-665.example.com/recurso/665?x=1&y=2,ok,
resolve,476,3,23809.145,4.532,302,D8,https://semilla-768.example.com/documento/768?origen=capacidad,https://semilla-768.example.com/documento/768?origen=capacidad,ok,
resolve,479,2,23809.979,4.117,302,8R,https://semilla-491.example.com/documento/491?origen=capacidad,https://semilla-491.example.com/documento/491?origen=capacidad,ok,
resolve,478,8,23809.710,4.780,302,Ru,https://carga-302.example.com/recurso/302?x=1&y=2,https://carga-302.example.com/recurso/302?x=1&y=2,ok,
resolve,480,4,23810.643,4.185,302,8H,https://semilla-487.example.com/documento/487?origen=capacidad,https://semilla-487.example.com/documento/487?origen=capacidad,ok,
resolve,482,1,23812.105,4.255,302,SA,https://carga-317.example.com/recurso/317?x=1&y=2,https://carga-317.example.com/recurso/317?x=1&y=2,ok,
resolve,483,6,23812.496,4.273,302,Kj,https://warmup-143.example.com/r/143,https://warmup-143.example.com/r/143,ok,
resolve,481,5,23811.617,5.476,302,Rn,https://carga-295.example.com/recurso/295?x=1&y=2,https://carga-295.example.com/recurso/295?x=1&y=2,ok,
resolve,485,7,23813.100,4.225,302,E,https://semilla-20.example.com/documento/20?origen=capacidad,https://semilla-20.example.com/documento/20?origen=capacidad,ok,
resolve,484,9,23812.803,4.783,302,Kt,https://warmup-150.example.com/r/150,https://warmup-150.example.com/r/150,ok,
resolve,487,3,23813.736,4.597,302,Yq,https://carga-704.example.com/recurso/704?x=1&y=2,https://carga-704.example.com/recurso/704?x=1&y=2,ok,
resolve,486,0,23813.388,5.240,302,Fo,https://semilla-914.example.com/documento/914?origen=capacidad,https://semilla-914.example.com/documento/914?origen=capacidad,ok,
resolve,489,8,23814.548,5.088,302,Bh,https://semilla-677.example.com/documento/677?origen=capacidad,https://semilla-677.example.com/documento/677?origen=capacidad,ok,
resolve,490,4,23814.874,5.251,302,ba,https://carga-863.example.com/recurso/863?x=1&y=2,https://carga-863.example.com/recurso/863?x=1&y=2,ok,
resolve,488,2,23814.155,6.374,302,3j,https://semilla-223.example.com/documento/223?origen=capacidad,https://semilla-223.example.com/documento/223?origen=capacidad,ok,
resolve,491,1,23816.462,5.201,302,5K,https://semilla-315.example.com/documento/315?origen=capacidad,https://semilla-315.example.com/documento/315?origen=capacidad,ok,
resolve,495,9,23817.632,4.525,302,Ya,https://carga-689.example.com/recurso/689?x=1&y=2,https://carga-689.example.com/recurso/689?x=1&y=2,ok,
resolve,492,6,23816.840,5.745,302,Dw,https://semilla-807.example.com/documento/807?origen=capacidad,https://semilla-807.example.com/documento/807?origen=capacidad,ok,
resolve,494,7,23817.369,5.577,302,7e,https://semilla-450.example.com/documento/450?origen=capacidad,https://semilla-450.example.com/documento/450?origen=capacidad,ok,
resolve,496,3,23818.389,4.833,302,F9,https://semilla-878.example.com/documento/878?origen=capacidad,https://semilla-878.example.com/documento/878?origen=capacidad,ok,
resolve,493,5,23817.132,6.352,302,bE,https://carga-843.example.com/recurso/843?x=1&y=2,https://carga-843.example.com/recurso/843?x=1&y=2,ok,
resolve,497,0,23818.676,5.061,302,5o,https://semilla-343.example.com/documento/343?origen=capacidad,https://semilla-343.example.com/documento/343?origen=capacidad,ok,
resolve,498,8,23819.716,4.373,302,Xo,https://carga-644.example.com/recurso/644?x=1&y=2,https://carga-644.example.com/recurso/644?x=1&y=2,ok,
resolve,499,4,23820.185,4.182,302,Zp,https://carga-761.example.com/recurso/761?x=1&y=2,https://carga-761.example.com/recurso/761?x=1&y=2,ok,
resolve,500,2,23820.584,4.030,302,FU,https://semilla-895.example.com/documento/895?origen=capacidad,https://semilla-895.example.com/documento/895?origen=capacidad,ok,
resolve,501,1,23821.726,3.165,302,bg,https://carga-869.example.com/recurso/869?x=1&y=2,https://carga-869.example.com/recurso/869?x=1&y=2,ok,
resolve,502,9,23822.215,2.941,302,QU,https://carga-219.example.com/recurso/219?x=1&y=2,https://carga-219.example.com/recurso/219?x=1&y=2,ok,
resolve,503,6,23822.687,3.403,302,4w,https://semilla-293.example.com/documento/293?origen=capacidad,https://semilla-293.example.com/documento/293?origen=capacidad,ok,
resolve,508,8,23824.139,2.707,302,C7,https://semilla-709.example.com/documento/709?origen=capacidad,https://semilla-709.example.com/documento/709?origen=capacidad,ok,
resolve,509,4,23824.411,3.139,302,r,https://semilla-56.example.com/documento/56?origen=capacidad,https://semilla-56.example.com/documento/56?origen=capacidad,ok,
resolve,504,7,23822.996,6.039,302,7J,https://semilla-430.example.com/documento/430?origen=capacidad,https://semilla-430.example.com/documento/430?origen=capacidad,ok,
resolve,507,0,23823.780,5.585,302,D8,https://semilla-768.example.com/documento/768?origen=capacidad,https://semilla-768.example.com/documento/768?origen=capacidad,ok,
resolve,506,5,23823.529,6.084,302,aJ,https://carga-789.example.com/recurso/789?x=1&y=2,https://carga-789.example.com/recurso/789?x=1&y=2,ok,
resolve,511,1,23824.937,4.979,302,Ev,https://semilla-865.example.com/documento/865?origen=capacidad,https://semilla-865.example.com/documento/865?origen=capacidad,ok,
resolve,505,3,23823.266,6.963,302,BV,https://semilla-659.example.com/documento/659?origen=capacidad,https://semilla-659.example.com/documento/659?origen=capacidad,ok,
resolve,512,9,23825.203,5.359,302,3p,https://semilla-228.example.com/documento/228?origen=capacidad,https://semilla-228.example.com/documento/228?origen=capacidad,ok,
resolve,510,2,23824.660,6.649,302,9G,https://semilla-544.example.com/documento/544?origen=capacidad,https://semilla-544.example.com/documento/544?origen=capacidad,ok,
resolve,513,6,23826.166,5.461,302,JF,https://warmup-57.example.com/r/57,https://warmup-57.example.com/r/57,ok,
resolve,515,4,23827.647,4.264,302,s,https://semilla-45.example.com/documento/45?origen=capacidad,https://semilla-45.example.com/documento/45?origen=capacidad,ok,
resolve,514,8,23826.941,5.227,302,Yc,https://carga-691.example.com/recurso/691?x=1&y=2,https://carga-691.example.com/recurso/691?x=1&y=2,ok,
resolve,516,7,23829.101,3.329,302,FR,https://semilla-893.example.com/documento/893?origen=capacidad,https://semilla-893.example.com/documento/893?origen=capacidad,ok,
resolve,517,0,23829.416,3.489,302,4s,https://semilla-289.example.com/documento/289?origen=capacidad,https://semilla-289.example.com/documento/289?origen=capacidad,ok,
resolve,519,1,23829.968,9.800,302,8y,https://semilla-513.example.com/documento/513?origen=capacidad,https://semilla-513.example.com/documento/513?origen=capacidad,ok,
resolve,520,3,23830.293,10.523,302,Qq,https://carga-240.example.com/recurso/240?x=1&y=2,https://carga-240.example.com/recurso/240?x=1&y=2,ok,
resolve,521,9,23830.609,10.829,302,F,https://semilla-12.example.com/documento/12?origen=capacidad,https://semilla-12.example.com/documento/12?origen=capacidad,ok,
resolve,518,5,23829.658,12.666,302,KS,https://warmup-124.example.com/r/124,https://warmup-124.example.com/r/124,ok,
resolve,523,6,23831.674,10.936,302,Jg,https://warmup-81.example.com/r/81,https://warmup-81.example.com/r/81,ok,
resolve,527,0,23832.956,9.889,302,Qh,https://carga-232.example.com/recurso/232?x=1&y=2,https://carga-232.example.com/recurso/232?x=1&y=2,ok,
resolve,526,7,23832.476,10.559,302,Ut,https://carga-475.example.com/recurso/475?x=1&y=2,https://carga-475.example.com/recurso/475?x=1&y=2,ok,
resolve,522,2,23831.373,11.900,302,5R,https://semilla-321.example.com/documento/321?origen=capacidad,https://semilla-321.example.com/documento/321?origen=capacidad,ok,
resolve,525,8,23832.214,11.270,302,N8,https://carga-81.example.com/recurso/81?x=1&y=2,https://carga-81.example.com/recurso/81?x=1&y=2,ok,
resolve,524,4,23831.956,11.777,302,4Z,https://semilla-271.example.com/documento/271?origen=capacidad,https://semilla-271.example.com/documento/271?origen=capacidad,ok,
resolve,528,1,23839.898,5.088,302,7a,https://semilla-446.example.com/documento/446?origen=capacidad,https://semilla-446.example.com/documento/446?origen=capacidad,ok,
resolve,529,3,23840.909,4.556,302,NH,https://carga-92.example.com/recurso/92?x=1&y=2,https://carga-92.example.com/recurso/92?x=1&y=2,ok,
resolve,531,5,23842.384,3.402,302,CJ,https://semilla-720.example.com/documento/720?origen=capacidad,https://semilla-720.example.com/documento/720?origen=capacidad,ok,
resolve,530,9,23841.750,4.323,302,GY,https://semilla-956.example.com/documento/956?origen=capacidad,https://semilla-956.example.com/documento/956?origen=capacidad,ok,
resolve,533,0,23842.875,3.400,302,Px,https://carga-189.example.com/recurso/189?x=1&y=2,https://carga-189.example.com/recurso/189?x=1&y=2,ok,
resolve,532,6,23842.662,3.902,302,XP,https://carga-620.example.com/recurso/620?x=1&y=2,https://carga-620.example.com/recurso/620?x=1&y=2,ok,
resolve,534,7,23843.064,4.520,302,HK,https://warmup-9.example.com/r/9,https://warmup-9.example.com/r/9,ok,
resolve,535,2,23843.298,5.190,302,aA,https://carga-781.example.com/recurso/781?x=1&y=2,https://carga-781.example.com/recurso/781?x=1&y=2,ok,
resolve,536,8,23843.574,5.869,302,TB,https://carga-376.example.com/recurso/376?x=1&y=2,https://carga-376.example.com/recurso/376?x=1&y=2,ok,
resolve,538,1,23845.055,4.979,302,EA,https://semilla-821.example.com/documento/821?origen=capacidad,https://semilla-821.example.com/documento/821?origen=capacidad,ok,
resolve,539,3,23845.512,4.832,302,dC,https://carga-957.example.com/recurso/957?x=1&y=2,https://carga-957.example.com/recurso/957?x=1&y=2,ok,
resolve,537,4,23843.833,6.792,302,Uf,https://carga-462.example.com/recurso/462?x=1&y=2,https://carga-462.example.com/recurso/462?x=1&y=2,ok,
resolve,540,5,23845.842,5.071,302,At,https://semilla-619.example.com/documento/619?origen=capacidad,https://semilla-619.example.com/documento/619?origen=capacidad,ok,
resolve,541,9,23846.099,5.083,302,2K,https://semilla-141.example.com/documento/141?origen=capacidad,https://semilla-141.example.com/documento/141?origen=capacidad,ok,
resolve,544,7,23847.679,3.727,302,M4,https://carga-20.example.com/recurso/20?x=1&y=2,https://carga-20.example.com/recurso/20?x=1&y=2,ok,
resolve,542,0,23846.395,5.370,302,P2,https://carga-135.example.com/recurso/135?x=1&y=2,https://carga-135.example.com/recurso/135?x=1&y=2,ok,
resolve,546,8,23849.522,2.576,302,5h,https://semilla-337.example.com/documento/337?origen=capacidad,https://semilla-337.example.com/documento/337?origen=capacidad,ok,
resolve,545,2,23848.561,3.787,302,8N,https://semilla-492.example.com/documento/492?origen=capacidad,https://semilla-492.example.com/documento/492?origen=capacidad,ok,
resolve,547,1,23850.097,3.594,302,8K,https://semilla-489.example.com/documento/489?origen=capacidad,https://semilla-489.example.com/documento/489?origen=capacidad,ok,
resolve,551,9,23851.221,3.002,302,Mn,https://carga-58.example.com/recurso/58?x=1&y=2,https://carga-58.example.com/recurso/58?x=1&y=2,ok,
resolve,543,6,23846.668,8.157,302,5m,https://semilla-341.example.com/documento/341?origen=capacidad,https://semilla-341.example.com/documento/341?origen=capacidad,ok,
resolve,550,5,23850.952,4.243,302,Nv,https://carga-129.example.com/recurso/129?x=1&y=2,https://carga-129.example.com/recurso/129?x=1&y=2,ok,
resolve,548,3,23850.397,5.085,302,58,https://semilla-304.example.com/documento/304?origen=capacidad,https://semilla-304.example.com/documento/304?origen=capacidad,ok,
resolve,549,4,23850.674,5.091,302,aw,https://carga-826.example.com/recurso/826?x=1&y=2,https://carga-826.example.com/recurso/826?x=1&y=2,ok,
resolve,552,7,23851.449,4.579,302,Ud,https://carga-460.example.com/recurso/460?x=1&y=2,https://carga-460.example.com/recurso/460?x=1&y=2,ok,
resolve,554,8,23852.146,4.119,302,Lg,https://warmup-199.example.com/r/199,https://warmup-199.example.com/r/199,ok,
resolve,555,2,23852.390,4.317,302,WT,https://carga-566.example.com/recurso/566?x=1&y=2,https://carga-566.example.com/recurso/566?x=1&y=2,ok,
resolve,553,0,23851.827,5.312,302,ES,https://semilla-837.example.com/documento/837?origen=capacidad,https://semilla-837.example.com/documento/837?origen=capacidad,ok,
resolve,556,1,23853.753,3.738,302,Mh,https://carga-65.example.com/recurso/65?x=1&y=2,https://carga-65.example.com/recurso/65?x=1&y=2,ok,
resolve,558,6,23854.900,3.217,302,8K,https://semilla-489.example.com/documento/489?origen=capacidad,https://semilla-489.example.com/documento/489?origen=capacidad,ok,
resolve,560,3,23855.532,3.732,302,G9,https://semilla-943.example.com/documento/943?origen=capacidad,https://semilla-943.example.com/documento/943?origen=capacidad,ok,
resolve,557,9,23854.284,5.460,302,17,https://semilla-60.example.com/documento/60?origen=capacidad,https://semilla-60.example.com/documento/60?origen=capacidad,ok,
resolve,559,5,23855.251,4.779,302,cQ,https://carga-911.example.com/recurso/911?x=1&y=2,https://carga-911.example.com/recurso/911?x=1&y=2,ok,
resolve,563,8,23856.304,4.011,302,B4,https://semilla-639.example.com/documento/639?origen=capacidad,https://semilla-639.example.com/documento/639?origen=capacidad,ok,
resolve,562,7,23856.071,4.505,302,D3,https://semilla-753.example.com/documento/753?origen=capacidad,https://semilla-753.example.com/documento/753?origen=capacidad,ok,
resolve,564,2,23856.768,4.072,302,8Z,https://semilla-503.example.com/documento/503?origen=capacidad,https://semilla-503.example.com/documento/503?origen=capacidad,ok,
resolve,561,4,23855.824,5.329,302,VG,https://carga-497.example.com/recurso/497?x=1&y=2,https://carga-497.example.com/recurso/497?x=1&y=2,ok,
resolve,566,1,23857.535,3.880,302,P,https://semilla-21.example.com/documento/21?origen=capacidad,https://semilla-21.example.com/documento/21?origen=capacidad,ok,
resolve,565,0,23857.188,4.472,302,Bd,https://semilla-674.example.com/documento/674?origen=capacidad,https://semilla-674.example.com/documento/674?origen=capacidad,ok,
resolve,567,6,23858.194,3.733,302,LR,https://warmup-184.example.com/r/184,https://warmup-184.example.com/r/184,ok,
resolve,568,3,23859.341,2.862,302,7q,https://semilla-461.example.com/documento/461?origen=capacidad,https://semilla-461.example.com/documento/461?origen=capacidad,ok,
resolve,569,9,23859.804,2.930,302,Su,https://carga-360.example.com/recurso/360?x=1&y=2,https://carga-360.example.com/recurso/360?x=1&y=2,ok,
resolve,573,2,23860.877,3.931,302,ML,https://carga-36.example.com/recurso/36?x=1&y=2,https://carga-36.example.com/recurso/36?x=1&y=2,ok,
resolve,571,8,23860.362,4.988,302,Ka,https://warmup-141.example.com/r/141,https://warmup-141.example.com/r/141,ok,
resolve,572,7,23860.611,5.092,302,ax,https://carga-827.example.com/recurso/827?x=1&y=2,https://carga-827.example.com/recurso/827?x=1&y=2,ok,
resolve,570,5,23860.077,6.066,302,VD,https://carga-494.example.com/recurso/494?x=1&y=2,https://carga-494.example.com/recurso/494?x=1&y=2,ok,
resolve,574,4,23861.199,5.325,302,TT,https://carga-392.example.com/recurso/392?x=1&y=2,https://carga-392.example.com/recurso/392?x=1&y=2,ok,
resolve,575,1,23861.457,5.434,302,PB,https://carga-144.example.com/recurso/144?x=1&y=2,https://carga-144.example.com/recurso/144?x=1&y=2,ok,
resolve,577,6,23861.970,5.195,302,Fr,https://semilla-926.example.com/documento/926?origen=capacidad,https://semilla-926.example.com/documento/926?origen=capacidad,ok,
resolve,576,0,23861.703,5.725,302,dF,https://carga-960.example.com/recurso/960?x=1&y=2,https://carga-960.example.com/recurso/960?x=1&y=2,ok,
resolve,579,9,23862.785,4.920,302,7e,https://semilla-450.example.com/documento/450?origen=capacidad,https://semilla-450.example.com/documento/450?origen=capacidad,ok,
resolve,578,3,23862.248,5.737,302,Az,https://semilla-638.example.com/documento/638?origen=capacidad,https://semilla-638.example.com/documento/638?origen=capacidad,ok,
resolve,582,7,23865.760,3.719,302,aN,https://carga-793.example.com/recurso/793?x=1&y=2,https://carga-793.example.com/recurso/793?x=1&y=2,ok,
resolve,581,8,23865.423,4.395,302,SP,https://carga-330.example.com/recurso/330?x=1&y=2,https://carga-330.example.com/recurso/330?x=1&y=2,ok,
resolve,580,2,23864.936,5.163,302,X2,https://carga-599.example.com/recurso/599?x=1&y=2,https://carga-599.example.com/recurso/599?x=1&y=2,ok,
resolve,586,6,23867.209,3.158,302,YP,https://carga-678.example.com/recurso/678?x=1&y=2,https://carga-678.example.com/recurso/678?x=1&y=2,ok,
resolve,583,5,23866.203,4.442,302,ES,https://semilla-837.example.com/documento/837?origen=capacidad,https://semilla-837.example.com/documento/837?origen=capacidad,ok,
resolve,587,0,23867.470,3.705,302,VT,https://carga-508.example.com/recurso/508?x=1&y=2,https://carga-508.example.com/recurso/508?x=1&y=2,ok,
resolve,584,4,23866.577,4.966,302,AR,https://semilla-611.example.com/documento/611?origen=capacidad,https://semilla-611.example.com/documento/611?origen=capacidad,ok,
resolve,585,1,23866.943,4.940,302,XQ,https://carga-621.example.com/recurso/621?x=1&y=2,https://carga-621.example.com/recurso/621?x=1&y=2,ok,
resolve,588,9,23867.752,4.437,302,DL,https://semilla-773.example.com/documento/773?origen=capacidad,https://semilla-773.example.com/documento/773?origen=capacidad,ok,
resolve,590,7,23869.544,2.927,302,EH,https://semilla-827.example.com/documento/827?origen=capacidad,https://semilla-827.example.com/documento/827?origen=capacidad,ok,
resolve,589,3,23868.265,4.859,302,VU,https://carga-509.example.com/recurso/509?x=1&y=2,https://carga-509.example.com/recurso/509?x=1&y=2,ok,
resolve,591,8,23869.869,3.790,302,VJ,https://carga-499.example.com/recurso/499?x=1&y=2,https://carga-499.example.com/recurso/499?x=1&y=2,ok,
resolve,592,2,23870.146,3.815,302,ba,https://carga-863.example.com/recurso/863?x=1&y=2,https://carga-863.example.com/recurso/863?x=1&y=2,ok,
resolve,594,5,23870.693,3.789,302,Vc,https://carga-517.example.com/recurso/517?x=1&y=2,https://carga-517.example.com/recurso/517?x=1&y=2,ok,
resolve,593,6,23870.413,4.327,302,LZ,https://warmup-192.example.com/r/192,https://warmup-192.example.com/r/192,ok,
resolve,595,0,23871.250,3.747,302,Xw,https://carga-652.example.com/recurso/652?x=1&y=2,https://carga-652.example.com/recurso/652?x=1&y=2,ok,
resolve,596,4,23871.604,3.622,302,Sc,https://carga-343.example.com/recurso/343?x=1&y=2,https://carga-343.example.com/recurso/343?x=1&y=2,ok,
resolve,598,9,23872.241,3.149,302,V9,https://carga-490.example.com/recurso/490?x=1&y=2,https://carga-490.example.com/recurso/490?x=1&y=2,ok,
resolve,597,1,23871.939,4.260,302,Tj,https://carga-408.example.com/recurso/408?x=1&y=2,https://carga-408.example.com/recurso/408?x=1&y=2,ok,
resolve,599,7,23872.690,4.057,302,DS,https://semilla-778.example.com/documento/778?origen=capacidad,https://semilla-778.example.com/documento/778?origen=capacidad,ok,
resolve,602,2,23874.247,4.009,302,Ky,https://warmup-157.example.com/r/157,https://warmup-157.example.com/r/157,ok,
resolve,603,5,23874.527,4.105,302,Sc,https://carga-343.example.com/recurso/343?x=1&y=2,https://carga-343.example.com/recurso/343?x=1&y=2,ok,
resolve,600,3,23873.176,6.085,302,ZV,https://carga-742.example.com/recurso/742?x=1&y=2,https://carga-742.example.com/recurso/742?x=1&y=2,ok,
resolve,606,4,23875.256,4.306,302,Sj,https://carga-350.example.com/recurso/350?x=1&y=2,https://carga-350.example.com/recurso/350?x=1&y=2,ok,
resolve,605,0,23875.042,4.823,302,Cq,https://semilla-744.example.com/documento/744?origen=capacidad,https://semilla-744.example.com/documento/744?origen=capacidad,ok,
resolve,601,8,23873.711,6.416,302,1T,https://semilla-89.example.com/documento/89?origen=capacidad,https://semilla-89.example.com/documento/89?origen=capacidad,ok,
resolve,604,6,23874.775,5.716,302,6U,https://semilla-382.example.com/documento/382?origen=capacidad,https://semilla-382.example.com/documento/382?origen=capacidad,ok,
resolve,608,1,23876.278,4.596,302,9i,https://semilla-569.example.com/documento/569?origen=capacidad,https://semilla-569.example.com/documento/569?origen=capacidad,ok,
resolve,607,9,23875.423,5.840,302,NB,https://carga-86.example.com/recurso/86?x=1&y=2,https://carga-86.example.com/recurso/86?x=1&y=2,ok,
resolve,609,7,23876.821,4.822,302,Ug,https://carga-463.example.com/recurso/463?x=1&y=2,https://carga-463.example.com/recurso/463?x=1&y=2,ok,
resolve,612,3,23879.319,3.709,302,CM,https://semilla-721.example.com/documento/721?origen=capacidad,https://semilla-721.example.com/documento/721?origen=capacidad,ok,
resolve,611,5,23878.682,5.159,302,5D,https://semilla-308.example.com/documento/308?origen=capacidad,https://semilla-308.example.com/documento/308?origen=capacidad,ok,
resolve,614,0,23879.913,4.329,302,LA,https://warmup-166.example.com/r/166,https://warmup-166.example.com/r/166,ok,
resolve,615,8,23880.171,4.375,302,2G,https://semilla-138.example.com/documento/138?origen=capacidad,https://semilla-138.example.com/documento/138?origen=capacidad,ok,
resolve,617,1,23880.929,3.920,302,Er,https://semilla-859.example.com/documento/859?origen=capacidad,https://semilla-859.example.com/documento/859?origen=capacidad,ok,
resolve,616,6,23880.543,4.585,302,MH,https://carga-34.example.com/recurso/34?x=1&y=2,https://carga-34.example.com/recurso/34?x=1&y=2,ok,
resolve,610,2,23878.335,7.074,302,Hu,https://warmup-44.example.com/r/44,https://warmup-44.example.com/r/44,ok,
resolve,613,4,23879.618,6.146,302,81,https://semilla-471.example.com/documento/471?origen=capacidad,https://semilla-471.example.com/documento/471?origen=capacidad,ok,
resolve,619,7,23881.700,4.390,302,8r,https://semilla-518.example.com/documento/518?origen=capacidad,https://semilla-518.example.com/documento/518?origen=capacidad,ok,
resolve,618,9,23881.317,5.366,302,GM,https://semilla-940.example.com/documento/940?origen=capacidad,https://semilla-940.example.com/documento/940?origen=capacidad,ok,
resolve,620,3,23883.133,3.873,302,KE,https://warmup-114.example.com/r/114,https://warmup-114.example.com/r/114,ok,
resolve,622,0,23884.301,3.295,302,QB,https://carga-201.example.com/recurso/201?x=1&y=2,https://carga-201.example.com/recurso/201?x=1&y=2,ok,
resolve,621,5,23883.932,3.908,302,P4,https://carga-137.example.com/recurso/137?x=1&y=2,https://carga-137.example.com/recurso/137?x=1&y=2,ok,
resolve,625,6,23885.173,3.431,302,UL,https://carga-443.example.com/recurso/443?x=1&y=2,https://carga-443.example.com/recurso/443?x=1&y=2,ok,
resolve,623,8,23884.595,4.865,302,di,https://carga-987.example.com/recurso/987?x=1&y=2,https://carga-987.example.com/recurso/987?x=1&y=2,ok,
resolve,624,1,23884.900,4.972,302,Ab,https://semilla-620.example.com/documento/620?origen=capacidad,https://semilla-620.example.com/documento/620?origen=capacidad,ok,
resolve,627,4,23885.839,4.360,302,QD,https://carga-203.example.com/recurso/203?x=1&y=2,https://carga-203.example.com/recurso/203?x=1&y=2,ok,
resolve,626,2,23885.457,5.030,302,Yn,https://carga-701.example.com/recurso/701?x=1&y=2,https://carga-701.example.com/recurso/701?x=1&y=2,ok,
resolve,628,7,23886.140,4.614,302,8e,https://semilla-508.example.com/documento/508?origen=capacidad,https://semilla-508.example.com/documento/508?origen=capacidad,ok,
resolve,630,3,23887.056,4.084,302,86,https://semilla-469.example.com/documento/469?origen=capacidad,https://semilla-469.example.com/documento/469?origen=capacidad,ok,
resolve,629,9,23886.738,4.693,302,VT,https://carga-508.example.com/recurso/508?x=1&y=2,https://carga-508.example.com/recurso/508?x=1&y=2,ok,
resolve,631,0,23887.649,4.047,302,AY,https://semilla-618.example.com/documento/618?origen=capacidad,https://semilla-618.example.com/documento/618?origen=capacidad,ok,
resolve,632,5,23887.882,4.232,302,JP,https://warmup-63.example.com/r/63,https://warmup-63.example.com/r/63,ok,
resolve,633,6,23888.667,3.773,302,8J,https://semilla-488.example.com/documento/488?origen=capacidad,https://semilla-488.example.com/documento/488?origen=capacidad,ok,
resolve,634,8,23889.535,3.468,302,Fv,https://semilla-930.example.com/documento/930?origen=capacidad,https://semilla-930.example.com/documento/930?origen=capacidad,ok,
resolve,635,1,23889.931,3.579,302,aw,https://carga-826.example.com/recurso/826?x=1&y=2,https://carga-826.example.com/recurso/826?x=1&y=2,ok,
resolve,636,4,23890.252,3.809,302,CZ,https://semilla-728.example.com/documento/728?origen=capacidad,https://semilla-728.example.com/documento/728?origen=capacidad,ok,
resolve,638,7,23890.813,3.566,302,ZJ,https://carga-731.example.com/recurso/731?x=1&y=2,https://carga-731.example.com/recurso/731?x=1&y=2,ok,
resolve,637,2,23890.536,4.113,302,6H,https://semilla-371.example.com/documento/371?origen=capacidad,https://semilla-371.example.com/documento/371?origen=capacidad,ok,
resolve,639,3,23891.189,3.967,302,dq,https://carga-994.example.com/recurso/994?x=1&y=2,https://carga-994.example.com/recurso/994?x=1&y=2,ok,
resolve,641,0,23891.742,3.861,302,XL,https://carga-616.example.com/recurso/616?x=1&y=2,https://carga-616.example.com/recurso/616?x=1&y=2,ok,
resolve,642,5,23892.163,3.826,302,dA,https://carga-955.example.com/recurso/955?x=1&y=2,https://carga-955.example.com/recurso/955?x=1&y=2,ok,
resolve,640,9,23891.478,4.798,302,ST,https://carga-334.example.com/recurso/334?x=1&y=2,https://carga-334.example.com/recurso/334?x=1&y=2,ok,
resolve,645,1,23893.566,2.972,302,Kt,https://warmup-150.example.com/r/150,https://warmup-150.example.com/r/150,ok,
resolve,643,6,23892.477,4.348,302,bv,https://carga-883.example.com/recurso/883?x=1&y=2,https://carga-883.example.com/recurso/883?x=1&y=2,ok,
resolve,647,7,23894.427,2.984,302,ay,https://carga-828.example.com/recurso/828?x=1&y=2,https://carga-828.example.com/recurso/828?x=1&y=2,ok,
resolve,644,8,23893.075,4.943,302,ZW,https://carga-743.example.com/recurso/743?x=1&y=2,https://carga-743.example.com/recurso/743?x=1&y=2,ok,
resolve,651,5,23896.041,2.493,302,L8,https://warmup-164.example.com/r/164,https://warmup-164.example.com/r/164,ok,
resolve,648,2,23894.697,4.453,302,VD,https://carga-494.example.com/recurso/494?x=1&y=2,https://carga-494.example.com/recurso/494?x=1&y=2,ok,
resolve,646,4,23894.121,5.347,302,Qe,https://carga-229.example.com/recurso/229?x=1&y=2,https://carga-229.example.com/recurso/229?x=1&y=2,ok,
resolve,649,3,23895.208,4.521,302,3g,https://semilla-216.example.com/documento/216?origen=capacidad,https://semilla-216.example.com/documento/216?origen=capacidad,ok,
resolve,650,0,23895.654,4.362,302,8P,https://semilla-493.example.com/documento/493?origen=capacidad,https://semilla-493.example.com/documento/493?origen=capacidad,ok,
resolve,653,1,23896.580,3.690,302,8f,https://semilla-509.example.com/documento/509?origen=capacidad,https://semilla-509.example.com/documento/509?origen=capacidad,ok,
resolve,654,6,23896.871,4.441,302,5,https://semilla-2.example.com/documento/2?origen=capacidad,https://semilla-2.example.com/documento/2?origen=capacidad,ok,
resolve,656,8,23898.073,3.656,302,ET,https://semilla-838.example.com/documento/838?origen=capacidad,https://semilla-838.example.com/documento/838?origen=capacidad,ok,
resolve,652,9,23896.327,5.686,302,Aw,https://semilla-640.example.com/documento/640?origen=capacidad,https://semilla-640.example.com/documento/640?origen=capacidad,ok,
resolve,655,7,23897.483,4.800,302,bf,https://carga-868.example.com/recurso/868?x=1&y=2,https://carga-868.example.com/recurso/868?x=1&y=2,ok,
resolve,657,5,23898.759,5.427,302,SU,https://carga-335.example.com/recurso/335?x=1&y=2,https://carga-335.example.com/recurso/335?x=1&y=2,ok,
resolve,662,1,23900.317,4.843,302,7Y,https://semilla-444.example.com/documento/444?origen=capacidad,https://semilla-444.example.com/documento/444?origen=capacidad,ok,
resolve,661,0,23900.063,5.446,302,Cs,https://semilla-746.example.com/documento/746?origen=capacidad,https://semilla-746.example.com/documento/746?origen=capacidad,ok,
resolve,660,3,23899.780,6.145,302,2R,https://semilla-147.example.com/documento/147?origen=capacidad,https://semilla-147.example.com/documento/147?origen=capacidad,ok,
resolve,658,2,23899.217,6.999,302,XH,https://carga-613.example.com/recurso/613?x=1&y=2,https://carga-613.example.com/recurso/613?x=1&y=2,ok,
resolve,659,4,23899.509,7.071,302,R3,https://carga-252.example.com/recurso/252?x=1&y=2,https://carga-252.example.com/recurso/252?x=1&y=2,ok,
resolve,663,6,23901.407,5.579,302,WK,https://carga-558.example.com/recurso/558?x=1&y=2,https://carga-558.example.com/recurso/558?x=1&y=2,ok,
resolve,666,7,23902.332,4.945,302,Bm,https://semilla-680.example.com/documento/680?origen=capacidad,https://semilla-680.example.com/documento/680?origen=capacidad,ok,
resolve,665,9,23902.059,5.513,302,2v,https://semilla-176.example.com/documento/176?origen=capacidad,https://semilla-176.example.com/documento/176?origen=capacidad,ok,
resolve,664,8,23901.777,6.207,302,9y,https://semilla-575.example.com/documento/575?origen=capacidad,https://semilla-575.example.com/documento/575?origen=capacidad,ok,
resolve,667,5,23904.273,4.036,302,17,https://semilla-60.example.com/documento/60?origen=capacidad,https://semilla-60.example.com/documento/60?origen=capacidad,ok,
resolve,668,1,23905.232,5.290,302,af,https://carga-810.example.com/recurso/810?x=1&y=2,https://carga-810.example.com/recurso/810?x=1&y=2,ok,
resolve,669,0,23905.557,5.335,302,Hj,https://warmup-26.example.com/r/26,https://warmup-26.example.com/r/26,ok,
resolve,670,3,23905.987,5.219,302,Gm,https://semilla-971.example.com/documento/971?origen=capacidad,https://semilla-971.example.com/documento/971?origen=capacidad,ok,
resolve,672,4,23906.658,4.825,302,Vc,https://carga-517.example.com/recurso/517?x=1&y=2,https://carga-517.example.com/recurso/517?x=1&y=2,ok,
resolve,671,2,23906.255,5.482,302,Ui,https://carga-465.example.com/recurso/465?x=1&y=2,https://carga-465.example.com/recurso/465?x=1&y=2,ok,
resolve,673,6,23907.040,5.135,302,TK,https://carga-384.example.com/recurso/384?x=1&y=2,https://carga-384.example.com/recurso/384?x=1&y=2,ok,
resolve,674,7,23907.329,5.293,302,8f,https://semilla-509.example.com/documento/509?origen=capacidad,https://semilla-509.example.com/documento/509?origen=capacidad,ok,
resolve,675,9,23907.618,5.329,302,Q6,https://carga-197.example.com/recurso/197?x=1&y=2,https://carga-197.example.com/recurso/197?x=1&y=2,ok,
resolve,676,8,23908.035,5.165,302,UV,https://carga-452.example.com/recurso/452?x=1&y=2,https://carga-452.example.com/recurso/452?x=1&y=2,ok,
resolve,677,5,23908.662,4.823,302,KB,https://warmup-111.example.com/r/111,https://warmup-111.example.com/r/111,ok,
resolve,678,1,23910.596,3.146,302,6V,https://semilla-383.example.com/documento/383?origen=capacidad,https://semilla-383.example.com/documento/383?origen=capacidad,ok,
resolve,679,0,23910.948,3.121,302,KR,https://warmup-123.example.com/r/123,https://warmup-123.example.com/r/123,ok,
resolve,680,3,23911.258,3.917,302,EN,https://semilla-833.example.com/documento/833?origen=capacidad,https://semilla-833.example.com/documento/833?origen=capacidad,ok,
resolve,681,4,23911.527,4.036,302,PY,https://carga-165.example.com/recurso/165?x=1&y=2,https://carga-165.example.com/recurso/165?x=1&y=2,ok,
resolve,682,2,23911.783,4.088,302,YS,https://carga-681.example.com/recurso/681?x=1&y=2,https://carga-681.example.com/recurso/681?x=1&y=2,ok,
resolve,683,6,23912.236,3.881,302,Mq,https://carga-62.example.com/recurso/62?x=1&y=2,https://carga-62.example.com/recurso/62?x=1&y=2,ok,
resolve,684,7,23912.711,3.807,302,4y,https://semilla-295.example.com/documento/295?origen=capacidad,https://semilla-295.example.com/documento/295?origen=capacidad,ok,
resolve,686,8,23913.249,4.361,302,Wn,https://carga-585.example.com/recurso/585?x=1&y=2,https://carga-585.example.com/recurso/585?x=1&y=2,ok,
resolve,685,9,23912.983,4.865,302,9i,https://semilla-569.example.com/documento/569?origen=capacidad,https://semilla-569.example.com/documento/569?origen=capacidad,ok,
resolve,688,1,23913.803,4.265,302,78,https://semilla-420.example.com/documento/420?origen=capacidad,https://semilla-420.example.com/documento/420?origen=capacidad,ok,
resolve,689,0,23914.121,4.199,302,Wn,https://carga-585.example.com/recurso/585?x=1&y=2,https://carga-585.example.com/recurso/585?x=1&y=2,ok,
resolve,691,4,23915.614,4.893,302,BN,https://semilla-666.example.com/documento/666?origen=capacidad,https://semilla-666.example.com/documento/666?origen=capacidad,ok,
resolve,695,8,23917.655,3.205,302,7R,https://semilla-437.example.com/documento/437?origen=capacidad,https://semilla-437.example.com/documento/437?origen=capacidad,ok,
resolve,687,5,23913.525,7.653,302,Tv,https://carga-419.example.com/recurso/419?x=1&y=2,https://carga-419.example.com/recurso/419?x=1&y=2,ok,
resolve,690,3,23915.265,6.156,302,cJ,https://carga-905.example.com/recurso/905?x=1&y=2,https://carga-905.example.com/recurso/905?x=1&y=2,ok,
resolve,694,7,23916.575,5.845,302,SE,https://carga-321.example.com/recurso/321?x=1&y=2,https://carga-321.example.com/recurso/321?x=1&y=2,ok,
resolve,693,6,23916.161,6.465,302,Cz,https://semilla-750.example.com/documento/750?origen=capacidad,https://semilla-750.example.com/documento/750?origen=capacidad,ok,
resolve,692,2,23915.923,6.973,302,6H,https://semilla-371.example.com/documento/371?origen=capacidad,https://semilla-371.example.com/documento/371?origen=capacidad,ok,
resolve,697,1,23918.108,5.034,302,Y5,https://carga-660.example.com/recurso/660?x=1&y=2,https://carga-660.example.com/recurso/660?x=1&y=2,ok,
resolve,698,0,23918.364,5.025,302,VK,https://carga-500.example.com/recurso/500?x=1&y=2,https://carga-500.example.com/recurso/500?x=1&y=2,ok,
resolve,696,9,23917.887,5.762,302,Sw,https://carga-362.example.com/recurso/362?x=1&y=2,https://carga-362.example.com/recurso/362?x=1&y=2,ok,
resolve,699,4,23920.571,4.269,302,Fg,https://semilla-908.example.com/documento/908?origen=capacidad,https://semilla-908.example.com/documento/908?origen=capacidad,ok,
resolve,700,8,23920.921,4.315,302,89,https://semilla-479.example.com/documento/479?origen=capacidad,https://semilla-479.example.com/documento/479?origen=capacidad,ok,
resolve,701,5,23921.205,4.335,302,dS,https://carga-971.example.com/recurso/971?x=1&y=2,https://carga-971.example.com/recurso/971?x=1&y=2,ok,
resolve,703,7,23922.452,3.481,302,2M,https://semilla-143.example.com/documento/143?origen=capacidad,https://semilla-143.example.com/documento/143?origen=capacidad,ok,
resolve,704,6,23922.720,3.496,302,b4,https://carga-833.example.com/recurso/833?x=1&y=2,https://carga-833.example.com/recurso/833?x=1&y=2,ok,
resolve,705,2,23922.991,3.501,302,G1,https://semilla-927.example.com/documento/927?origen=capacidad,https://semilla-927.example.com/documento/927?origen=capacidad,ok,
resolve,707,0,23923.488,3.476,302,FL,https://semilla-896.example.com/documento/896?origen=capacidad,https://semilla-896.example.com/documento/896?origen=capacidad,ok,
resolve,702,3,23921.593,5.632,302,MR,https://carga-40.example.com/recurso/40?x=1&y=2,https://carga-40.example.com/recurso/40?x=1&y=2,ok,
resolve,706,1,23923.235,4.249,302,bG,https://carga-845.example.com/recurso/845?x=1&y=2,https://carga-845.example.com/recurso/845?x=1&y=2,ok,
resolve,709,4,23924.907,3.967,302,FN,https://semilla-890.example.com/documento/890?origen=capacidad,https://semilla-890.example.com/documento/890?origen=capacidad,ok,
resolve,711,5,23925.590,3.738,302,S7,https://carga-314.example.com/recurso/314?x=1&y=2,https://carga-314.example.com/recurso/314?x=1&y=2,ok,
resolve,712,7,23925.985,3.614,302,TH,https://carga-382.example.com/recurso/382?x=1&y=2,https://carga-382.example.com/recurso/382?x=1&y=2,ok,
resolve,708,9,23923.737,6.135,302,TK,https://carga-384.example.com/recurso/384?x=1&y=2,https://carga-384.example.com/recurso/384?x=1&y=2,ok,
resolve,713,6,23926.266,3.843,302,DW,https://semilla-782.example.com/documento/782?origen=capacidad,https://semilla-782.example.com/documento/782?origen=capacidad,ok,
resolve,710,8,23925.296,5.059,302,1r,https://semilla-113.example.com/documento/113?origen=capacidad,https://semilla-113.example.com/documento/113?origen=capacidad,ok,
resolve,717,1,23927.521,5.773,302,dA,https://carga-955.example.com/recurso/955?x=1&y=2,https://carga-955.example.com/recurso/955?x=1&y=2,ok,
resolve,715,0,23927.012,6.707,302,bN,https://carga-851.example.com/recurso/851?x=1&y=2,https://carga-851.example.com/recurso/851?x=1&y=2,ok,
resolve,716,3,23927.270,6.692,302,ah,https://carga-812.example.com/recurso/812?x=1&y=2,https://carga-812.example.com/recurso/812?x=1&y=2,ok,
resolve,714,2,23926.716,7.737,302,YL,https://carga-675.example.com/recurso/675?x=1&y=2,https://carga-675.example.com/recurso/675?x=1&y=2,ok,
resolve,718,4,23928.944,5.801,302,Wu,https://carga-592.example.com/recurso/592?x=1&y=2,https://carga-592.example.com/recurso/592?x=1&y=2,ok,
resolve,719,5,23929.379,6.321,302,a1,https://carga-772.example.com/recurso/772?x=1&y=2,https://carga-772.example.com/recurso/772?x=1&y=2,ok,
resolve,720,7,23929.640,6.399,302,GF,https://semilla-937.example.com/documento/937?origen=capacidad,https://semilla-937.example.com/documento/937?origen=capacidad,ok,
resolve,721,9,23929.914,6.404,302,h,https://semilla-34.example.com/documento/34?origen=capacidad,https://semilla-34.example.com/documento/34?origen=capacidad,ok,
resolve,722,6,23930.161,6.408,302,c8,https://carga-895.example.com/recurso/895?x=1&y=2,https://carga-895.example.com/recurso/895?x=1&y=2,ok,
resolve,723,8,23932.626,4.265,302,3D,https://semilla-193.example.com/documento/193?origen=capacidad,https://semilla-193.example.com/documento/193?origen=capacidad,ok,
resolve,726,3,23934.082,3.181,302,6d,https://semilla-391.example.com/documento/391?origen=capacidad,https://semilla-391.example.com/documento/391?origen=capacidad,ok,
resolve,724,1,23933.390,4.090,302,Fy,https://semilla-923.example.com/documento/923?origen=capacidad,https://semilla-923.example.com/documento/923?origen=capacidad,ok,
resolve,727,2,23934.557,3.162,302,h,https://semilla-34.example.com/documento/34?origen=capacidad,https://semilla-34.example.com/documento/34?origen=capacidad,ok,
resolve,725,0,23933.746,4.237,302,9N,https://semilla-536.example.com/documento/536?origen=capacidad,https://semilla-536.example.com/documento/536?origen=capacidad,ok,
resolve,729,5,23935.754,3.153,302,QC,https://carga-202.example.com/recurso/202?x=1&y=2,https://carga-202.example.com/recurso/202?x=1&y=2,ok,
resolve,730,7,23936.088,3.206,302,CL,https://semilla-722.example.com/documento/722?origen=capacidad,https://semilla-722.example.com/documento/722?origen=capacidad,ok,
resolve,731,9,23936.357,4.060,302,A2,https://semilla-588.example.com/documento/588?origen=capacidad,https://semilla-588.example.com/documento/588?origen=capacidad,ok,
resolve,732,6,23936.604,4.053,302,Qb,https://carga-226.example.com/recurso/226?x=1&y=2,https://carga-226.example.com/recurso/226?x=1&y=2,ok,
resolve,733,8,23936.931,4.003,302,Qa,https://carga-225.example.com/recurso/225?x=1&y=2,https://carga-225.example.com/recurso/225?x=1&y=2,ok,
resolve,728,4,23934.876,6.624,302,Df,https://semilla-792.example.com/documento/792?origen=capacidad,https://semilla-792.example.com/documento/792?origen=capacidad,ok,
resolve,737,0,23938.019,3.785,302,SF,https://carga-322.example.com/recurso/322?x=1&y=2,https://carga-322.example.com/recurso/322?x=1&y=2,ok,
resolve,738,5,23938.969,3.168,302,y,https://semilla-54.example.com/documento/54?origen=capacidad,https://semilla-54.example.com/documento/54?origen=capacidad,ok,
resolve,735,1,23937.515,5.025,302,54,https://semilla-300.example.com/documento/300?origen=capacidad,https://semilla-300.example.com/documento/300?origen=capacidad,ok,
resolve,736,2,23937.756,5.706,302,Ng,https://carga-115.example.com/recurso/115?x=1&y=2,https://carga-115.example.com/recurso/115?x=1&y=2,ok,
resolve,739,7,23939.339,4.412,302,c,https://semilla-42.example.com/documento/42?origen=capacidad,https://semilla-42.example.com/documento/42?origen=capacidad,ok,
resolve,734,3,23937.300,6.718,302,3V,https://semilla-134.example.com/documento/134?origen=capacidad,https://semilla-134.example.com/documento/134?origen=capacidad,ok,
resolve,740,9,23940.465,3.911,302,6P,https://semilla-376.example.com/documento/376?origen=capacidad,https://semilla-376.example.com/documento/376?origen=capacidad,ok,
resolve,742,8,23940.974,3.753,302,c6,https://carga-893.example.com/recurso/893?x=1&y=2,https://carga-893.example.com/recurso/893?x=1&y=2,ok,
resolve,741,6,23940.695,4.317,302,Bp,https://semilla-681.example.com/documento/681?origen=capacidad,https://semilla-681.example.com/documento/681?origen=capacidad,ok,
resolve,744,0,23941.849,3.418,302,Dn,https://semilla-799.example.com/documento/799?origen=capacidad,https://semilla-799.example.com/documento/799?origen=capacidad,ok,
resolve,745,5,23942.178,3.325,302,G4,https://semilla-938.example.com/documento/938?origen=capacidad,https://semilla-938.example.com/documento/938?origen=capacidad,ok,
resolve,743,4,23941.546,4.194,302,3w,https://semilla-235.example.com/documento/235?origen=capacidad,https://semilla-235.example.com/documento/235?origen=capacidad,ok,
resolve,747,2,23943.508,2.615,302,T8,https://carga-373.example.com/recurso/373?x=1&y=2,https://carga-373.example.com/recurso/373?x=1&y=2,ok,
resolve,752,6,23945.050,2.318,302,Rn,https://carga-295.example.com/recurso/295?x=1&y=2,https://carga-295.example.com/recurso/295?x=1&y=2,ok,
resolve,746,1,23942.561,5.538,302,V7,https://carga-488.example.com/recurso/488?x=1&y=2,https://carga-488.example.com/recurso/488?x=1&y=2,ok,
resolve,750,9,23944.493,3.921,302,X5,https://carga-602.example.com/recurso/602?x=1&y=2,https://carga-602.example.com/recurso/602?x=1&y=2,ok,
resolve,748,7,23943.811,4.854,302,9X,https://semilla-547.example.com/documento/547?origen=capacidad,https://semilla-547.example.com/documento/547?origen=capacidad,ok,
resolve,749,3,23944.048,5.077,302,P2,https://carga-135.example.com/recurso/135?x=1&y=2,https://carga-135.example.com/recurso/135?x=1&y=2,ok,
resolve,753,0,23945.304,4.109,302,8N,https://semilla-492.example.com/documento/492?origen=capacidad,https://semilla-492.example.com/documento/492?origen=capacidad,ok,
resolve,751,8,23944.767,4.899,302,FY,https://semilla-900.example.com/documento/900?origen=capacidad,https://semilla-900.example.com/documento/900?origen=capacidad,ok,
resolve,754,5,23945.537,4.682,302,3G,https://semilla-196.example.com/documento/196?origen=capacidad,https://semilla-196.example.com/documento/196?origen=capacidad,ok,
resolve,755,4,23945.777,4.813,302,NC,https://carga-87.example.com/recurso/87?x=1&y=2,https://carga-87.example.com/recurso/87?x=1&y=2,ok,
resolve,756,2,23946.168,4.728,302,Ft,https://semilla-917.example.com/documento/917?origen=capacidad,https://semilla-917.example.com/documento/917?origen=capacidad,ok,
resolve,757,6,23947.438,4.149,302,VV,https://carga-510.example.com/recurso/510?x=1&y=2,https://carga-510.example.com/recurso/510?x=1&y=2,ok,
resolve,760,7,23948.701,4.107,302,XN,https://carga-619.example.com/recurso/619?x=1&y=2,https://carga-619.example.com/recurso/619?x=1&y=2,ok,
resolve,758,1,23948.158,4.933,302,NG,https://carga-91.example.com/recurso/91?x=1&y=2,https://carga-91.example.com/recurso/91?x=1&y=2,ok,
resolve,759,9,23948.453,4.899,302,62,https://semilla-356.example.com/documento/356?origen=capacidad,https://semilla-356.example.com/documento/356?origen=capacidad,ok,
resolve,763,8,23949.701,3.912,302,5o,https://semilla-343.example.com/documento/343?origen=capacidad,https://semilla-343.example.com/documento/343?origen=capacidad,ok,
resolve,761,3,23949.174,4.716,302,2g,https://semilla-112.example.com/documento/112?origen=capacidad,https://semilla-112.example.com/documento/112?origen=capacidad,ok,
resolve,762,0,23949.450,4.685,302,3K,https://semilla-199.example.com/documento/199?origen=capacidad,https://semilla-199.example.com/documento/199?origen=capacidad,ok,
resolve,765,4,23950.639,4.263,302,AV,https://semilla-615.example.com/documento/615?origen=capacidad,https://semilla-615.example.com/documento/615?origen=capacidad,ok,
resolve,766,2,23950.934,4.677,302,Sf,https://carga-346.example.com/recurso/346?x=1&y=2,https://carga-346.example.com/recurso/346?x=1&y=2,ok,
resolve,764,5,23950.285,5.759,302,Bk,https://semilla-688.example.com/documento/688?origen=capacidad,https://semilla-688.example.com/documento/688?origen=capacidad,ok,
resolve,767,6,23951.640,5.290,302,dn,https://carga-991.example.com/recurso/991?x=1&y=2,https://carga-991.example.com/recurso/991?x=1&y=2,ok,
resolve,768,7,23952.858,4.392,302,HV,https://warmup-20.example.com/r/20,https://warmup-20.example.com/r/20,ok,
resolve,771,8,23953.653,4.018,302,NV,https://carga-104.example.com/recurso/104?x=1&y=2,https://carga-104.example.com/recurso/104?x=1&y=2,ok,
resolve,773,0,23954.174,3.933,302,bj,https://carga-872.example.com/recurso/872?x=1&y=2,https://carga-872.example.com/recurso/872?x=1&y=2,ok,
resolve,774,4,23954.937,3.426,302,1d,https://semilla-101.example.com/documento/101?origen=capacidad,https://semilla-101.example.com/documento/101?origen=capacidad,ok,
resolve,772,3,23953.930,4.607,302,PK,https://carga-152.example.com/recurso/152?x=1&y=2,https://carga-152.example.com/recurso/152?x=1&y=2,ok,
resolve,770,9,23953.391,5.383,302,Zx,https://carga-768.example.com/recurso/768?x=1&y=2,https://carga-768.example.com/recurso/768?x=1&y=2,ok,
resolve,769,1,23953.135,6.123,302,Xn,https://carga-643.example.com/recurso/643?x=1&y=2,https://carga-643.example.com/recurso/643?x=1&y=2,ok,
resolve,775,2,23955.680,3.848,302,ZN,https://carga-735.example.com/recurso/735?x=1&y=2,https://carga-735.example.com/recurso/735?x=1&y=2,ok,
resolve,778,7,23957.295,3.232,302,Sh,https://carga-348.example.com/recurso/348?x=1&y=2,https://carga-348.example.com/recurso/348?x=1&y=2,ok,
resolve,776,5,23956.070,4.791,302,Cs,https://semilla-746.example.com/documento/746?origen=capacidad,https://semilla-746.example.com/documento/746?origen=capacidad,ok,
resolve,779,8,23957.716,3.417,302,Nb,https://carga-110.example.com/recurso/110?x=1&y=2,https://carga-110.example.com/recurso/110?x=1&y=2,ok,
resolve,777,6,23956.984,4.386,302,SZ,https://carga-340.example.com/recurso/340?x=1&y=2,https://carga-340.example.com/recurso/340?x=1&y=2,ok,
resolve,780,0,23958.151,3.472,302,CA,https://semilla-703.example.com/documento/703?origen=capacidad,https://semilla-703.example.com/documento/703?origen=capacidad,ok,
resolve,783,9,23958.969,2.887,302,Nu,https://carga-128.example.com/recurso/128?x=1&y=2,https://carga-128.example.com/recurso/128?x=1&y=2,ok,
resolve,785,2,23959.569,2.537,302,aV,https://carga-800.example.com/recurso/800?x=1&y=2,https://carga-800.example.com/recurso/800?x=1&y=2,ok,
resolve,782,3,23958.571,3.798,302,dN,https://carga-967.example.com/recurso/967?x=1&y=2,https://carga-967.example.com/recurso/967?x=1&y=2,ok,
resolve,781,4,23958.391,4.319,302,Vg,https://carga-521.example.com/recurso/521?x=1&y=2,https://carga-521.example.com/recurso/521?x=1&y=2,ok,
resolve,784,1,23959.300,4.706,302,A3,https://semilla-578.example.com/documento/578?origen=capacidad,https://semilla-578.example.com/documento/578?origen=capacidad,ok,
resolve,787,5,23960.904,4.683,302,F9,https://semilla-878.example.com/documento/878?origen=capacidad,https://semilla-878.example.com/documento/878?origen=capacidad,ok,
resolve,788,8,23961.176,4.817,302,Rc,https://carga-285.example.com/recurso/285?x=1&y=2,https://carga-285.example.com/recurso/285?x=1&y=2,ok,
resolve,791,9,23961.892,4.350,302,66,https://semilla-189.example.com/documento/189?origen=capacidad,https://semilla-189.example.com/documento/189?origen=capacidad,ok,
resolve,789,6,23961.406,5.081,302,AT,https://semilla-610.example.com/documento/610?origen=capacidad,https://semilla-610.example.com/documento/610?origen=capacidad,ok,
resolve,790,0,23961.663,5.070,302,Ph,https://carga-174.example.com/recurso/174?x=1&y=2,https://carga-174.example.com/recurso/174?x=1&y=2,ok,
resolve,786,7,23960.587,6.436,302,Z3,https://carga-716.example.com/recurso/716?x=1&y=2,https://carga-716.example.com/recurso/716?x=1&y=2,ok,
resolve,792,2,23962.157,5.286,302,Ay,https://semilla-633.example.com/documento/633?origen=capacidad,https://semilla-633.example.com/documento/633?origen=capacidad,ok,
resolve,794,4,23962.752,5.977,302,LD,https://warmup-178.example.com/r/178,https://warmup-178.example.com/r/178,ok,
resolve,793,3,23962.407,7.162,302,76,https://semilla-416.example.com/documento/416?origen=capacidad,https://semilla-416.example.com/documento/416?origen=capacidad,ok,
resolve,795,1,23964.071,5.837,302,5e,https://semilla-329.example.com/documento/329?origen=capacidad,https://semilla-329.example.com/documento/329?origen=capacidad,ok,
resolve,796,5,23965.661,4.506,302,TU,https://carga-393.example.com/recurso/393?x=1&y=2,https://carga-393.example.com/recurso/393?x=1&y=2,ok,
resolve,798,9,23966.278,4.159,302,7K,https://semilla-431.example.com/documento/431?origen=capacidad,https://semilla-431.example.com/documento/431?origen=capacidad,ok,
resolve,801,7,23967.136,3.825,302,3V,https://semilla-134.example.com/documento/134?origen=capacidad,https://semilla-134.example.com/documento/134?origen=capacidad,ok,
resolve,802,2,23967.486,4.494,302,y,https://semilla-54.example.com/documento/54?origen=capacidad,https://semilla-54.example.com/documento/54?origen=capacidad,ok,
resolve,799,6,23966.526,5.730,302,KJ,https://warmup-118.example.com/r/118,https://warmup-118.example.com/r/118,ok,
resolve,800,0,23966.772,5.762,302,G7,https://semilla-941.example.com/documento/941?origen=capacidad,https://semilla-941.example.com/documento/941?origen=capacidad,ok,
resolve,797,8,23966.040,8.117,302,Vt,https://carga-533.example.com/recurso/533?x=1&y=2,https://carga-533.example.com/recurso/533?x=1&y=2,ok,
resolve,803,4,23968.811,5.628,302,Rn,https://carga-295.example.com/recurso/295?x=1&y=2,https://carga-295.example.com/recurso/295?x=1&y=2,ok,
resolve,807,9,23970.476,4.462,302,Qt,https://carga-243.example.com/recurso/243?x=1&y=2,https://carga-243.example.com/recurso/243?x=1&y=2,ok,
resolve,804,3,23969.629,5.606,302,QE,https://carga-204.example.com/recurso/204?x=1&y=2,https://carga-204.example.com/recurso/204?x=1&y=2,ok,
resolve,808,7,23971.628,4.606,302,13,https://semilla-57.example.com/documento/57?origen=capacidad,https://semilla-57.example.com/documento/57?origen=capacidad,ok,
resolve,806,5,23970.209,6.421,302,Dx,https://semilla-808.example.com/documento/808?origen=capacidad,https://semilla-808.example.com/documento/808?origen=capacidad,ok,
resolve,805,1,23969.952,7.637,302,1q,https://semilla-95.example.com/documento/95?origen=capacidad,https://semilla-95.example.com/documento/95?origen=capacidad,ok,
resolve,809,2,23972.026,5.913,302,Uy,https://carga-480.example.com/recurso/480?x=1&y=2,https://carga-480.example.com/recurso/480?x=1&y=2,ok,
resolve,811,0,23972.574,5.846,302,Qc,https://carga-227.example.com/recurso/227?x=1&y=2,https://carga-227.example.com/recurso/227?x=1&y=2,ok,
resolve,810,6,23972.300,6.405,302,dC,https://carga-957.example.com/recurso/957?x=1&y=2,https://carga-957.example.com/recurso/957?x=1&y=2,ok,
resolve,812,8,23974.188,4.809,302,KR,https://warmup-123.example.com/r/123,https://warmup-123.example.com/r/123,ok,
resolve,813,4,23974.639,4.697,302,VN,https://carga-503.example.com/recurso/503?x=1&y=2,https://carga-503.example.com/recurso/503?x=1&y=2,ok,
resolve,814,9,23975.051,4.534,302,9e,https://semilla-564.example.com/documento/564?origen=capacidad,https://semilla-564.example.com/documento/564?origen=capacidad,ok,
resolve,816,7,23976.303,3.549,302,Px,https://carga-189.example.com/recurso/189?x=1&y=2,https://carga-189.example.com/recurso/189?x=1&y=2,ok,
resolve,817,5,23976.685,3.886,302,Qy,https://carga-248.example.com/recurso/248?x=1&y=2,https://carga-248.example.com/recurso/248?x=1&y=2,ok,
resolve,818,1,23977.665,4.272,302,Hf,https://warmup-23.example.com/r/23,https://warmup-23.example.com/r/23,ok,
resolve,819,2,23977.981,4.377,302,X8,https://carga-605.example.com/recurso/605?x=1&y=2,https://carga-605.example.com/recurso/605?x=1&y=2,ok,
resolve,820,0,23978.470,4.407,302,bj,https://carga-872.example.com/recurso/872?x=1&y=2,https://carga-872.example.com/recurso/872?x=1&y=2,ok,
resolve,815,3,23975.324,8.049,302,Z6,https://carga-719.example.com/recurso/719?x=1&y=2,https://carga-719.example.com/recurso/719?x=1&y=2,ok,
resolve,821,6,23978.755,4.903,302,EF,https://semilla-825.example.com/documento/825?origen=capacidad,https://semilla-825.example.com/documento/825?origen=capacidad,ok,
resolve,824,9,23979.624,4.327,302,JA,https://warmup-51.example.com/r/51,https://warmup-51.example.com/r/51,ok,
resolve,825,7,23979.888,4.325,302,PA,https://carga-143.example.com/recurso/143?x=1&y=2,https://carga-143.example.com/recurso/143?x=1&y=2,ok,
resolve,823,4,23979.376,5.075,302,RS,https://carga-275.example.com/recurso/275?x=1&y=2,https://carga-275.example.com/recurso/275?x=1&y=2,ok,
resolve,822,8,23979.038,6.664,302,F5,https://semilla-872.example.com/documento/872?origen=capacidad,https://semilla-872.example.com/documento/872?origen=capacidad,ok,
resolve,826,5,23980.623,5.559,302,Eh,https://semilla-852.example.com/documento/852?origen=capacidad,https://semilla-852.example.com/documento/852?origen=capacidad,ok,
resolve,828,2,23982.409,3.986,302,L2,https://warmup-160.example.com/r/160,https://warmup-160.example.com/r/160,ok,
resolve,829,0,23982.940,3.660,302,KG,https://warmup-116.example.com/r/116,https://warmup-116.example.com/r/116,ok,
resolve,830,3,23983.422,5.206,302,aw,https://carga-826.example.com/recurso/826?x=1&y=2,https://carga-826.example.com/recurso/826?x=1&y=2,ok,
resolve,827,1,23982.009,7.050,302,LJ,https://warmup-175.example.com/r/175,https://warmup-175.example.com/r/175,ok,
resolve,831,6,23983.698,5.649,302,DA,https://semilla-769.example.com/documento/769?origen=capacidad,https://semilla-769.example.com/documento/769?origen=capacidad,ok,
resolve,832,9,23983.991,5.603,302,6V,https://semilla-383.example.com/documento/383?origen=capacidad,https://semilla-383.example.com/documento/383?origen=capacidad,ok,
resolve,833,7,23984.251,6.622,302,Zv,https://carga-766.example.com/recurso/766?x=1&y=2,https://carga-766.example.com/recurso/766?x=1&y=2,ok,
resolve,835,8,23985.759,5.430,302,4L,https://semilla-258.example.com/documento/258?origen=capacidad,https://semilla-258.example.com/documento/258?origen=capacidad,ok,
resolve,834,4,23984.487,6.929,302,FU,https://semilla-895.example.com/documento/895?origen=capacidad,https://semilla-895.example.com/documento/895?origen=capacidad,ok,
resolve,836,5,23986.224,5.414,302,Cn,https://semilla-740.example.com/documento/740?origen=capacidad,https://semilla-740.example.com/documento/740?origen=capacidad,ok,
resolve,837,2,23986.419,5.425,302,7o,https://semilla-457.example.com/documento/457?origen=capacidad,https://semilla-457.example.com/documento/457?origen=capacidad,ok,
resolve,838,0,23986.636,5.437,302,8i,https://semilla-512.example.com/documento/512?origen=capacidad,https://semilla-512.example.com/documento/512?origen=capacidad,ok,
resolve,840,1,23989.110,3.966,302,QV,https://carga-220.example.com/recurso/220?x=1&y=2,https://carga-220.example.com/recurso/220?x=1&y=2,ok,
resolve,842,9,23989.628,4.015,302,d2,https://carga-947.example.com/recurso/947?x=1&y=2,https://carga-947.example.com/recurso/947?x=1&y=2,ok,
resolve,841,6,23989.388,4.646,302,2V,https://semilla-151.example.com/documento/151?origen=capacidad,https://semilla-151.example.com/documento/151?origen=capacidad,ok,
resolve,839,3,23988.698,5.641,302,Yu,https://carga-708.example.com/recurso/708?x=1&y=2,https://carga-708.example.com/recurso/708?x=1&y=2,ok,
resolve,844,8,23991.224,3.393,302,Ro,https://carga-296.example.com/recurso/296?x=1&y=2,https://carga-296.example.com/recurso/296?x=1&y=2,ok,
resolve,843,7,23990.933,4.063,302,7a,https://semilla-446.example.com/documento/446?origen=capacidad,https://semilla-446.example.com/documento/446?origen=capacidad,ok,
resolve,848,0,23992.109,3.166,302,63,https://semilla-357.example.com/documento/357?origen=capacidad,https://semilla-357.example.com/documento/357?origen=capacidad,ok,
resolve,845,4,23991.446,4.204,302,R3,https://carga-252.example.com/recurso/252?x=1&y=2,https://carga-252.example.com/recurso/252?x=1&y=2,ok,
resolve,846,5,23991.669,4.418,302,cT,https://carga-914.example.com/recurso/914?x=1&y=2,https://carga-914.example.com/recurso/914?x=1&y=2,ok,
resolve,849,1,23993.142,3.200,302,bk,https://carga-873.example.com/recurso/873?x=1&y=2,https://carga-873.example.com/recurso/873?x=1&y=2,ok,
resolve,847,2,23991.876,4.711,302,BY,https://semilla-665.example.com/documento/665?origen=capacidad,https://semilla-665.example.com/documento/665?origen=capacidad,ok,
resolve,850,9,23993.703,3.151,302,XF,https://carga-611.example.com/recurso/611?x=1&y=2,https://carga-611.example.com/recurso/611?x=1&y=2,ok,
resolve,851,6,23994.083,3.094,302,XX,https://carga-628.example.com/recurso/628?x=1&y=2,https://carga-628.example.com/recurso/628?x=1&y=2,ok,
resolve,852,3,23994.385,3.106,302,o,https://semilla-53.example.com/documento/53?origen=capacidad,https://semilla-53.example.com/documento/53?origen=capacidad,ok,
resolve,853,8,23994.659,3.578,302,HW,https://warmup-13.example.com/r/13,https://warmup-13.example.com/r/13,ok,
resolve,854,7,23995.042,3.807,302,Az,https://semilla-638.example.com/documento/638?origen=capacidad,https://semilla-638.example.com/documento/638?origen=capacidad,ok,
resolve,856,4,23995.695,3.474,302,Fj,https://semilla-912.example.com/documento/912?origen=capacidad,https://semilla-912.example.com/documento/912?origen=capacidad,ok,
resolve,855,0,23995.319,4.943,302,FH,https://semilla-885.example.com/documento/885?origen=capacidad,https://semilla-885.example.com/documento/885?origen=capacidad,ok,
resolve,857,5,23996.129,4.455,302,KP,https://warmup-131.example.com/r/131,https://warmup-131.example.com/r/131,ok,
resolve,860,9,23996.893,3.949,302,Pp,https://carga-181.example.com/recurso/181?x=1&y=2,https://carga-181.example.com/recurso/181?x=1&y=2,ok,
resolve,862,3,23997.531,3.579,302,Tg,https://carga-405.example.com/recurso/405?x=1&y=2,https://carga-405.example.com/recurso/405?x=1&y=2,ok,
resolve,859,2,23996.625,4.742,302,aj,https://carga-814.example.com/recurso/814?x=1&y=2,https://carga-814.example.com/recurso/814?x=1&y=2,ok,
resolve,858,1,23996.382,5.299,302,1s,https://semilla-115.example.com/documento/115?origen=capacidad,https://semilla-115.example.com/documento/115?origen=capacidad,ok,
resolve,861,6,23997.216,5.145,302,Tw,https://carga-420.example.com/recurso/420?x=1&y=2,https://carga-420.example.com/recurso/420?x=1&y=2,ok,
resolve,863,8,23998.298,5.027,302,7X,https://semilla-443.example.com/documento/443?origen=capacidad,https://semilla-443.example.com/documento/443?origen=capacidad,ok,
resolve,866,0,24000.337,4.034,302,Ek,https://semilla-854.example.com/documento/854?origen=capacidad,https://semilla-854.example.com/documento/854?origen=capacidad,ok,
resolve,864,7,23998.906,6.056,302,HU,https://warmup-12.example.com/r/12,https://warmup-12.example.com/r/12,ok,
resolve,865,4,23999.212,6.624,302,Dd,https://semilla-790.example.com/documento/790?origen=capacidad,https://semilla-790.example.com/documento/790?origen=capacidad,ok,
resolve,867,5,24000.614,5.546,302,Pb,https://carga-168.example.com/recurso/168?x=1&y=2,https://carga-168.example.com/recurso/168?x=1&y=2,ok,
resolve,868,9,24000.885,5.562,302,UT,https://carga-450.example.com/recurso/450?x=1&y=2,https://carga-450.example.com/recurso/450?x=1&y=2,ok,
resolve,869,3,24001.147,5.537,302,Nw,https://carga-130.example.com/recurso/130?x=1&y=2,https://carga-130.example.com/recurso/130?x=1&y=2,ok,
resolve,870,2,24001.417,5.537,302,8V,https://semilla-495.example.com/documento/495?origen=capacidad,https://semilla-495.example.com/documento/495?origen=capacidad,ok,
resolve,871,1,24001.728,5.498,302,6B,https://semilla-358.example.com/documento/358?origen=capacidad,https://semilla-358.example.com/documento/358?origen=capacidad,ok,
resolve,872,6,24002.428,5.030,302,Vu,https://carga-534.example.com/recurso/534?x=1&y=2,https://carga-534.example.com/recurso/534?x=1&y=2,ok,
resolve,873,8,24003.392,4.299,302,F5,https://semilla-872.example.com/documento/872?origen=capacidad,https://semilla-872.example.com/documento/872?origen=capacidad,ok,
resolve,874,0,24004.626,3.333,302,Rr,https://carga-299.example.com/recurso/299?x=1&y=2,https://carga-299.example.com/recurso/299?x=1&y=2,ok,
resolve,875,7,24005.012,3.155,302,Py,https://carga-190.example.com/recurso/190?x=1&y=2,https://carga-190.example.com/recurso/190?x=1&y=2,ok,
resolve,876,4,24005.889,3.418,302,EM,https://semilla-832.example.com/documento/832?origen=capacidad,https://semilla-832.example.com/documento/832?origen=capacidad,ok,
resolve,879,3,24006.719,2.856,302,N5,https://carga-77.example.com/recurso/77?x=1&y=2,https://carga-77.example.com/recurso/77?x=1&y=2,ok,
resolve,877,5,24006.205,3.649,302,Lq,https://carga-6.example.com/recurso/6?x=1&y=2,https://carga-6.example.com/recurso/6?x=1&y=2,ok,
resolve,878,9,24006.488,3.628,302,BD,https://semilla-657.example.com/documento/657?origen=capacidad,https://semilla-657.example.com/documento/657?origen=capacidad,ok,
resolve,881,1,24007.262,3.085,302,MV,https://carga-46.example.com/recurso/46?x=1&y=2,https://carga-46.example.com/recurso/46?x=1&y=2,ok,
resolve,880,2,24006.993,3.530,302,93,https://semilla-516.example.com/documento/516?origen=capacidad,https://semilla-516.example.com/documento/516?origen=capacidad,ok,
resolve,883,8,24007.726,2.976,302,cy,https://carga-944.example.com/recurso/944?x=1&y=2,https://carga-944.example.com/recurso/944?x=1&y=2,ok,
resolve,884,0,24007.996,4.019,302,ZV,https://carga-742.example.com/recurso/742?x=1&y=2,https://carga-742.example.com/recurso/742?x=1&y=2,ok,
resolve,882,6,24007.493,4.889,302,TS,https://carga-391.example.com/recurso/391?x=1&y=2,https://carga-391.example.com/recurso/391?x=1&y=2,ok,
resolve,888,5,24009.894,2.775,302,3M,https://semilla-133.example.com/documento/133?origen=capacidad,https://semilla-133.example.com/documento/133?origen=capacidad,ok,
resolve,885,7,24008.191,4.748,302,Mo,https://carga-59.example.com/recurso/59?x=1&y=2,https://carga-59.example.com/recurso/59?x=1&y=2,ok,
resolve,886,4,24009.346,3.831,302,5J,https://semilla-314.example.com/documento/314?origen=capacidad,https://semilla-314.example.com/documento/314?origen=capacidad,ok,
resolve,889,9,24010.153,3.736,302,Mi,https://carga-66.example.com/recurso/66?x=1&y=2,https://carga-66.example.com/recurso/66?x=1&y=2,ok,
resolve,891,2,24010.546,3.632,302,d9,https://carga-954.example.com/recurso/954?x=1&y=2,https://carga-954.example.com/recurso/954?x=1&y=2,ok,
resolve,887,3,24009.616,4.797,302,SF,https://carga-322.example.com/recurso/322?x=1&y=2,https://carga-322.example.com/recurso/322?x=1&y=2,ok,
resolve,890,1,24010.373,4.302,302,SC,https://carga-319.example.com/recurso/319?x=1&y=2,https://carga-319.example.com/recurso/319?x=1&y=2,ok,
resolve,893,0,24012.078,3.231,302,Mo,https://carga-59.example.com/recurso/59?x=1&y=2,https://carga-59.example.com/recurso/59?x=1&y=2,ok,
resolve,892,8,24010.726,5.303,302,Sg,https://carga-347.example.com/recurso/347?x=1&y=2,https://carga-347.example.com/recurso/347?x=1&y=2,ok,
resolve,894,6,24012.431,4.051,302,Vw,https://carga-536.example.com/recurso/536?x=1&y=2,https://carga-536.example.com/recurso/536?x=1&y=2,ok,
resolve,895,5,24012.708,5.254,302,H7,https://semilla-999.example.com/documento/999?origen=capacidad,https://semilla-999.example.com/documento/999?origen=capacidad,ok,
resolve,896,7,24012.975,5.303,302,Pj,https://carga-176.example.com/recurso/176?x=1&y=2,https://carga-176.example.com/recurso/176?x=1&y=2,ok,
resolve,899,2,24014.212,4.328,302,Xh,https://carga-638.example.com/recurso/638?x=1&y=2,https://carga-638.example.com/recurso/638?x=1&y=2,ok,
resolve,897,4,24013.217,5.600,302,Uo,https://carga-470.example.com/recurso/470?x=1&y=2,https://carga-470.example.com/recurso/470?x=1&y=2,ok,
resolve,901,1,24014.715,4.342,302,18,https://semilla-61.example.com/documento/61?origen=capacidad,https://semilla-61.example.com/documento/61?origen=capacidad,ok,
resolve,898,9,24013.940,5.307,302,8K,https://semilla-489.example.com/documento/489?origen=capacidad,https://semilla-489.example.com/documento/489?origen=capacidad,ok,
resolve,903,8,24016.089,3.866,302,VT,https://carga-508.example.com/recurso/508?x=1&y=2,https://carga-508.example.com/recurso/508?x=1&y=2,ok,
resolve,902,0,24015.369,4.937,302,bm,https://carga-874.example.com/recurso/874?x=1&y=2,https://carga-874.example.com/recurso/874?x=1&y=2,ok,
resolve,904,6,24016.530,4.046,302,bY,https://carga-861.example.com/recurso/861?x=1&y=2,https://carga-861.example.com/recurso/861?x=1&y=2,ok,
resolve,900,3,24014.451,6.487,302,UA,https://carga-433.example.com/recurso/433?x=1&y=2,https://carga-433.example.com/recurso/433?x=1&y=2,ok,
resolve,905,5,24018.021,3.195,302,c3,https://carga-890.example.com/recurso/890?x=1&y=2,https://carga-890.example.com/recurso/890?x=1&y=2,ok,
resolve,907,2,24018.578,2.870,302,DZ,https://semilla-786.example.com/documento/786?origen=capacidad,https://semilla-786.example.com/documento/786?origen=capacidad,ok,
resolve,906,7,24018.319,3.969,302,KZ,https://warmup-140.example.com/r/140,https://warmup-140.example.com/r/140,ok,
resolve,909,1,24019.083,4.469,302,Q9,https://carga-200.example.com/recurso/200?x=1&y=2,https://carga-200.example.com/recurso/200?x=1&y=2,ok,
resolve,910,9,24019.282,4.767,302,1y,https://semilla-121.example.com/documento/121?origen=capacidad,https://semilla-121.example.com/documento/121?origen=capacidad,ok,
resolve,908,4,24018.857,5.507,302,aP,https://carga-794.example.com/recurso/794?x=1&y=2,https://carga-794.example.com/recurso/794?x=1&y=2,ok,
resolve,912,0,24020.352,4.276,302,2Y,https://semilla-142.example.com/documento/142?origen=capacidad,https://semilla-142.example.com/documento/142?origen=capacidad,ok,
resolve,911,8,24020.011,5.419,302,TY,https://carga-397.example.com/recurso/397?x=1&y=2,https://carga-397.example.com/recurso/397?x=1&y=2,ok,
resolve,913,6,24020.616,5.632,302,UX,https://carga-454.example.com/recurso/454?x=1&y=2,https://carga-454.example.com/recurso/454?x=1&y=2,ok,
resolve,914,3,24020.982,5.581,302,bm,https://carga-874.example.com/recurso/874?x=1&y=2,https://carga-874.example.com/recurso/874?x=1&y=2,ok,
resolve,915,5,24021.247,5.605,302,V7,https://carga-488.example.com/recurso/488?x=1&y=2,https://carga-488.example.com/recurso/488?x=1&y=2,ok,
resolve,916,2,24021.485,5.622,302,cR,https://carga-912.example.com/recurso/912?x=1&y=2,https://carga-912.example.com/recurso/912?x=1&y=2,ok,
resolve,917,7,24022.349,5.012,302,Td,https://carga-402.example.com/recurso/402?x=1&y=2,https://carga-402.example.com/recurso/402?x=1&y=2,ok,
resolve,918,1,24023.612,4.007,302,XJ,https://carga-614.example.com/recurso/614?x=1&y=2,https://carga-614.example.com/recurso/614?x=1&y=2,ok,
resolve,920,4,24024.408,3.535,302,Sf,https://carga-346.example.com/recurso/346?x=1&y=2,https://carga-346.example.com/recurso/346?x=1&y=2,ok,
resolve,919,9,24024.099,4.100,302,dZ,https://carga-978.example.com/recurso/978?x=1&y=2,https://carga-978.example.com/recurso/978?x=1&y=2,ok,
resolve,921,0,24024.667,3.749,302,35,https://semilla-185.example.com/documento/185?origen=capacidad,https://semilla-185.example.com/documento/185?origen=capacidad,ok,
resolve,922,8,24025.485,3.154,302,Tz,https://carga-423.example.com/recurso/423?x=1&y=2,https://carga-423.example.com/recurso/423?x=1&y=2,ok,
resolve,923,6,24026.300,2.534,302,bM,https://carga-850.example.com/recurso/850?x=1&y=2,https://carga-850.example.com/recurso/850?x=1&y=2,ok,
resolve,924,3,24026.605,4.063,302,Ff,https://semilla-907.example.com/documento/907?origen=capacidad,https://semilla-907.example.com/documento/907?origen=capacidad,ok,
resolve,925,5,24026.891,4.736,302,H2,https://semilla-994.example.com/documento/994?origen=capacidad,https://semilla-994.example.com/documento/994?origen=capacidad,ok,
resolve,929,4,24027.983,3.990,302,bn,https://carga-875.example.com/recurso/875?x=1&y=2,https://carga-875.example.com/recurso/875?x=1&y=2,ok,
resolve,931,0,24028.452,3.791,302,db,https://carga-980.example.com/recurso/980?x=1&y=2,https://carga-980.example.com/recurso/980?x=1&y=2,ok,
resolve,926,2,24027.149,5.433,302,Ng,https://carga-115.example.com/recurso/115?x=1&y=2,https://carga-115.example.com/recurso/115?x=1&y=2,ok,
resolve,930,9,24028.228,4.748,302,Zd,https://carga-750.example.com/recurso/750?x=1&y=2,https://carga-750.example.com/recurso/750?x=1&y=2,ok,
resolve,928,1,24027.660,5.542,302,8b,https://semilla-504.example.com/documento/504?origen=capacidad,https://semilla-504.example.com/documento/504?origen=capacidad,ok,
resolve,927,7,24027.400,6.308,302,az,https://carga-829.example.com/recurso/829?x=1&y=2,https://carga-829.example.com/recurso/829?x=1&y=2,ok,
resolve,932,8,24028.666,5.330,302,XG,https://carga-612.example.com/recurso/612?x=1&y=2,https://carga-612.example.com/recurso/612?x=1&y=2,ok,
resolve,934,3,24030.741,3.666,302,aP,https://carga-794.example.com/recurso/794?x=1&y=2,https://carga-794.example.com/recurso/794?x=1&y=2,ok,
resolve,933,6,24028.867,6.284,302,HQ,https://warmup-15.example.com/r/15,https://warmup-15.example.com/r/15,ok,
resolve,938,2,24032.629,3.508,302,cD,https://carga-900.example.com/recurso/900?x=1&y=2,https://carga-900.example.com/recurso/900?x=1&y=2,ok,
resolve,939,9,24033.006,3.421,302,a3,https://carga-774.example.com/recurso/774?x=1&y=2,https://carga-774.example.com/recurso/774?x=1&y=2,ok,
resolve,937,0,24032.282,4.362,302,Mp,https://carga-61.example.com/recurso/61?x=1&y=2,https://carga-61.example.com/recurso/61?x=1&y=2,ok,
resolve,935,5,24031.679,5.668,302,Rw,https://carga-304.example.com/recurso/304?x=1&y=2,https://carga-304.example.com/recurso/304?x=1&y=2,ok,
resolve,942,8,24034.033,3.586,302,YY,https://carga-687.example.com/recurso/687?x=1&y=2,https://carga-687.example.com/recurso/687?x=1&y=2,ok,
resolve,936,4,24032.020,6.114,302,Ke,https://warmup-146.example.com/r/146,https://warmup-146.example.com/r/146,ok,
resolve,940,1,24033.240,5.231,302,J,https://semilla-15.example.com/documento/15?origen=capacidad,https://semilla-15.example.com/documento/15?origen=capacidad,ok,
resolve,941,7,24033.754,5.119,302,2R,https://semilla-147.example.com/documento/147?origen=capacidad,https://semilla-147.example.com/documento/147?origen=capacidad,ok,
resolve,944,6,24035.201,4.047,302,5V,https://semilla-325.example.com/documento/325?origen=capacidad,https://semilla-325.example.com/documento/325?origen=capacidad,ok,
resolve,943,3,24034.459,5.052,302,dS,https://carga-971.example.com/recurso/971?x=1&y=2,https://carga-971.example.com/recurso/971?x=1&y=2,ok,
resolve,945,2,24036.185,3.567,302,do,https://carga-992.example.com/recurso/992?x=1&y=2,https://carga-992.example.com/recurso/992?x=1&y=2,ok,
resolve,947,0,24036.681,4.912,302,4,https://semilla-4.example.com/documento/4?origen=capacidad,https://semilla-4.example.com/documento/4?origen=capacidad,ok,
resolve,948,5,24037.396,4.916,302,bg,https://carga-869.example.com/recurso/869?x=1&y=2,https://carga-869.example.com/recurso/869?x=1&y=2,ok,
resolve,950,4,24038.177,4.478,302,9L,https://semilla-534.example.com/documento/534?origen=capacidad,https://semilla-534.example.com/documento/534?origen=capacidad,ok,
resolve,951,1,24038.512,4.598,302,A3,https://semilla-578.example.com/documento/578?origen=capacidad,https://semilla-578.example.com/documento/578?origen=capacidad,ok,
resolve,949,8,24037.656,5.774,302,Bj,https://semilla-679.example.com/documento/679?origen=capacidad,https://semilla-679.example.com/documento/679?origen=capacidad,ok,
resolve,946,9,24036.463,7.242,302,Pd,https://carga-170.example.com/recurso/170?x=1&y=2,https://carga-170.example.com/recurso/170?x=1&y=2,ok,
resolve,952,7,24038.949,5.158,302,Sv,https://carga-361.example.com/recurso/361?x=1&y=2,https://carga-361.example.com/recurso/361?x=1&y=2,ok,
resolve,954,3,24039.549,4.824,302,HM,https://warmup-3.example.com/r/3,https://warmup-3.example.com/r/3,ok,
resolve,953,6,24039.289,5.355,302,J1,https://warmup-43.example.com/r/43,https://warmup-43.example.com/r/43,ok,
resolve,955,2,24039.803,5.126,302,Bk,https://semilla-688.example.com/documento/688?origen=capacidad,https://semilla-688.example.com/documento/688?origen=capacidad,ok,
resolve,956,0,24041.669,3.597,302,9K,https://semilla-531.example.com/documento/531?origen=capacidad,https://semilla-531.example.com/documento/531?origen=capacidad,ok,
resolve,957,5,24042.366,3.103,302,K5,https://warmup-113.example.com/r/113,https://warmup-113.example.com/r/113,ok,
resolve,958,4,24042.727,3.244,302,9A,https://semilla-538.example.com/documento/538?origen=capacidad,https://semilla-538.example.com/documento/538?origen=capacidad,ok,
resolve,960,8,24043.478,4.441,302,1v,https://semilla-118.example.com/documento/118?origen=capacidad,https://semilla-118.example.com/documento/118?origen=capacidad,ok,
resolve,959,1,24043.160,5.252,302,GY,https://semilla-956.example.com/documento/956?origen=capacidad,https://semilla-956.example.com/documento/956?origen=capacidad,ok,
resolve,963,3,24044.412,4.395,302,ZF,https://carga-728.example.com/recurso/728?x=1&y=2,https://carga-728.example.com/recurso/728?x=1&y=2,ok,
resolve,962,7,24044.148,6.037,302,Mv,https://carga-68.example.com/recurso/68?x=1&y=2,https://carga-68.example.com/recurso/68?x=1&y=2,ok,
resolve,964,6,24044.688,7.349,302,QC,https://carga-202.example.com/recurso/202?x=1&y=2,https://carga-202.example.com/recurso/202?x=1&y=2,ok,
resolve,965,2,24044.965,7.354,302,cE,https://carga-901.example.com/recurso/901?x=1&y=2,https://carga-901.example.com/recurso/901?x=1&y=2,ok,
resolve,966,0,24045.298,7.237,302,Dk,https://semilla-797.example.com/documento/797?origen=capacidad,https://semilla-797.example.com/documento/797?origen=capacidad,ok,
resolve,961,9,24043.746,8.997,302,B7,https://semilla-644.example.com/documento/644?origen=capacidad,https://semilla-644.example.com/documento/644?origen=capacidad,ok,
resolve,971,3,24048.860,4.770,302,Zd,https://carga-750.example.com/recurso/750?x=1&y=2,https://carga-750.example.com/recurso/750?x=1&y=2,ok,
resolve,967,5,24045.503,8.405,302,Tn,https://carga-411.example.com/recurso/411?x=1&y=2,https://carga-411.example.com/recurso/411?x=1&y=2,ok,
resolve,968,4,24046.015,8.105,302,A8,https://semilla-581.example.com/documento/581?origen=capacidad,https://semilla-581.example.com/documento/581?origen=capacidad,ok,
resolve,970,1,24048.476,5.841,302,1c,https://semilla-100.example.com/documento/100?origen=capacidad,https://semilla-100.example.com/documento/100?origen=capacidad,ok,
resolve,969,8,24048.005,6.873,302,Tz,https://carga-423.example.com/recurso/423?x=1&y=2,https://carga-423.example.com/recurso/423?x=1&y=2,ok,
resolve,972,7,24051.509,3.635,302,Xx,https://carga-653.example.com/recurso/653?x=1&y=2,https://carga-653.example.com/recurso/653?x=1&y=2,ok,
resolve,974,2,24052.353,4.266,302,Z4,https://carga-717.example.com/recurso/717?x=1&y=2,https://carga-717.example.com/recurso/717?x=1&y=2,ok,
resolve,975,0,24052.565,4.485,302,QP,https://carga-214.example.com/recurso/214?x=1&y=2,https://carga-214.example.com/recurso/214?x=1&y=2,ok,
resolve,976,9,24052.772,4.598,302,Me,https://carga-54.example.com/recurso/54?x=1&y=2,https://carga-54.example.com/recurso/54?x=1&y=2,ok,
resolve,973,6,24052.087,5.548,302,L5,https://warmup-171.example.com/r/171,https://warmup-171.example.com/r/171,ok,
resolve,979,4,24054.149,3.826,302,FR,https://semilla-893.example.com/documento/893?origen=capacidad,https://semilla-893.example.com/documento/893?origen=capacidad,ok,
resolve,978,5,24053.940,4.336,302,89,https://semilla-479.example.com/documento/479?origen=capacidad,https://semilla-479.example.com/documento/479?origen=capacidad,ok,
resolve,980,1,24054.344,4.235,302,97,https://semilla-519.example.com/documento/519?origen=capacidad,https://semilla-519.example.com/documento/519?origen=capacidad,ok,
resolve,981,8,24054.920,3.933,302,Nn,https://carga-121.example.com/recurso/121?x=1&y=2,https://carga-121.example.com/recurso/121?x=1&y=2,ok,
resolve,977,3,24053.673,5.445,302,cD,https://carga-900.example.com/recurso/900?x=1&y=2,https://carga-900.example.com/recurso/900?x=1&y=2,ok,
resolve,982,7,24055.188,4.182,302,1x,https://semilla-120.example.com/documento/120?origen=capacidad,https://semilla-120.example.com/documento/120?origen=capacidad,ok,
resolve,983,2,24056.746,3.175,302,J6,https://warmup-48.example.com/r/48,https://warmup-48.example.com/r/48,ok,
resolve,985,9,24057.414,3.559,302,Le,https://warmup-197.example.com/r/197,https://warmup-197.example.com/r/197,ok,
resolve,986,6,24057.675,3.601,302,MH,https://carga-34.example.com/recurso/34?x=1&y=2,https://carga-34.example.com/recurso/34?x=1&y=2,ok,
resolve,984,0,24057.101,4.469,302,6E,https://semilla-368.example.com/documento/368?origen=capacidad,https://semilla-368.example.com/documento/368?origen=capacidad,ok,
resolve,987,4,24058.014,3.868,302,Cm,https://semilla-739.example.com/documento/739?origen=capacidad,https://semilla-739.example.com/documento/739?origen=capacidad,ok,
resolve,988,5,24058.315,3.834,302,3f,https://semilla-219.example.com/documento/219?origen=capacidad,https://semilla-219.example.com/documento/219?origen=capacidad,ok,
resolve,989,1,24058.617,3.783,302,Cm,https://semilla-739.example.com/documento/739?origen=capacidad,https://semilla-739.example.com/documento/739?origen=capacidad,ok,
resolve,990,8,24058.893,4.493,302,3Y,https://semilla-212.example.com/documento/212?origen=capacidad,https://semilla-212.example.com/documento/212?origen=capacidad,ok,
resolve,991,3,24059.155,4.412,302,Hh,https://warmup-25.example.com/r/25,https://warmup-25.example.com/r/25,ok,
resolve,992,7,24059.409,4.258,302,Ha,https://warmup-18.example.com/r/18,https://warmup-18.example.com/r/18,ok,
resolve,994,9,24061.021,3.145,302,A4,https://semilla-580.example.com/documento/580?origen=capacidad,https://semilla-580.example.com/documento/580?origen=capacidad,ok,
resolve,995,6,24061.323,2.954,302,TV,https://carga-394.example.com/recurso/394?x=1&y=2,https://carga-394.example.com/recurso/394?x=1&y=2,ok,
resolve,997,4,24061.922,2.905,302,D9,https://semilla-760.example.com/documento/760?origen=capacidad,https://semilla-760.example.com/documento/760?origen=capacidad,ok,
resolve,998,5,24062.188,3.049,302,6J,https://semilla-372.example.com/documento/372?origen=capacidad,https://semilla-372.example.com/documento/372?origen=capacidad,ok,
resolve,999,1,24062.438,2.915,302,CQ,https://semilla-726.example.com/documento/726?origen=capacidad,https://semilla-726.example.com/documento/726?origen=capacidad,ok,
resolve,993,2,24059.987,6.549,302,CS,https://semilla-714.example.com/documento/714?origen=capacidad,https://semilla-714.example.com/documento/714?origen=capacidad,ok,
resolve,996,0,24061.618,5.057,302,BS,https://semilla-670.example.com/documento/670?origen=capacidad,https://semilla-670.example.com/documento/670?origen=capacidad,ok,
