phase,seq,worker,start_ms,duration_ms,status,alias,expected_destination,location,verification,error
seed,9,9,13.962,398.999,201,1,https://semilla-9.example.com/documento/9?origen=capacidad,,ok,
seed,4,4,11.660,404.616,201,2,https://semilla-4.example.com/documento/4?origen=capacidad,,ok,
seed,1,1,9.911,426.666,201,3,https://semilla-1.example.com/documento/1?origen=capacidad,,ok,
seed,0,0,2.708,459.857,201,4,https://semilla-0.example.com/documento/0?origen=capacidad,,ok,
seed,5,5,12.194,475.898,201,5,https://semilla-5.example.com/documento/5?origen=capacidad,,ok,
seed,7,7,12.991,499.481,201,6,https://semilla-7.example.com/documento/7?origen=capacidad,,ok,
seed,8,8,13.413,523.549,201,7,https://semilla-8.example.com/documento/8?origen=capacidad,,ok,
seed,3,3,11.065,550.454,201,8,https://semilla-3.example.com/documento/3?origen=capacidad,,ok,
seed,2,2,10.542,576.201,201,9,https://semilla-2.example.com/documento/2?origen=capacidad,,ok,
seed,6,6,12.636,598.854,201,A,https://semilla-6.example.com/documento/6?origen=capacidad,,ok,
seed,10,9,414.643,213.498,201,B,https://semilla-10.example.com/documento/10?origen=capacidad,,ok,
seed,11,4,416.600,230.346,201,C,https://semilla-11.example.com/documento/11?origen=capacidad,,ok,
seed,12,1,436.802,228.293,201,D,https://semilla-12.example.com/documento/12?origen=capacidad,,ok,
seed,19,6,612.007,69.674,201,E,https://semilla-19.example.com/documento/19?origen=capacidad,,ok,
seed,13,0,462.775,237.465,201,F,https://semilla-13.example.com/documento/13?origen=capacidad,,ok,
seed,14,5,488.413,231.831,201,G,https://semilla-14.example.com/documento/14?origen=capacidad,,ok,
seed,15,7,512.715,222.560,201,H,https://semilla-15.example.com/documento/15?origen=capacidad,,ok,
seed,16,8,537.200,215.821,201,J,https://semilla-16.example.com/documento/16?origen=capacidad,,ok,
seed,17,3,561.884,206.808,201,K,https://semilla-17.example.com/documento/17?origen=capacidad,,ok,
seed,26,7,735.537,49.416,201,L,https://semilla-26.example.com/documento/26?origen=capacidad,,ok,
seed,25,5,720.456,80.102,201,M,https://semilla-25.example.com/documento/25?origen=capacidad,,ok,
seed,18,2,587.161,229.910,201,N,https://semilla-18.example.com/documento/18?origen=capacidad,,ok,
seed,20,9,628.359,204.614,201,P,https://semilla-20.example.com/documento/20?origen=capacidad,,ok,
seed,21,4,647.130,203.096,201,Q,https://semilla-21.example.com/documento/21?origen=capacidad,,ok,
seed,22,1,665.269,199.996,201,R,https://semilla-22.example.com/documento/22?origen=capacidad,,ok,
seed,23,6,681.858,202.137,201,S,https://semilla-23.example.com/documento/23?origen=capacidad,,ok,
seed,24,0,700.492,199.288,201,T,https://semilla-24.example.com/documento/24?origen=capacidad,,ok,
seed,27,8,753.183,161.506,201,U,https://semilla-27.example.com/documento/27?origen=capacidad,,ok,
seed,28,3,768.903,162.180,201,V,https://semilla-28.example.com/documento/28?origen=capacidad,,ok,
seed,29,7,785.168,161.804,201,W,https://semilla-29.example.com/documento/29?origen=capacidad,,ok,
seed,37,8,914.927,47.373,201,X,https://semilla-37.example.com/documento/37?origen=capacidad,,ok,
seed,30,5,800.809,177.392,201,Y,https://semilla-30.example.com/documento/30?origen=capacidad,,ok,
seed,31,2,817.328,177.137,201,Z,https://semilla-31.example.com/documento/31?origen=capacidad,,ok,
seed,32,9,833.228,178.327,201,a,https://semilla-32.example.com/documento/32?origen=capacidad,,ok,
seed,40,8,962.485,65.223,201,b,https://semilla-40.example.com/documento/40?origen=capacidad,,ok,
seed,33,4,850.404,193.720,201,c,https://semilla-33.example.com/documento/33?origen=capacidad,,ok,
seed,42,2,994.707,65.187,201,d,https://semilla-42.example.com/documento/42?origen=capacidad,,ok,
seed,34,1,865.491,209.500,201,e,https://semilla-34.example.com/documento/34?origen=capacidad,,ok,
seed,35,6,884.209,206.545,201,f,https://semilla-35.example.com/documento/35?origen=capacidad,,ok,
seed,45,4,1044.314,62.075,201,g,https://semilla-45.example.com/documento/45?origen=capacidad,,ok,
seed,47,1,1075.202,45.649,201,h,https://semilla-47.example.com/documento/47?origen=capacidad,,ok,
seed,36,0,899.964,235.927,201,i,https://semilla-36.example.com/documento/36?origen=capacidad,,ok,
seed,49,4,1106.605,46.031,201,j,https://semilla-49.example.com/documento/49?origen=capacidad,,ok,
seed,38,3,931.326,234.054,201,k,https://semilla-38.example.com/documento/38?origen=capacidad,,ok,
seed,39,7,947.191,233.853,201,m,https://semilla-39.example.com/documento/39?origen=capacidad,,ok,
seed,52,4,1152.789,41.167,201,n,https://semilla-52.example.com/documento/52?origen=capacidad,,ok,
seed,41,5,978.368,229.403,201,o,https://semilla-41.example.com/documento/41?origen=capacidad,,ok,
seed,54,7,1181.214,40.162,201,p,https://semilla-54.example.com/documento/54?origen=capacidad,,ok,
seed,55,4,1194.178,40.064,201,q,https://semilla-55.example.com/documento/55?origen=capacidad,,ok,
seed,56,5,1207.991,40.579,201,r,https://semilla-56.example.com/documento/56?origen=capacidad,,ok,
seed,57,7,1221.558,41.218,201,s,https://semilla-57.example.com/documento/57?origen=capacidad,,ok,
seed,58,4,1234.454,41.592,201,t,https://semilla-58.example.com/documento/58?origen=capacidad,,ok,
seed,59,5,1248.794,41.086,201,u,https://semilla-59.example.com/documento/59?origen=capacidad,,ok,
seed,60,7,1262.993,40.825,201,v,https://semilla-60.example.com/documento/60?origen=capacidad,,ok,
seed,61,4,1276.234,42.614,201,w,https://semilla-61.example.com/documento/61?origen=capacidad,,ok,
seed,62,5,1290.052,46.924,201,x,https://semilla-62.example.com/documento/62?origen=capacidad,,ok,
seed,63,7,1303.984,48.350,201,y,https://semilla-63.example.com/documento/63?origen=capacidad,,ok,
seed,43,9,1011.726,355.778,201,z,https://semilla-43.example.com/documento/43?origen=capacidad,,ok,
seed,64,4,1319.033,61.272,201,11,https://semilla-64.example.com/documento/64?origen=capacidad,,ok,
seed,44,8,1027.883,371.472,201,12,https://semilla-44.example.com/documento/44?origen=capacidad,,ok,
seed,67,9,1367.713,44.921,201,13,https://semilla-67.example.com/documento/67?origen=capacidad,,ok,
seed,66,7,1352.629,77.270,201,14,https://semilla-66.example.com/documento/66?origen=capacidad,,ok,
seed,46,2,1060.143,384.303,201,15,https://semilla-46.example.com/documento/46?origen=capacidad,,ok,
seed,69,8,1399.600,62.071,201,16,https://semilla-69.example.com/documento/69?origen=capacidad,,ok,
seed,48,6,1090.942,384.826,201,17,https://semilla-48.example.com/documento/48?origen=capacidad,,ok,
seed,72,2,1444.656,43.142,201,18,https://semilla-72.example.com/documento/72?origen=capacidad,,ok,
seed,50,1,1121.069,380.545,201,19,https://semilla-50.example.com/documento/50?origen=capacidad,,ok,
seed,51,0,1136.136,379.816,201,1A,https://semilla-51.example.com/documento/51?origen=capacidad,,ok,
seed,74,6,1475.919,52.838,201,1B,https://semilla-74.example.com/documento/74?origen=capacidad,,ok,
seed,53,3,1165.573,376.834,201,1C,https://semilla-53.example.com/documento/53?origen=capacidad,,ok,
seed,76,1,1501.823,54.529,201,1D,https://semilla-76.example.com/documento/76?origen=capacidad,,ok,
seed,65,5,1337.154,232.541,201,1E,https://semilla-65.example.com/documento/65?origen=capacidad,,ok,
seed,79,3,1542.562,40.304,201,1F,https://semilla-79.example.com/documento/79?origen=capacidad,,ok,
seed,77,0,1516.153,80.177,201,1G,https://semilla-77.example.com/documento/77?origen=capacidad,,ok,
seed,81,5,1569.846,39.392,201,1H,https://semilla-81.example.com/documento/81?origen=capacidad,,ok,
seed,82,3,1583.020,38.859,201,1J,https://semilla-82.example.com/documento/82?origen=capacidad,,ok,
seed,68,4,1380.505,253.858,201,1K,https://semilla-68.example.com/documento/68?origen=capacidad,,ok,
seed,83,0,1596.524,52.773,201,1L,https://semilla-83.example.com/documento/83?origen=capacidad,,ok,
seed,85,3,1622.088,41.049,201,1M,https://semilla-85.example.com/documento/85?origen=capacidad,,ok,
seed,84,5,1609.385,66.141,201,1N,https://semilla-84.example.com/documento/84?origen=capacidad,,ok,
seed,70,9,1412.853,276.006,201,1P,https://semilla-70.example.com/documento/70?origen=capacidad,,ok,
seed,71,7,1430.097,271.038,201,1Q,https://semilla-71.example.com/documento/71?origen=capacidad,,ok,
seed,73,8,1461.871,254.794,201,1R,https://semilla-73.example.com/documento/73?origen=capacidad,,ok,
seed,90,9,1689.011,41.191,201,1S,https://semilla-90.example.com/documento/90?origen=capacidad,,ok,
seed,88,3,1663.350,80.706,201,1T,https://semilla-88.example.com/documento/88?origen=capacidad,,ok,
seed,75,2,1487.955,270.934,201,1U,https://semilla-75.example.com/documento/75?origen=capacidad,,ok,
seed,78,6,1528.968,241.879,201,1V,https://semilla-78.example.com/documento/78?origen=capacidad,,ok,
seed,80,1,1556.528,227.396,201,1W,https://semilla-80.example.com/documento/80?origen=capacidad,,ok,
seed,86,4,1634.582,161.267,201,1X,https://semilla-86.example.com/documento/86?origen=capacidad,,ok,
seed,96,6,1771.037,36.346,201,1Y,https://semilla-96.example.com/documento/96?origen=capacidad,,ok,
seed,97,1,1784.083,45.033,201,1Z,https://semilla-97.example.com/documento/97?origen=capacidad,,ok,
seed,98,4,1795.985,45.842,201,1a,https://semilla-98.example.com/documento/98?origen=capacidad,,ok,
seed,95,2,1759.031,94.748,201,1b,https://semilla-95.example.com/documento/95?origen=capacidad,,ok,
seed,100,1,1829.326,37.623,201,1c,https://semilla-100.example.com/documento/100?origen=capacidad,,ok,
seed,101,4,1842.030,38.182,201,1d,https://semilla-101.example.com/documento/101?origen=capacidad,,ok,
seed,102,2,1853.932,39.698,201,1e,https://semilla-102.example.com/documento/102?origen=capacidad,,ok,
seed,103,1,1867.114,38.498,201,1f,https://semilla-103.example.com/documento/103?origen=capacidad,,ok,
seed,87,0,1649.522,268.797,201,1g,https://semilla-87.example.com/documento/87?origen=capacidad,,ok,
seed,105,2,1893.782,36.737,201,1h,https://semilla-105.example.com/documento/105?origen=capacidad,,ok,
seed,89,5,1675.730,266.410,201,1i,https://semilla-89.example.com/documento/89?origen=capacidad,,ok,
seed,107,0,1918.545,37.807,201,1j,https://semilla-107.example.com/documento/107?origen=capacidad,,ok,
seed,108,2,1930.667,39.380,201,1k,https://semilla-108.example.com/documento/108?origen=capacidad,,ok,
seed,91,7,1701.331,281.590,201,1m,https://semilla-91.example.com/documento/91?origen=capacidad,,ok,
seed,110,0,1956.553,39.269,201,1n,https://semilla-110.example.com/documento/110?origen=capacidad,,ok,
seed,111,2,1970.231,38.159,201,1o,https://semilla-111.example.com/documento/111?origen=capacidad,,ok,
seed,109,5,1942.291,77.910,201,1p,https://semilla-109.example.com/documento/109?origen=capacidad,,ok,
seed,113,0,1995.962,35.635,201,1q,https://semilla-113.example.com/documento/113?origen=capacidad,,ok,
seed,114,2,2008.610,34.444,201,1r,https://semilla-114.example.com/documento/114?origen=capacidad,,ok,
seed,115,5,2020.347,34.364,201,1s,https://semilla-115.example.com/documento/115?origen=capacidad,,ok,
seed,92,8,1716.830,350.047,201,1t,https://semilla-92.example.com/documento/92?origen=capacidad,,ok,
seed,116,0,2031.752,47.540,201,1u,https://semilla-116.example.com/documento/116?origen=capacidad,,ok,
seed,93,9,1730.415,363.096,201,1v,https://semilla-93.example.com/documento/93?origen=capacidad,,ok,
seed,94,3,1744.275,362.101,201,1w,https://semilla-94.example.com/documento/94?origen=capacidad,,ok,
seed,119,8,2067.034,51.583,201,1x,https://semilla-119.example.com/documento/119?origen=capacidad,,ok,
seed,121,9,2093.696,37.103,201,1y,https://semilla-121.example.com/documento/121?origen=capacidad,,ok,
seed,122,3,2106.570,36.337,201,1z,https://semilla-122.example.com/documento/122?origen=capacidad,,ok,
seed,123,8,2118.760,36.205,201,21,https://semilla-123.example.com/documento/123?origen=capacidad,,ok,
seed,124,9,2131.004,36.108,201,22,https://semilla-124.example.com/documento/124?origen=capacidad,,ok,
seed,120,0,2079.458,100.222,201,23,https://semilla-120.example.com/documento/120?origen=capacidad,,ok,
seed,126,8,2155.124,37.344,201,24,https://semilla-126.example.com/documento/126?origen=capacidad,,ok,
seed,127,9,2167.298,36.347,201,25,https://semilla-127.example.com/documento/127?origen=capacidad,,ok,
seed,128,0,2179.830,36.948,201,26,https://semilla-128.example.com/documento/128?origen=capacidad,,ok,
seed,125,3,2143.097,86.744,201,27,https://semilla-125.example.com/documento/125?origen=capacidad,,ok,
seed,130,9,2203.810,40.055,201,28,https://semilla-130.example.com/documento/130?origen=capacidad,,ok,
seed,131,0,2216.956,39.653,201,29,https://semilla-131.example.com/documento/131?origen=capacidad,,ok,
seed,132,3,2230.015,40.029,201,2A,https://semilla-132.example.com/documento/132?origen=capacidad,,ok,
seed,133,9,2244.033,39.300,201,2B,https://semilla-133.example.com/documento/133?origen=capacidad,,ok,
seed,134,0,2256.803,40.588,201,2C,https://semilla-134.example.com/documento/134?origen=capacidad,,ok,
seed,135,3,2270.244,38.916,201,2D,https://semilla-135.example.com/documento/135?origen=capacidad,,ok,
seed,129,8,2192.620,127.545,201,2E,https://semilla-129.example.com/documento/129?origen=capacidad,,ok,
seed,99,6,1807.539,524.405,201,2F,https://semilla-99.example.com/documento/99?origen=capacidad,,ok,
seed,137,0,2297.581,46.614,201,2G,https://semilla-137.example.com/documento/137?origen=capacidad,,ok,
seed,139,8,2320.309,34.003,201,2H,https://semilla-139.example.com/documento/139?origen=capacidad,,ok,
seed,138,3,2309.388,58.269,201,2J,https://semilla-138.example.com/documento/138?origen=capacidad,,ok,
seed,140,6,2332.137,47.366,201,2K,https://semilla-140.example.com/documento/140?origen=capacidad,,ok,
seed,141,0,2344.337,46.268,201,2L,https://semilla-141.example.com/documento/141?origen=capacidad,,ok,
seed,143,3,2367.822,34.130,201,2M,https://semilla-143.example.com/documento/143?origen=capacidad,,ok,
seed,144,6,2379.662,33.630,201,2N,https://semilla-144.example.com/documento/144?origen=capacidad,,ok,
seed,145,0,2390.831,33.121,201,2P,https://semilla-145.example.com/documento/145?origen=capacidad,,ok,
seed,142,8,2354.479,80.213,201,2Q,https://semilla-142.example.com/documento/142?origen=capacidad,,ok,
seed,147,6,2413.495,32.446,201,2R,https://semilla-147.example.com/documento/147?origen=capacidad,,ok,
seed,146,3,2402.093,55.572,201,2S,https://semilla-146.example.com/documento/146?origen=capacidad,,ok,
seed,148,0,2424.102,45.146,201,2T,https://semilla-148.example.com/documento/148?origen=capacidad,,ok,
seed,150,6,2446.098,34.751,201,2U,https://semilla-150.example.com/documento/150?origen=capacidad,,ok,
seed,104,4,1880.362,611.713,201,2V,https://semilla-104.example.com/documento/104?origen=capacidad,,ok,
seed,149,8,2434.848,70.933,201,2W,https://semilla-149.example.com/documento/149?origen=capacidad,,ok,
seed,153,6,2481.011,36.271,201,2X,https://semilla-153.example.com/documento/153?origen=capacidad,,ok,
seed,154,4,2492.259,36.504,201,2Y,https://semilla-154.example.com/documento/154?origen=capacidad,,ok,
seed,106,1,1905.759,634.483,201,2Z,https://semilla-106.example.com/documento/106?origen=capacidad,,ok,
seed,156,6,2517.446,34.454,201,2a,https://semilla-156.example.com/documento/156?origen=capacidad,,ok,
seed,157,4,2528.916,33.919,201,2b,https://semilla-157.example.com/documento/157?origen=capacidad,,ok,
seed,158,1,2540.453,33.093,201,2c,https://semilla-158.example.com/documento/158?origen=capacidad,,ok,
seed,159,6,2552.042,32.847,201,2d,https://semilla-159.example.com/documento/159?origen=capacidad,,ok,
seed,155,8,2505.941,90.420,201,2e,https://semilla-155.example.com/documento/155?origen=capacidad,,ok,
seed,161,1,2573.704,33.553,201,2f,https://semilla-161.example.com/documento/161?origen=capacidad,,ok,
seed,160,4,2562.966,55.772,201,2g,https://semilla-160.example.com/documento/160?origen=capacidad,,ok,
seed,163,8,2596.553,34.226,201,2h,https://semilla-163.example.com/documento/163?origen=capacidad,,ok,
seed,162,6,2585.058,57.191,201,2i,https://semilla-162.example.com/documento/162?origen=capacidad,,ok,
seed,165,4,2618.905,34.632,201,2j,https://semilla-165.example.com/documento/165?origen=capacidad,,ok,
seed,166,8,2630.942,34.086,201,2k,https://semilla-166.example.com/documento/166?origen=capacidad,,ok,
seed,167,6,2642.407,33.996,201,2m,https://semilla-167.example.com/documento/167?origen=capacidad,,ok,
seed,168,4,2653.685,32.984,201,2n,https://semilla-168.example.com/documento/168?origen=capacidad,,ok,
seed,164,1,2607.409,90.476,201,2o,https://semilla-164.example.com/documento/164?origen=capacidad,,ok,
seed,170,6,2676.556,32.773,201,2p,https://semilla-170.example.com/documento/170?origen=capacidad,,ok,
seed,171,4,2686.810,33.077,201,2q,https://semilla-171.example.com/documento/171?origen=capacidad,,ok,
seed,172,1,2698.031,32.624,201,2r,https://semilla-172.example.com/documento/172?origen=capacidad,,ok,
seed,173,6,2709.529,32.279,201,2s,https://semilla-173.example.com/documento/173?origen=capacidad,,ok,
seed,174,4,2720.034,34.758,201,2t,https://semilla-174.example.com/documento/174?origen=capacidad,,ok,
seed,112,7,1983.129,782.951,201,2u,https://semilla-112.example.com/documento/112?origen=capacidad,,ok,
seed,176,6,2741.952,35.208,201,2v,https://semilla-176.example.com/documento/176?origen=capacidad,,ok,
seed,177,4,2754.977,35.143,201,2w,https://semilla-177.example.com/documento/177?origen=capacidad,,ok,
seed,178,7,2766.245,35.212,201,2x,https://semilla-178.example.com/documento/178?origen=capacidad,,ok,
seed,179,6,2777.305,35.965,201,2y,https://semilla-179.example.com/documento/179?origen=capacidad,,ok,
seed,180,4,2790.259,33.917,201,2z,https://semilla-180.example.com/documento/180?origen=capacidad,,ok,
seed,181,7,2801.594,33.924,201,31,https://semilla-181.example.com/documento/181?origen=capacidad,,ok,
seed,175,1,2730.817,115.433,201,32,https://semilla-175.example.com/documento/175?origen=capacidad,,ok,
seed,183,4,2824.324,32.622,201,33,https://semilla-183.example.com/documento/183?origen=capacidad,,ok,
seed,182,6,2813.406,54.602,201,34,https://semilla-182.example.com/documento/182?origen=capacidad,,ok,
seed,185,1,2846.409,34.306,201,35,https://semilla-185.example.com/documento/185?origen=capacidad,,ok,
seed,186,4,2857.108,35.585,201,36,https://semilla-186.example.com/documento/186?origen=capacidad,,ok,
seed,169,8,2665.171,238.869,201,37,https://semilla-169.example.com/documento/169?origen=capacidad,,ok,
seed,188,1,2880.859,34.013,201,38,https://semilla-188.example.com/documento/188?origen=capacidad,,ok,
seed,187,6,2868.175,57.736,201,39,https://semilla-187.example.com/documento/187?origen=capacidad,,ok,
seed,190,8,2904.187,32.394,201,3A,https://semilla-190.example.com/documento/190?origen=capacidad,,ok,
seed,189,4,2892.832,55.334,201,3B,https://semilla-189.example.com/documento/189?origen=capacidad,,ok,
seed,184,7,2835.668,123.424,201,3C,https://semilla-184.example.com/documento/184?origen=capacidad,,ok,
seed,193,8,2936.747,32.657,201,3D,https://semilla-193.example.com/documento/193?origen=capacidad,,ok,
seed,194,4,2948.327,32.207,201,3E,https://semilla-194.example.com/documento/194?origen=capacidad,,ok,
seed,195,7,2959.240,32.406,201,3F,https://semilla-195.example.com/documento/195?origen=capacidad,,ok,
seed,196,8,2969.609,34.156,201,3G,https://semilla-196.example.com/documento/196?origen=capacidad,,ok,
seed,192,6,2926.081,88.996,201,3H,https://semilla-192.example.com/documento/192?origen=capacidad,,ok,
seed,198,7,2991.852,36.520,201,3J,https://semilla-198.example.com/documento/198?origen=capacidad,,ok,
seed,199,8,3003.940,35.892,201,3K,https://semilla-199.example.com/documento/199?origen=capacidad,,ok,
seed,200,6,3015.276,35.729,201,3L,https://semilla-200.example.com/documento/200?origen=capacidad,,ok,
seed,197,4,2980.688,80.691,201,3M,https://semilla-197.example.com/documento/197?origen=capacidad,,ok,
seed,202,8,3040.007,31.917,201,3N,https://semilla-202.example.com/documento/202?origen=capacidad,,ok,
seed,201,7,3028.603,53.654,201,3P,https://semilla-201.example.com/documento/201?origen=capacidad,,ok,
seed,203,6,3051.162,41.210,201,3Q,https://semilla-203.example.com/documento/203?origen=capacidad,,ok,
seed,205,8,3072.055,31.838,201,3R,https://semilla-205.example.com/documento/205?origen=capacidad,,ok,
seed,206,7,3082.414,32.192,201,3S,https://semilla-206.example.com/documento/206?origen=capacidad,,ok,
seed,204,4,3061.545,63.051,201,3T,https://semilla-204.example.com/documento/204?origen=capacidad,,ok,
seed,208,8,3104.122,30.697,201,3U,https://semilla-208.example.com/documento/208?origen=capacidad,,ok,
seed,209,7,3114.750,30.122,201,3V,https://semilla-209.example.com/documento/209?origen=capacidad,,ok,
seed,207,6,3092.576,62.092,201,3W,https://semilla-207.example.com/documento/207?origen=capacidad,,ok,
seed,211,8,3134.977,31.084,201,3X,https://semilla-211.example.com/documento/211?origen=capacidad,,ok,
seed,212,7,3145.019,32.024,201,3Y,https://semilla-212.example.com/documento/212?origen=capacidad,,ok,
seed,213,6,3154.825,33.040,201,3Z,https://semilla-213.example.com/documento/213?origen=capacidad,,ok,
seed,191,1,2915.011,283.123,201,3a,https://semilla-191.example.com/documento/191?origen=capacidad,,ok,
seed,215,7,3177.290,31.236,201,3b,https://semilla-215.example.com/documento/215?origen=capacidad,,ok,
seed,216,6,3188.011,31.403,201,3c,https://semilla-216.example.com/documento/216?origen=capacidad,,ok,
seed,210,4,3124.733,105.729,201,3d,https://semilla-210.example.com/documento/210?origen=capacidad,,ok,
seed,217,1,3198.324,42.661,201,3e,https://semilla-217.example.com/documento/217?origen=capacidad,,ok,
seed,219,6,3219.652,32.802,201,3f,https://semilla-219.example.com/documento/219?origen=capacidad,,ok,
seed,214,8,3166.232,96.702,201,3g,https://semilla-214.example.com/documento/214?origen=capacidad,,ok,
seed,221,1,3241.130,32.881,201,3h,https://semilla-221.example.com/documento/221?origen=capacidad,,ok,
seed,222,6,3252.594,32.736,201,3i,https://semilla-222.example.com/documento/222?origen=capacidad,,ok,
seed,223,8,3263.087,33.086,201,3j,https://semilla-223.example.com/documento/223?origen=capacidad,,ok,
seed,220,4,3230.629,76.181,201,3k,https://semilla-220.example.com/documento/220?origen=capacidad,,ok,
seed,224,1,3274.163,43.314,201,3m,https://semilla-224.example.com/documento/224?origen=capacidad,,ok,
seed,226,8,3296.306,31.753,201,3n,https://semilla-226.example.com/documento/226?origen=capacidad,,ok,
seed,227,4,3306.961,32.275,201,3o,https://semilla-227.example.com/documento/227?origen=capacidad,,ok,
seed,225,6,3285.514,64.721,201,3p,https://semilla-225.example.com/documento/225?origen=capacidad,,ok,
seed,229,8,3328.234,33.200,201,3q,https://semilla-229.example.com/documento/229?origen=capacidad,,ok,
seed,230,4,3339.394,36.420,201,3r,https://semilla-230.example.com/documento/230?origen=capacidad,,ok,
seed,231,6,3350.433,36.370,201,3s,https://semilla-231.example.com/documento/231?origen=capacidad,,ok,
seed,228,1,3317.686,81.072,201,3t,https://semilla-228.example.com/documento/228?origen=capacidad,,ok,
seed,233,4,3376.010,33.364,201,3u,https://semilla-233.example.com/documento/233?origen=capacidad,,ok,
seed,234,6,3386.999,33.468,201,3v,https://semilla-234.example.com/documento/234?origen=capacidad,,ok,
seed,218,7,3208.671,223.321,201,3w,https://semilla-218.example.com/documento/218?origen=capacidad,,ok,
seed,236,4,3409.544,33.300,201,3x,https://semilla-236.example.com/documento/236?origen=capacidad,,ok,
seed,237,6,3420.658,34.522,201,3y,https://semilla-237.example.com/documento/237?origen=capacidad,,ok,
seed,238,7,3432.192,33.674,201,3z,https://semilla-238.example.com/documento/238?origen=capacidad,,ok,
seed,239,4,3443.017,33.987,201,41,https://semilla-239.example.com/documento/239?origen=capacidad,,ok,
seed,240,6,3455.322,33.059,201,42,https://semilla-240.example.com/documento/240?origen=capacidad,,ok,
seed,241,7,3466.012,36.904,201,43,https://semilla-241.example.com/documento/241?origen=capacidad,,ok,
seed,235,1,3398.911,115.222,201,44,https://semilla-235.example.com/documento/235?origen=capacidad,,ok,
seed,242,4,3477.146,49.665,201,45,https://semilla-242.example.com/documento/242?origen=capacidad,,ok,
seed,244,7,3503.094,36.802,201,46,https://semilla-244.example.com/documento/244?origen=capacidad,,ok,
seed,243,6,3488.661,63.008,201,47,https://semilla-243.example.com/documento/243?origen=capacidad,,ok,
seed,246,4,3527.005,35.061,201,48,https://semilla-246.example.com/documento/246?origen=capacidad,,ok,
seed,247,7,3540.104,33.388,201,49,https://semilla-247.example.com/documento/247?origen=capacidad,,ok,
seed,248,6,3551.859,32.206,201,4A,https://semilla-248.example.com/documento/248?origen=capacidad,,ok,
seed,249,4,3562.244,33.308,201,4B,https://semilla-249.example.com/documento/249?origen=capacidad,,ok,
seed,250,7,3573.683,32.941,201,4C,https://semilla-250.example.com/documento/250?origen=capacidad,,ok,
seed,251,6,3584.253,33.769,201,4D,https://semilla-251.example.com/documento/251?origen=capacidad,,ok,
seed,252,4,3595.726,34.657,201,4E,https://semilla-252.example.com/documento/252?origen=capacidad,,ok,
seed,245,1,3514.303,128.261,201,4F,https://semilla-245.example.com/documento/245?origen=capacidad,,ok,
seed,253,7,3606.818,46.056,201,4G,https://semilla-253.example.com/documento/253?origen=capacidad,,ok,
seed,255,4,3630.587,32.641,201,4H,https://semilla-255.example.com/documento/255?origen=capacidad,,ok,
seed,117,2,2043.206,1631.457,201,4J,https://semilla-117.example.com/documento/117?origen=capacidad,,ok,
seed,257,7,3653.029,32.486,201,4K,https://semilla-257.example.com/documento/257?origen=capacidad,,ok,
seed,258,4,3663.367,33.291,201,4L,https://semilla-258.example.com/documento/258?origen=capacidad,,ok,
seed,259,2,3674.875,32.682,201,4M,https://semilla-259.example.com/documento/259?origen=capacidad,,ok,
seed,256,1,3642.743,76.831,201,4N,https://semilla-256.example.com/documento/256?origen=capacidad,,ok,
seed,254,6,3618.262,111.885,201,4P,https://semilla-254.example.com/documento/254?origen=capacidad,,ok,
seed,262,2,3707.754,35.714,201,4Q,https://semilla-262.example.com/documento/262?origen=capacidad,,ok,
seed,261,4,3696.832,60.774,201,4R,https://semilla-261.example.com/documento/261?origen=capacidad,,ok,
seed,263,1,3719.783,47.413,201,4S,https://semilla-263.example.com/documento/263?origen=capacidad,,ok,
seed,118,5,2054.853,1721.638,201,4T,https://semilla-118.example.com/documento/118?origen=capacidad,,ok,
seed,260,7,3685.682,100.550,201,4U,https://semilla-260.example.com/documento/260?origen=capacidad,,ok,
seed,266,4,3757.816,37.831,201,4V,https://semilla-266.example.com/documento/266?origen=capacidad,,ok,
seed,268,5,3776.620,29.325,201,4W,https://semilla-268.example.com/documento/268?origen=capacidad,,ok,
seed,269,7,3786.364,30.254,201,4X,https://semilla-269.example.com/documento/269?origen=capacidad,,ok,
seed,270,4,3795.842,30.395,201,4Y,https://semilla-270.example.com/documento/270?origen=capacidad,,ok,
seed,136,9,2283.541,1552.202,201,4Z,https://semilla-136.example.com/documento/136?origen=capacidad,,ok,
seed,272,7,3816.784,29.012,201,4a,https://semilla-272.example.com/documento/272?origen=capacidad,,ok,
seed,273,4,3826.380,29.031,201,4b,https://semilla-273.example.com/documento/273?origen=capacidad,,ok,
seed,271,5,3806.127,61.463,201,4c,https://semilla-271.example.com/documento/271?origen=capacidad,,ok,
seed,275,7,3845.944,31.956,201,4d,https://semilla-275.example.com/documento/275?origen=capacidad,,ok,
seed,276,4,3855.569,32.166,201,4e,https://semilla-276.example.com/documento/276?origen=capacidad,,ok,
seed,274,9,3835.882,62.383,201,4f,https://semilla-274.example.com/documento/274?origen=capacidad,,ok,
seed,277,5,3867.764,41.496,201,4g,https://semilla-277.example.com/documento/277?origen=capacidad,,ok,
seed,279,4,3887.894,30.908,201,4h,https://semilla-279.example.com/documento/279?origen=capacidad,,ok,
seed,278,7,3878.048,50.179,201,4i,https://semilla-278.example.com/documento/278?origen=capacidad,,ok,
seed,151,3,2457.826,1479.975,201,4j,https://semilla-151.example.com/documento/151?origen=capacidad,,ok,
seed,282,4,3918.935,28.767,201,4k,https://semilla-282.example.com/documento/282?origen=capacidad,,ok,
seed,281,5,3909.438,47.856,201,4m,https://semilla-281.example.com/documento/281?origen=capacidad,,ok,
seed,284,3,3937.965,29.333,201,4n,https://semilla-284.example.com/documento/284?origen=capacidad,,ok,
seed,285,4,3947.841,29.474,201,4o,https://semilla-285.example.com/documento/285?origen=capacidad,,ok,
seed,286,5,3957.439,32.006,201,4p,https://semilla-286.example.com/documento/286?origen=capacidad,,ok,
seed,287,3,3967.487,31.401,201,4q,https://semilla-287.example.com/documento/287?origen=capacidad,,ok,
seed,288,4,3977.493,31.459,201,4r,https://semilla-288.example.com/documento/288?origen=capacidad,,ok,
seed,283,7,3928.407,89.844,201,4s,https://semilla-283.example.com/documento/283?origen=capacidad,,ok,
seed,290,3,3999.052,29.977,201,4t,https://semilla-290.example.com/documento/290?origen=capacidad,,ok,
seed,291,4,4009.094,31.500,201,4u,https://semilla-291.example.com/documento/291?origen=capacidad,,ok,
seed,292,7,4018.448,32.432,201,4v,https://semilla-292.example.com/documento/292?origen=capacidad,,ok,
seed,293,3,4029.174,32.951,201,4w,https://semilla-293.example.com/documento/293?origen=capacidad,,ok,
seed,294,4,4040.760,31.849,201,4x,https://semilla-294.example.com/documento/294?origen=capacidad,,ok,
seed,289,5,3989.578,93.216,201,4y,https://semilla-289.example.com/documento/289?origen=capacidad,,ok,
seed,295,7,4051.064,41.867,201,4z,https://semilla-295.example.com/documento/295?origen=capacidad,,ok,
seed,297,4,4072.769,32.369,201,51,https://semilla-297.example.com/documento/297?origen=capacidad,,ok,
seed,298,5,4082.953,34.005,201,52,https://semilla-298.example.com/documento/298?origen=capacidad,,ok,
seed,299,7,4093.079,33.454,201,53,https://semilla-299.example.com/documento/299?origen=capacidad,,ok,
seed,296,3,4062.266,74.672,201,54,https://semilla-296.example.com/documento/296?origen=capacidad,,ok,
seed,301,5,4117.104,30.262,201,55,https://semilla-301.example.com/documento/301?origen=capacidad,,ok,
seed,300,4,4105.341,52.582,201,56,https://semilla-300.example.com/documento/300?origen=capacidad,,ok,
seed,303,3,4137.085,30.900,201,57,https://semilla-303.example.com/documento/303?origen=capacidad,,ok,
seed,304,5,4147.540,29.994,201,58,https://semilla-304.example.com/documento/304?origen=capacidad,,ok,
seed,302,7,4126.727,60.334,201,59,https://semilla-302.example.com/documento/302?origen=capacidad,,ok,
seed,305,4,4158.068,38.317,201,5A,https://semilla-305.example.com/documento/305?origen=capacidad,,ok,
seed,307,5,4177.676,29.005,201,5B,https://semilla-307.example.com/documento/307?origen=capacidad,,ok,
seed,308,7,4187.223,31.428,201,5C,https://semilla-308.example.com/documento/308?origen=capacidad,,ok,
seed,306,3,4168.182,60.326,201,5D,https://semilla-306.example.com/documento/306?origen=capacidad,,ok,
seed,309,4,4196.544,42.533,201,5E,https://semilla-309.example.com/documento/309?origen=capacidad,,ok,
seed,311,7,4218.822,30.127,201,5F,https://semilla-311.example.com/documento/311?origen=capacidad,,ok,
seed,312,3,4228.671,29.540,201,5G,https://semilla-312.example.com/documento/312?origen=capacidad,,ok,
seed,310,5,4206.837,61.134,201,5H,https://semilla-310.example.com/documento/310?origen=capacidad,,ok,
seed,314,7,4249.120,28.788,201,5J,https://semilla-314.example.com/documento/314?origen=capacidad,,ok,
seed,315,3,4258.344,29.032,201,5K,https://semilla-315.example.com/documento/315?origen=capacidad,,ok,
seed,316,5,4268.145,29.977,201,5L,https://semilla-316.example.com/documento/316?origen=capacidad,,ok,
seed,313,4,4239.211,68.683,201,5M,https://semilla-313.example.com/documento/313?origen=capacidad,,ok,
seed,317,7,4278.054,39.254,201,5N,https://semilla-317.example.com/documento/317?origen=capacidad,,ok,
seed,319,5,4298.317,28.474,201,5P,https://semilla-319.example.com/documento/319?origen=capacidad,,ok,
seed,318,3,4287.555,51.645,201,5Q,https://semilla-318.example.com/documento/318?origen=capacidad,,ok,
seed,321,7,4317.506,31.526,201,5R,https://semilla-321.example.com/documento/321?origen=capacidad,,ok,
seed,322,5,4326.940,31.951,201,5S,https://semilla-322.example.com/documento/322?origen=capacidad,,ok,
seed,267,1,3767.347,601.523,201,5T,https://semilla-267.example.com/documento/267?origen=capacidad,,ok,
seed,324,7,4349.218,29.437,201,5U,https://semilla-324.example.com/documento/324?origen=capacidad,,ok,
seed,323,3,4339.344,49.536,201,5V,https://semilla-323.example.com/documento/323?origen=capacidad,,ok,
seed,326,1,4369.077,31.581,201,5W,https://semilla-326.example.com/documento/326?origen=capacidad,,ok,
seed,325,5,4359.024,53.242,201,5X,https://semilla-325.example.com/documento/325?origen=capacidad,,ok,
seed,328,3,4389.029,33.803,201,5Y,https://semilla-328.example.com/documento/328?origen=capacidad,,ok,
seed,329,1,4400.863,31.936,201,5Z,https://semilla-329.example.com/documento/329?origen=capacidad,,ok,
seed,330,5,4412.411,30.446,201,5a,https://semilla-330.example.com/documento/330?origen=capacidad,,ok,
seed,152,0,2469.442,1983.541,201,5b,https://semilla-152.example.com/documento/152?origen=capacidad,,ok,
seed,331,3,4423.008,39.759,201,5c,https://semilla-331.example.com/documento/331?origen=capacidad,,ok,
seed,332,1,4432.989,39.777,201,5d,https://semilla-332.example.com/documento/332?origen=capacidad,,ok,
seed,333,5,4442.991,39.204,201,5e,https://semilla-333.example.com/documento/333?origen=capacidad,,ok,
seed,334,0,4453.137,38.583,201,5f,https://semilla-334.example.com/documento/334?origen=capacidad,,ok,
seed,327,7,4378.800,123.456,201,5g,https://semilla-327.example.com/documento/327?origen=capacidad,,ok,
seed,337,5,4482.330,30.386,201,5h,https://semilla-337.example.com/documento/337?origen=capacidad,,ok,
seed,338,0,4491.860,30.186,201,5i,https://semilla-338.example.com/documento/338?origen=capacidad,,ok,
seed,336,1,4472.914,59.308,201,5j,https://semilla-336.example.com/documento/336?origen=capacidad,,ok,
seed,340,5,4512.857,29.836,201,5k,https://semilla-340.example.com/documento/340?origen=capacidad,,ok,
seed,341,0,4522.234,30.423,201,5m,https://semilla-341.example.com/documento/341?origen=capacidad,,ok,
seed,342,1,4532.373,30.857,201,5n,https://semilla-342.example.com/documento/342?origen=capacidad,,ok,
seed,343,5,4542.835,29.860,201,5o,https://semilla-343.example.com/documento/343?origen=capacidad,,ok,
seed,335,3,4462.905,120.036,201,5p,https://semilla-335.example.com/documento/335?origen=capacidad,,ok,
seed,344,0,4552.853,40.339,201,5q,https://semilla-344.example.com/documento/344?origen=capacidad,,ok,
seed,345,1,4563.415,39.478,201,5r,https://semilla-345.example.com/documento/345?origen=capacidad,,ok,
seed,339,7,4502.402,109.477,201,5s,https://semilla-339.example.com/documento/339?origen=capacidad,,ok,
seed,348,0,4593.340,30.412,201,5t,https://semilla-348.example.com/documento/348?origen=capacidad,,ok,
seed,347,3,4583.108,51.898,201,5u,https://semilla-347.example.com/documento/347?origen=capacidad,,ok,
seed,349,1,4603.047,41.526,201,5v,https://semilla-349.example.com/documento/349?origen=capacidad,,ok,
seed,351,0,4623.964,30.794,201,5w,https://semilla-351.example.com/documento/351?origen=capacidad,,ok,
seed,352,3,4635.176,29.994,201,5x,https://semilla-352.example.com/documento/352?origen=capacidad,,ok,
seed,232,8,3361.657,1315.748,201,5y,https://semilla-232.example.com/documento/232?origen=capacidad,,ok,
seed,354,0,4654.899,32.138,201,5z,https://semilla-354.example.com/documento/354?origen=capacidad,,ok,
seed,355,3,4665.351,31.030,201,61,https://semilla-355.example.com/documento/355?origen=capacidad,,ok,
seed,356,8,4677.599,28.704,201,62,https://semilla-356.example.com/documento/356?origen=capacidad,,ok,
seed,357,0,4687.224,28.297,201,63,https://semilla-357.example.com/documento/357?origen=capacidad,,ok,
seed,358,3,4696.576,28.562,201,64,https://semilla-358.example.com/documento/358?origen=capacidad,,ok,
seed,359,8,4706.461,28.374,201,65,https://semilla-359.example.com/documento/359?origen=capacidad,,ok,
seed,360,0,4715.655,29.162,201,66,https://semilla-360.example.com/documento/360?origen=capacidad,,ok,
seed,361,3,4725.328,29.214,201,67,https://semilla-361.example.com/documento/361?origen=capacidad,,ok,
seed,362,8,4734.988,28.868,201,68,https://semilla-362.example.com/documento/362?origen=capacidad,,ok,
seed,363,0,4744.997,27.614,201,69,https://semilla-363.example.com/documento/363?origen=capacidad,,ok,
seed,364,3,4754.681,28.246,201,6A,https://semilla-364.example.com/documento/364?origen=capacidad,,ok,
seed,320,4,4308.040,485.137,201,6B,https://semilla-320.example.com/documento/320?origen=capacidad,,ok,
seed,366,0,4772.799,29.915,201,6C,https://semilla-366.example.com/documento/366?origen=capacidad,,ok,
seed,367,3,4783.058,28.813,201,6D,https://semilla-367.example.com/documento/367?origen=capacidad,,ok,
seed,368,4,4793.319,28.059,201,6E,https://semilla-368.example.com/documento/368?origen=capacidad,,ok,
seed,369,0,4802.898,28.578,201,6F,https://semilla-369.example.com/documento/369?origen=capacidad,,ok,
seed,370,3,4812.002,28.569,201,6G,https://semilla-370.example.com/documento/370?origen=capacidad,,ok,
seed,264,6,3730.336,1119.001,201,6H,https://semilla-264.example.com/documento/264?origen=capacidad,,ok,
seed,372,0,4831.654,27.824,201,6J,https://semilla-372.example.com/documento/372?origen=capacidad,,ok,
seed,371,4,4821.596,47.259,201,6K,https://semilla-371.example.com/documento/371?origen=capacidad,,ok,
seed,373,3,4840.747,36.749,201,6L,https://semilla-373.example.com/documento/373?origen=capacidad,,ok,
seed,375,0,4859.626,28.808,201,6M,https://semilla-375.example.com/documento/375?origen=capacidad,,ok,
seed,374,6,4849.510,50.953,201,6N,https://semilla-374.example.com/documento/374?origen=capacidad,,ok,
seed,377,3,4877.691,32.938,201,6P,https://semilla-377.example.com/documento/377?origen=capacidad,,ok,
seed,376,4,4869.024,52.571,201,6Q,https://semilla-376.example.com/documento/376?origen=capacidad,,ok,
seed,379,6,4900.606,31.668,201,6R,https://semilla-379.example.com/documento/379?origen=capacidad,,ok,
seed,380,3,4910.809,30.453,201,6S,https://semilla-380.example.com/documento/380?origen=capacidad,,ok,
seed,378,0,4888.570,63.272,201,6T,https://semilla-378.example.com/documento/378?origen=capacidad,,ok,
seed,382,6,4932.412,29.449,201,6U,https://semilla-382.example.com/documento/382?origen=capacidad,,ok,
seed,383,3,4941.404,30.068,201,6V,https://semilla-383.example.com/documento/383?origen=capacidad,,ok,
seed,381,4,4921.784,59.219,201,6W,https://semilla-381.example.com/documento/381?origen=capacidad,,ok,
seed,385,6,4962.006,29.777,201,6X,https://semilla-385.example.com/documento/385?origen=capacidad,,ok,
seed,384,0,4952.040,49.893,201,6Y,https://semilla-384.example.com/documento/384?origen=capacidad,,ok,
seed,386,3,4971.613,41.660,201,6Z,https://semilla-386.example.com/documento/386?origen=capacidad,,ok,
seed,388,6,4991.931,32.304,201,6a,https://semilla-388.example.com/documento/388?origen=capacidad,,ok,
seed,389,0,5002.128,32.571,201,6b,https://semilla-389.example.com/documento/389?origen=capacidad,,ok,
seed,365,8,4763.985,281.710,201,6c,https://semilla-365.example.com/documento/365?origen=capacidad,,ok,
seed,265,2,3743.655,1313.000,201,6d,https://semilla-265.example.com/documento/265?origen=capacidad,,ok,
seed,391,6,5024.444,41.168,201,6e,https://semilla-391.example.com/documento/391?origen=capacidad,,ok,
seed,280,9,3898.451,1177.161,201,6f,https://semilla-280.example.com/documento/280?origen=capacidad,,ok,
seed,394,2,5056.840,27.608,201,6g,https://semilla-394.example.com/documento/394?origen=capacidad,,ok,
seed,395,6,5065.749,27.939,201,6h,https://semilla-395.example.com/documento/395?origen=capacidad,,ok,
seed,396,9,5075.784,27.154,201,6i,https://semilla-396.example.com/documento/396?origen=capacidad,,ok,
seed,397,2,5084.619,28.300,201,6j,https://semilla-397.example.com/documento/397?origen=capacidad,,ok,
seed,346,5,4572.872,549.661,201,6k,https://semilla-346.example.com/documento/346?origen=capacidad,,ok,
seed,398,6,5093.842,37.673,201,6m,https://semilla-398.example.com/documento/398?origen=capacidad,,ok,
seed,399,9,5103.113,36.977,201,6n,https://semilla-399.example.com/documento/399?origen=capacidad,,ok,
seed,401,5,5122.661,26.283,201,6o,https://semilla-401.example.com/documento/401?origen=capacidad,,ok,
seed,400,2,5113.070,45.284,201,6p,https://semilla-400.example.com/documento/400?origen=capacidad,,ok,
seed,402,6,5131.672,35.667,201,6q,https://semilla-402.example.com/documento/402?origen=capacidad,,ok,
seed,404,5,5149.135,27.440,201,6r,https://semilla-404.example.com/documento/404?origen=capacidad,,ok,
seed,403,9,5140.216,45.245,201,6s,https://semilla-403.example.com/documento/403?origen=capacidad,,ok,
seed,405,2,5158.528,35.674,201,6t,https://semilla-405.example.com/documento/405?origen=capacidad,,ok,
seed,350,7,4612.054,590.296,201,6u,https://semilla-350.example.com/documento/350?origen=capacidad,,ok,
seed,408,9,5185.599,25.798,201,6v,https://semilla-408.example.com/documento/408?origen=capacidad,,ok,
seed,409,2,5194.337,25.491,201,6w,https://semilla-409.example.com/documento/409?origen=capacidad,,ok,
seed,407,5,5176.709,52.574,201,6x,https://semilla-407.example.com/documento/407?origen=capacidad,,ok,
seed,410,7,5202.533,35.524,201,6y,https://semilla-410.example.com/documento/410?origen=capacidad,,ok,
seed,411,9,5211.527,35.841,201,6z,https://semilla-411.example.com/documento/411?origen=capacidad,,ok,
seed,413,5,5229.445,27.005,201,71,https://semilla-413.example.com/documento/413?origen=capacidad,,ok,
seed,414,7,5238.229,28.115,201,72,https://semilla-414.example.com/documento/414?origen=capacidad,,ok,
seed,415,9,5247.560,27.516,201,73,https://semilla-415.example.com/documento/415?origen=capacidad,,ok,
seed,406,6,5167.503,116.952,201,74,https://semilla-406.example.com/documento/406?origen=capacidad,,ok,
seed,417,7,5266.540,27.951,201,75,https://semilla-417.example.com/documento/417?origen=capacidad,,ok,
seed,418,9,5275.226,28.735,201,76,https://semilla-418.example.com/documento/418?origen=capacidad,,ok,
seed,416,5,5256.594,55.951,201,77,https://semilla-416.example.com/documento/416?origen=capacidad,,ok,
seed,420,7,5294.636,27.880,201,78,https://semilla-420.example.com/documento/420?origen=capacidad,,ok,
seed,353,1,4644.711,689.472,201,79,https://semilla-353.example.com/documento/353?origen=capacidad,,ok,
seed,421,9,5304.158,41.344,201,7A,https://semilla-421.example.com/documento/421?origen=capacidad,,ok,
seed,423,7,5322.686,33.320,201,7B,https://semilla-423.example.com/documento/423?origen=capacidad,,ok,
seed,387,4,4981.181,384.521,201,7C,https://semilla-387.example.com/documento/387?origen=capacidad,,ok,
seed,422,5,5312.676,63.090,201,7D,https://semilla-422.example.com/documento/422?origen=capacidad,,ok,
seed,426,7,5356.199,29.835,201,7E,https://semilla-426.example.com/documento/426?origen=capacidad,,ok,
seed,427,4,5365.869,29.359,201,7F,https://semilla-427.example.com/documento/427?origen=capacidad,,ok,
seed,425,9,5345.643,59.159,201,7G,https://semilla-425.example.com/documento/425?origen=capacidad,,ok,
seed,429,7,5386.184,27.551,201,7H,https://semilla-429.example.com/documento/429?origen=capacidad,,ok,
seed,428,5,5375.914,47.029,201,7J,https://semilla-428.example.com/documento/428?origen=capacidad,,ok,
seed,431,9,5405.017,26.994,201,7K,https://semilla-431.example.com/documento/431?origen=capacidad,,ok,
seed,432,7,5413.862,27.185,201,7L,https://semilla-432.example.com/documento/432?origen=capacidad,,ok,
seed,433,5,5423.110,27.517,201,7M,https://semilla-433.example.com/documento/433?origen=capacidad,,ok,
seed,390,3,5013.440,447.358,201,7N,https://semilla-390.example.com/documento/390?origen=capacidad,,ok,
seed,430,4,5395.372,74.974,201,7P,https://semilla-430.example.com/documento/430?origen=capacidad,,ok,
seed,436,5,5450.796,28.898,201,7Q,https://semilla-436.example.com/documento/436?origen=capacidad,,ok,
seed,437,3,5460.973,28.701,201,7R,https://semilla-437.example.com/documento/437?origen=capacidad,,ok,
seed,438,4,5470.513,27.738,201,7S,https://semilla-438.example.com/documento/438?origen=capacidad,,ok,
seed,439,5,5479.887,27.334,201,7T,https://semilla-439.example.com/documento/439?origen=capacidad,,ok,
seed,440,3,5489.837,26.989,201,7U,https://semilla-440.example.com/documento/440?origen=capacidad,,ok,
seed,441,4,5498.378,28.590,201,7V,https://semilla-441.example.com/documento/441?origen=capacidad,,ok,
seed,442,5,5507.374,28.417,201,7W,https://semilla-442.example.com/documento/442?origen=capacidad,,ok,
seed,435,7,5441.194,104.541,201,7X,https://semilla-435.example.com/documento/435?origen=capacidad,,ok,
seed,444,4,5527.101,28.241,201,7Y,https://semilla-444.example.com/documento/444?origen=capacidad,,ok,
seed,445,5,5535.927,28.988,201,7Z,https://semilla-445.example.com/documento/445?origen=capacidad,,ok,
seed,443,3,5516.966,56.890,201,7a,https://semilla-443.example.com/documento/443?origen=capacidad,,ok,
seed,447,4,5555.547,27.363,201,7b,https://semilla-447.example.com/documento/447?origen=capacidad,,ok,
seed,448,5,5565.098,27.796,201,7c,https://semilla-448.example.com/documento/448?origen=capacidad,,ok,
seed,449,3,5574.012,29.345,201,7d,https://semilla-449.example.com/documento/449?origen=capacidad,,ok,
seed,446,7,5545.874,67.684,201,7e,https://semilla-446.example.com/documento/446?origen=capacidad,,ok,
seed,451,5,5593.052,30.154,201,7f,https://semilla-451.example.com/documento/451?origen=capacidad,,ok,
seed,434,9,5432.170,199.892,201,7g,https://semilla-434.example.com/documento/434?origen=capacidad,,ok,
seed,453,7,5613.751,28.105,201,7h,https://semilla-453.example.com/documento/453?origen=capacidad,,ok,
seed,454,5,5623.346,29.050,201,7i,https://semilla-454.example.com/documento/454?origen=capacidad,,ok,
seed,452,3,5603.563,59.230,201,7j,https://semilla-452.example.com/documento/452?origen=capacidad,,ok,
seed,456,7,5642.034,29.750,201,7k,https://semilla-456.example.com/documento/456?origen=capacidad,,ok,
seed,457,5,5652.602,27.586,201,7m,https://semilla-457.example.com/documento/457?origen=capacidad,,ok,
seed,392,0,5034.895,654.811,201,7n,https://semilla-392.example.com/documento/392?origen=capacidad,,ok,
seed,459,7,5671.913,26.781,201,7o,https://semilla-459.example.com/documento/459?origen=capacidad,,ok,
seed,460,5,5680.343,27.814,201,7p,https://semilla-460.example.com/documento/460?origen=capacidad,,ok,
seed,458,3,5662.973,54.485,201,7q,https://semilla-458.example.com/documento/458?origen=capacidad,,ok,
seed,462,7,5698.877,27.593,201,7r,https://semilla-462.example.com/documento/462?origen=capacidad,,ok,
seed,393,8,5045.836,689.328,201,7s,https://semilla-393.example.com/documento/393?origen=capacidad,,ok,
seed,464,3,5717.581,26.558,201,7t,https://semilla-464.example.com/documento/464?origen=capacidad,,ok,
seed,465,7,5726.610,26.476,201,7u,https://semilla-465.example.com/documento/465?origen=capacidad,,ok,
seed,466,8,5735.312,27.144,201,7v,https://semilla-466.example.com/documento/466?origen=capacidad,,ok,
seed,467,3,5744.264,27.058,201,7w,https://semilla-467.example.com/documento/467?origen=capacidad,,ok,
seed,468,7,5753.225,27.469,201,7x,https://semilla-468.example.com/documento/468?origen=capacidad,,ok,
seed,463,5,5708.292,81.564,201,7y,https://semilla-463.example.com/documento/463?origen=capacidad,,ok,
seed,470,3,5771.503,27.308,201,7z,https://semilla-470.example.com/documento/470?origen=capacidad,,ok,
seed,471,7,5780.838,26.687,201,81,https://semilla-471.example.com/documento/471?origen=capacidad,,ok,
seed,469,8,5762.593,54.369,201,82,https://semilla-469.example.com/documento/469?origen=capacidad,,ok,
seed,473,3,5798.930,27.585,201,83,https://semilla-473.example.com/documento/473?origen=capacidad,,ok,
seed,472,5,5790.018,45.466,201,84,https://semilla-472.example.com/documento/472?origen=capacidad,,ok,
seed,475,8,5817.095,28.156,201,85,https://semilla-475.example.com/documento/475?origen=capacidad,,ok,
seed,476,3,5826.661,27.453,201,86,https://semilla-476.example.com/documento/476?origen=capacidad,,ok,
seed,461,0,5689.885,174.726,201,87,https://semilla-461.example.com/documento/461?origen=capacidad,,ok,
seed,478,8,5845.391,29.056,201,88,https://semilla-478.example.com/documento/478?origen=capacidad,,ok,
seed,479,3,5854.291,30.702,201,89,https://semilla-479.example.com/documento/479?origen=capacidad,,ok,
seed,477,5,5835.660,58.963,201,8A,https://semilla-477.example.com/documento/477?origen=capacidad,,ok,
seed,481,8,5874.589,29.206,201,8B,https://semilla-481.example.com/documento/481?origen=capacidad,,ok,
seed,482,3,5885.149,28.758,201,8C,https://semilla-482.example.com/documento/482?origen=capacidad,,ok,
seed,483,5,5894.777,27.820,201,8D,https://semilla-483.example.com/documento/483?origen=capacidad,,ok,
seed,480,0,5864.755,67.042,201,8E,https://semilla-480.example.com/documento/480?origen=capacidad,,ok,
seed,485,3,5914.109,26.757,201,8F,https://semilla-485.example.com/documento/485?origen=capacidad,,ok,
seed,486,5,5922.782,26.909,201,8G,https://semilla-486.example.com/documento/486?origen=capacidad,,ok,
seed,484,8,5903.943,54.424,201,8H,https://semilla-484.example.com/documento/484?origen=capacidad,,ok,
seed,487,0,5931.953,37.766,201,8J,https://semilla-487.example.com/documento/487?origen=capacidad,,ok,
seed,488,3,5941.067,38.667,201,8K,https://semilla-488.example.com/documento/488?origen=capacidad,,ok,
seed,489,5,5949.815,39.076,201,8L,https://semilla-489.example.com/documento/489?origen=capacidad,,ok,
seed,491,0,5969.857,28.115,201,8M,https://semilla-491.example.com/documento/491?origen=capacidad,,ok,
seed,490,8,5958.548,49.073,201,8N,https://semilla-490.example.com/documento/490?origen=capacidad,,ok,
seed,493,5,5989.042,27.639,201,8P,https://semilla-493.example.com/documento/493?origen=capacidad,,ok,
seed,492,3,5979.918,46.173,201,8Q,https://semilla-492.example.com/documento/492?origen=capacidad,,ok,
seed,494,0,5998.165,36.694,201,8R,https://semilla-494.example.com/documento/494?origen=capacidad,,ok,
seed,496,5,6016.893,26.979,201,8S,https://semilla-496.example.com/documento/496?origen=capacidad,,ok,
seed,497,3,6026.244,27.184,201,8T,https://semilla-497.example.com/documento/497?origen=capacidad,,ok,
seed,495,8,6007.769,55.203,201,8U,https://semilla-495.example.com/documento/495?origen=capacidad,,ok,
seed,499,5,6044.072,31.398,201,8V,https://semilla-499.example.com/documento/499?origen=capacidad,,ok,
seed,500,3,6053.566,31.289,201,8W,https://semilla-500.example.com/documento/500?origen=capacidad,,ok,
seed,501,8,6063.142,31.837,201,8X,https://semilla-501.example.com/documento/501?origen=capacidad,,ok,
seed,502,5,6075.649,28.608,201,8Y,https://semilla-502.example.com/documento/502?origen=capacidad,,ok,
seed,474,7,5807.641,306.463,201,8Z,https://semilla-474.example.com/documento/474?origen=capacidad,,ok,
seed,504,8,6095.151,27.072,201,8a,https://semilla-504.example.com/documento/504?origen=capacidad,,ok,
seed,505,5,6104.391,26.536,201,8b,https://semilla-505.example.com/documento/505?origen=capacidad,,ok,
seed,498,0,6035.000,104.979,201,8c,https://semilla-498.example.com/documento/498?origen=capacidad,,ok,
seed,507,8,6122.379,28.659,201,8d,https://semilla-507.example.com/documento/507?origen=capacidad,,ok,
seed,508,5,6131.060,34.060,201,8e,https://semilla-508.example.com/documento/508?origen=capacidad,,ok,
seed,509,0,6140.161,36.479,201,8f,https://semilla-509.example.com/documento/509?origen=capacidad,,ok,
seed,506,7,6114.263,72.275,201,8g,https://semilla-506.example.com/documento/506?origen=capacidad,,ok,
seed,511,5,6165.276,32.260,201,8h,https://semilla-511.example.com/documento/511?origen=capacidad,,ok,
seed,512,0,6176.836,30.817,201,8i,https://semilla-512.example.com/documento/512?origen=capacidad,,ok,
seed,513,7,6186.753,30.519,201,8j,https://semilla-513.example.com/documento/513?origen=capacidad,,ok,
seed,503,3,6085.056,140.935,201,8k,https://semilla-503.example.com/documento/503?origen=capacidad,,ok,
seed,514,5,6197.809,36.911,201,8m,https://semilla-514.example.com/documento/514?origen=capacidad,,ok,
seed,516,7,6217.409,26.753,201,8n,https://semilla-516.example.com/documento/516?origen=capacidad,,ok,
seed,517,3,6226.129,30.024,201,8o,https://semilla-517.example.com/documento/517?origen=capacidad,,ok,
seed,412,2,5219.966,1053.856,201,8p,https://semilla-412.example.com/documento/412?origen=capacidad,,ok,
seed,518,5,6234.854,51.251,201,8q,https://semilla-518.example.com/documento/518?origen=capacidad,,ok,
seed,419,6,5284.626,1010.099,201,8r,https://semilla-419.example.com/documento/419?origen=capacidad,,ok,
seed,450,4,5583.110,720.325,201,8s,https://semilla-450.example.com/documento/450?origen=capacidad,,ok,
seed,424,1,5334.318,978.579,201,8t,https://semilla-424.example.com/documento/424?origen=capacidad,,ok,
seed,523,6,6294.907,28.213,201,8u,https://semilla-523.example.com/documento/523?origen=capacidad,,ok,
seed,455,9,5632.246,700.237,201,8v,https://semilla-455.example.com/documento/455?origen=capacidad,,ok,
seed,522,5,6286.312,54.819,201,8w,https://semilla-522.example.com/documento/522?origen=capacidad,,ok,
seed,526,6,6323.306,26.433,201,8x,https://semilla-526.example.com/documento/526?origen=capacidad,,ok,
seed,527,9,6332.662,26.051,201,8y,https://semilla-527.example.com/documento/527?origen=capacidad,,ok,
seed,528,5,6341.302,26.410,201,8z,https://semilla-528.example.com/documento/528?origen=capacidad,,ok,
seed,510,8,6151.258,225.455,201,91,https://semilla-510.example.com/documento/510?origen=capacidad,,ok,
seed,529,6,6349.868,36.464,201,92,https://semilla-529.example.com/documento/529?origen=capacidad,,ok,
seed,515,0,6207.831,187.081,201,93,https://semilla-515.example.com/documento/515?origen=capacidad,,ok,
seed,519,7,6244.370,159.281,201,94,https://semilla-519.example.com/documento/519?origen=capacidad,,ok,
seed,520,3,6256.669,157.023,201,95,https://semilla-520.example.com/documento/520?origen=capacidad,,ok,
seed,533,6,6386.503,36.744,201,96,https://semilla-533.example.com/documento/533?origen=capacidad,,ok,
seed,534,0,6395.054,37.823,201,97,https://semilla-534.example.com/documento/534?origen=capacidad,,ok,
seed,521,2,6274.019,167.767,201,98,https://semilla-521.example.com/documento/521?origen=capacidad,,ok,
seed,524,4,6303.574,146.712,201,99,https://semilla-524.example.com/documento/524?origen=capacidad,,ok,
seed,538,0,6433.040,26.514,201,9A,https://semilla-538.example.com/documento/538?origen=capacidad,,ok,
seed,539,2,6441.911,26.442,201,9B,https://semilla-539.example.com/documento/539?origen=capacidad,,ok,
seed,537,6,6423.427,53.961,201,9C,https://semilla-537.example.com/documento/537?origen=capacidad,,ok,
seed,540,4,6450.453,37.281,201,9D,https://semilla-540.example.com/documento/540?origen=capacidad,,ok,
seed,541,0,6459.710,36.571,201,9E,https://semilla-541.example.com/documento/541?origen=capacidad,,ok,
seed,542,2,6468.479,38.377,201,9F,https://semilla-542.example.com/documento/542?origen=capacidad,,ok,
seed,544,4,6487.904,30.910,201,9G,https://semilla-544.example.com/documento/544?origen=capacidad,,ok,
seed,525,1,6313.067,214.866,201,9H,https://semilla-525.example.com/documento/525?origen=capacidad,,ok,
seed,530,9,6358.836,178.461,201,9J,https://semilla-530.example.com/documento/530?origen=capacidad,,ok,
seed,547,4,6518.978,27.609,201,9K,https://semilla-547.example.com/documento/547?origen=capacidad,,ok,
seed,531,5,6367.887,188.423,201,9L,https://semilla-531.example.com/documento/531?origen=capacidad,,ok,
seed,549,9,6537.452,27.982,201,9M,https://semilla-549.example.com/documento/549?origen=capacidad,,ok,
seed,532,8,6376.837,197.908,201,9N,https://semilla-532.example.com/documento/532?origen=capacidad,,ok,
seed,551,5,6556.484,27.130,201,9P,https://semilla-551.example.com/documento/551?origen=capacidad,,ok,
seed,552,9,6565.560,26.745,201,9Q,https://semilla-552.example.com/documento/552?origen=capacidad,,ok,
seed,535,7,6403.794,197.596,201,9R,https://semilla-535.example.com/documento/535?origen=capacidad,,ok,
seed,554,5,6583.734,25.845,201,9S,https://semilla-554.example.com/documento/554?origen=capacidad,,ok,
seed,536,3,6413.817,207.594,201,9T,https://semilla-536.example.com/documento/536?origen=capacidad,,ok,
seed,556,7,6601.527,29.164,201,9U,https://semilla-556.example.com/documento/556?origen=capacidad,,ok,
seed,553,8,6574.899,65.044,201,9V,https://semilla-553.example.com/documento/553?origen=capacidad,,ok,
seed,557,5,6609.733,39.407,201,9W,https://semilla-557.example.com/documento/557?origen=capacidad,,ok,
seed,543,6,6477.572,180.569,201,9X,https://semilla-543.example.com/documento/543?origen=capacidad,,ok,
seed,560,8,6640.060,26.645,201,9Y,https://semilla-560.example.com/documento/560?origen=capacidad,,ok,
seed,561,5,6649.252,25.855,201,9Z,https://semilla-561.example.com/documento/561?origen=capacidad,,ok,
seed,562,6,6658.255,26.271,201,9a,https://semilla-562.example.com/documento/562?origen=capacidad,,ok,
seed,559,7,6630.823,62.856,201,9b,https://semilla-559.example.com/documento/559?origen=capacidad,,ok,
seed,564,5,6675.229,27.083,201,9c,https://semilla-564.example.com/documento/564?origen=capacidad,,ok,
seed,545,0,6496.403,214.732,201,9d,https://semilla-545.example.com/documento/545?origen=capacidad,,ok,
seed,566,7,6693.829,27.522,201,9e,https://semilla-566.example.com/documento/566?origen=capacidad,,ok,
seed,546,2,6506.978,223.288,201,9f,https://semilla-546.example.com/documento/546?origen=capacidad,,ok,
seed,567,5,6702.469,35.845,201,9g,https://semilla-567.example.com/documento/567?origen=capacidad,,ok,
seed,565,6,6684.655,62.448,201,9h,https://semilla-565.example.com/documento/565?origen=capacidad,,ok,
seed,548,1,6528.062,227.102,201,9i,https://semilla-548.example.com/documento/548?origen=capacidad,,ok,
seed,550,4,6546.719,217.414,201,9j,https://semilla-550.example.com/documento/550?origen=capacidad,,ok,
seed,570,2,6730.381,43.289,201,9k,https://semilla-570.example.com/documento/570?origen=capacidad,,ok,
seed,573,1,6755.315,27.737,201,9m,https://semilla-573.example.com/documento/573?origen=capacidad,,ok,
seed,572,6,6747.219,44.488,201,9n,https://semilla-572.example.com/documento/572?origen=capacidad,,ok,
seed,575,2,6773.799,26.491,201,9o,https://semilla-575.example.com/documento/575?origen=capacidad,,ok,
seed,576,1,6783.178,26.462,201,9p,https://semilla-576.example.com/documento/576?origen=capacidad,,ok,
seed,577,6,6791.825,27.458,201,9q,https://semilla-577.example.com/documento/577?origen=capacidad,,ok,
seed,555,9,6592.453,235.478,201,9r,https://semilla-555.example.com/documento/555?origen=capacidad,,ok,
seed,558,3,6621.555,214.205,201,9s,https://semilla-558.example.com/documento/558?origen=capacidad,,ok,
seed,580,6,6819.404,25.101,201,9t,https://semilla-580.example.com/documento/580?origen=capacidad,,ok,
seed,581,9,6828.041,24.328,201,9u,https://semilla-581.example.com/documento/581?origen=capacidad,,ok,
seed,563,8,6666.814,194.006,201,9v,https://semilla-563.example.com/documento/563?origen=capacidad,,ok,
seed,583,6,6844.624,25.218,201,9w,https://semilla-583.example.com/documento/583?origen=capacidad,,ok,
seed,568,0,6711.260,168.229,201,9x,https://semilla-568.example.com/documento/568?origen=capacidad,,ok,
seed,584,9,6852.496,36.070,201,9y,https://semilla-584.example.com/documento/584?origen=capacidad,,ok,
seed,569,7,6721.492,176.401,201,9z,https://semilla-569.example.com/documento/569?origen=capacidad,,ok,
seed,587,0,6879.633,28.340,201,A1,https://semilla-587.example.com/documento/587?origen=capacidad,,ok,
seed,586,6,6869.999,49.312,201,A2,https://semilla-586.example.com/documento/586?origen=capacidad,,ok,
seed,588,9,6888.686,39.533,201,A3,https://semilla-588.example.com/documento/588?origen=capacidad,,ok,
seed,590,0,6908.108,29.106,201,A4,https://semilla-590.example.com/documento/590?origen=capacidad,,ok,
seed,571,5,6738.438,207.853,201,A5,https://semilla-571.example.com/documento/571?origen=capacidad,,ok,
seed,574,4,6764.267,191.975,201,A6,https://semilla-574.example.com/documento/574?origen=capacidad,,ok,
seed,591,6,6919.453,45.841,201,A7,https://semilla-591.example.com/documento/591?origen=capacidad,,ok,
seed,578,2,6800.445,173.731,201,A8,https://semilla-578.example.com/documento/578?origen=capacidad,,ok,
seed,579,1,6809.760,173.446,201,A9,https://semilla-579.example.com/documento/579?origen=capacidad,,ok,
seed,596,6,6965.444,26.669,201,AA,https://semilla-596.example.com/documento/596?origen=capacidad,,ok,
seed,597,2,6974.335,27.242,201,AB,https://semilla-597.example.com/documento/597?origen=capacidad,,ok,
seed,582,3,6835.916,175.290,201,AC,https://semilla-582.example.com/documento/582?origen=capacidad,,ok,
seed,599,6,6992.240,28.849,201,AD,https://semilla-599.example.com/documento/599?origen=capacidad,,ok,
seed,600,2,7001.754,27.685,201,AE,https://semilla-600.example.com/documento/600?origen=capacidad,,ok,
seed,598,1,6983.337,54.277,201,AF,https://semilla-598.example.com/documento/598?origen=capacidad,,ok,
seed,602,6,7021.218,25.781,201,AG,https://semilla-602.example.com/documento/602?origen=capacidad,,ok,
seed,603,2,7029.556,26.626,201,AH,https://semilla-603.example.com/documento/603?origen=capacidad,,ok,
seed,601,3,7011.324,53.450,201,AJ,https://semilla-601.example.com/documento/601?origen=capacidad,,ok,
seed,585,8,6860.984,212.346,201,AK,https://semilla-585.example.com/documento/585?origen=capacidad,,ok,
seed,589,7,6898.022,184.272,201,AL,https://semilla-589.example.com/documento/589?origen=capacidad,,ok,
seed,607,3,7064.907,27.331,201,AM,https://semilla-607.example.com/documento/607?origen=capacidad,,ok,
seed,606,2,7056.342,44.780,201,AN,https://semilla-606.example.com/documento/606?origen=capacidad,,ok,
seed,592,9,6928.349,183.032,201,AP,https://semilla-592.example.com/documento/592?origen=capacidad,,ok,
seed,609,7,7082.474,37.512,201,AQ,https://semilla-609.example.com/documento/609?origen=capacidad,,ok,
seed,610,3,7092.377,38.600,201,AR,https://semilla-610.example.com/documento/610?origen=capacidad,,ok,
seed,612,9,7111.521,28.125,201,AS,https://semilla-612.example.com/documento/612?origen=capacidad,,ok,
seed,593,0,6937.344,211.123,201,AT,https://semilla-593.example.com/documento/593?origen=capacidad,,ok,
seed,613,7,7120.106,36.787,201,AU,https://semilla-613.example.com/documento/613?origen=capacidad,,ok,
seed,615,9,7139.798,25.662,201,AV,https://semilla-615.example.com/documento/615?origen=capacidad,,ok,
seed,616,0,7148.588,25.690,201,AW,https://semilla-616.example.com/documento/616?origen=capacidad,,ok,
seed,617,7,7157.011,26.508,201,AX,https://semilla-617.example.com/documento/617?origen=capacidad,,ok,
seed,594,5,6946.476,246.124,201,AY,https://semilla-594.example.com/documento/594?origen=capacidad,,ok,
seed,614,3,7131.114,70.268,201,AZ,https://semilla-614.example.com/documento/614?origen=capacidad,,ok,
seed,620,7,7183.638,26.818,201,Aa,https://semilla-620.example.com/documento/620?origen=capacidad,,ok,
seed,595,4,6956.372,262.900,201,Ab,https://semilla-595.example.com/documento/595?origen=capacidad,,ok,
seed,604,1,7037.736,191.854,201,Ac,https://semilla-604.example.com/documento/604?origen=capacidad,,ok,
seed,623,7,7210.613,28.082,201,Ad,https://semilla-623.example.com/documento/623?origen=capacidad,,ok,
seed,605,6,7047.135,201.012,201,Ae,https://semilla-605.example.com/documento/605?origen=capacidad,,ok,
seed,625,1,7229.715,28.039,201,Af,https://semilla-625.example.com/documento/625?origen=capacidad,,ok,
seed,626,7,7238.815,27.956,201,Ag,https://semilla-626.example.com/documento/626?origen=capacidad,,ok,
seed,608,8,7073.482,202.258,201,Ah,https://semilla-608.example.com/documento/608?origen=capacidad,,ok,
seed,628,1,7257.926,26.877,201,Ai,https://semilla-628.example.com/documento/628?origen=capacidad,,ok,
seed,629,7,7266.892,26.772,201,Aj,https://semilla-629.example.com/documento/629?origen=capacidad,,ok,
seed,630,8,7275.870,26.542,201,Ak,https://semilla-630.example.com/documento/630?origen=capacidad,,ok,
seed,611,2,7101.343,210.467,201,Am,https://semilla-611.example.com/documento/611?origen=capacidad,,ok,
seed,618,9,7165.566,156.428,201,An,https://semilla-618.example.com/documento/618?origen=capacidad,,ok,
seed,633,8,7302.583,32.385,201,Ao,https://semilla-633.example.com/documento/633?origen=capacidad,,ok,
seed,631,1,7284.944,59.743,201,Ap,https://semilla-631.example.com/documento/631?origen=capacidad,,ok,
seed,635,9,7322.599,35.396,201,Aq,https://semilla-635.example.com/documento/635?origen=capacidad,,ok,
seed,636,8,7335.158,34.758,201,Ar,https://semilla-636.example.com/documento/636?origen=capacidad,,ok,
seed,632,7,7293.843,87.798,201,As,https://semilla-632.example.com/documento/632?origen=capacidad,,ok,
seed,619,0,7174.443,220.173,201,At,https://semilla-619.example.com/documento/619?origen=capacidad,,ok,
seed,639,8,7370.049,33.828,201,Au,https://semilla-639.example.com/documento/639?origen=capacidad,,ok,
seed,621,5,7192.714,220.175,201,Av,https://semilla-621.example.com/documento/621?origen=capacidad,,ok,
seed,622,3,7201.520,220.629,201,Aw,https://semilla-622.example.com/documento/622?origen=capacidad,,ok,
seed,642,8,7404.050,27.795,201,Ax,https://semilla-642.example.com/documento/642?origen=capacidad,,ok,
seed,643,5,7413.081,27.817,201,Ay,https://semilla-643.example.com/documento/643?origen=capacidad,,ok,
seed,641,0,7394.873,58.775,201,Az,https://semilla-641.example.com/documento/641?origen=capacidad,,ok,
seed,645,8,7432.039,33.029,201,B1,https://semilla-645.example.com/documento/645?origen=capacidad,,ok,
seed,624,4,7219.408,258.192,201,B2,https://semilla-624.example.com/documento/624?origen=capacidad,,ok,
seed,647,0,7453.805,33.389,201,B3,https://semilla-647.example.com/documento/647?origen=capacidad,,ok,
seed,627,6,7248.282,247.702,201,B4,https://semilla-627.example.com/documento/627?origen=capacidad,,ok,
seed,634,2,7311.960,192.846,201,B5,https://semilla-634.example.com/documento/634?origen=capacidad,,ok,
seed,650,0,7487.366,25.794,201,B6,https://semilla-650.example.com/documento/650?origen=capacidad,,ok,
seed,649,4,7477.770,43.594,201,B7,https://semilla-649.example.com/documento/649?origen=capacidad,,ok,
seed,652,2,7504.929,25.317,201,B8,https://semilla-652.example.com/documento/652?origen=capacidad,,ok,
seed,637,1,7344.856,193.806,201,B9,https://semilla-637.example.com/documento/637?origen=capacidad,,ok,
seed,638,9,7358.173,189.133,201,BA,https://semilla-638.example.com/documento/638?origen=capacidad,,ok,
seed,640,7,7381.825,175.096,201,BB,https://semilla-640.example.com/documento/640?origen=capacidad,,ok,
seed,644,3,7422.324,142.810,201,BC,https://semilla-644.example.com/documento/644?origen=capacidad,,ok,
seed,646,5,7441.067,133.005,201,BD,https://semilla-646.example.com/documento/646?origen=capacidad,,ok,
seed,658,7,7557.041,26.256,201,BE,https://semilla-658.example.com/documento/658?origen=capacidad,,ok,
seed,648,8,7465.280,126.877,201,BF,https://semilla-648.example.com/documento/648?origen=capacidad,,ok,
seed,651,6,7496.128,105.074,201,BG,https://semilla-651.example.com/documento/651?origen=capacidad,,ok,
seed,653,0,7513.279,96.781,201,BH,https://semilla-653.example.com/documento/653?origen=capacidad,,ok,
seed,654,4,7521.498,97.207,201,BJ,https://semilla-654.example.com/documento/654?origen=capacidad,,ok,
seed,655,2,7530.402,96.998,201,BK,https://semilla-655.example.com/documento/655?origen=capacidad,,ok,
seed,656,1,7538.831,97.159,201,BL,https://semilla-656.example.com/documento/656?origen=capacidad,,ok,
seed,657,9,7547.448,96.875,201,BM,https://semilla-657.example.com/documento/657?origen=capacidad,,ok,
seed,666,2,7627.537,24.617,201,BN,https://semilla-666.example.com/documento/666?origen=capacidad,,ok,
seed,659,3,7565.256,95.270,201,BP,https://semilla-659.example.com/documento/659?origen=capacidad,,ok,
seed,668,9,7644.442,24.624,201,BQ,https://semilla-668.example.com/documento/668?origen=capacidad,,ok,
seed,660,5,7574.222,103.714,201,BR,https://semilla-660.example.com/documento/660?origen=capacidad,,ok,
seed,661,7,7583.446,103.355,201,BS,https://semilla-661.example.com/documento/661?origen=capacidad,,ok,
seed,662,8,7592.316,103.059,201,BT,https://semilla-662.example.com/documento/662?origen=capacidad,,ok,
seed,663,6,7601.322,102.655,201,BU,https://semilla-663.example.com/documento/663?origen=capacidad,,ok,
seed,664,0,7610.190,102.139,201,BV,https://semilla-664.example.com/documento/664?origen=capacidad,,ok,
seed,665,4,7618.830,101.883,201,BW,https://semilla-665.example.com/documento/665?origen=capacidad,,ok,
seed,674,8,7695.516,33.781,201,BX,https://semilla-674.example.com/documento/674?origen=capacidad,,ok,
seed,667,1,7636.116,102.082,201,BY,https://semilla-667.example.com/documento/667?origen=capacidad,,ok,
seed,669,2,7652.289,94.949,201,BZ,https://semilla-669.example.com/documento/669?origen=capacidad,,ok,
seed,670,3,7660.635,96.468,201,Ba,https://semilla-670.example.com/documento/670?origen=capacidad,,ok,
seed,671,9,7669.220,97.487,201,Bb,https://semilla-671.example.com/documento/671?origen=capacidad,,ok,
seed,672,5,7678.053,97.665,201,Bc,https://semilla-672.example.com/documento/672?origen=capacidad,,ok,
seed,673,7,7686.948,98.299,201,Bd,https://semilla-673.example.com/documento/673?origen=capacidad,,ok,
seed,675,6,7704.112,90.284,201,Be,https://semilla-675.example.com/documento/675?origen=capacidad,,ok,
seed,676,0,7712.461,90.821,201,Bf,https://semilla-676.example.com/documento/676?origen=capacidad,,ok,
seed,677,4,7720.823,91.707,201,Bg,https://semilla-677.example.com/documento/677?origen=capacidad,,ok,
seed,678,8,7729.445,92.147,201,Bh,https://semilla-678.example.com/documento/678?origen=capacidad,,ok,
seed,685,6,7794.523,35.889,201,Bi,https://semilla-685.example.com/documento/685?origen=capacidad,,ok,
seed,679,1,7738.345,100.229,201,Bj,https://semilla-679.example.com/documento/679?origen=capacidad,,ok,
seed,680,2,7747.353,99.435,201,Bk,https://semilla-680.example.com/documento/680?origen=capacidad,,ok,
seed,689,6,7830.547,26.425,201,Bm,https://semilla-689.example.com/documento/689?origen=capacidad,,ok,
seed,681,3,7757.265,108.960,201,Bn,https://semilla-681.example.com/documento/681?origen=capacidad,,ok,
seed,682,9,7766.830,107.569,201,Bo,https://semilla-682.example.com/documento/682?origen=capacidad,,ok,
seed,683,5,7775.835,108.777,201,Bp,https://semilla-683.example.com/documento/683?origen=capacidad,,ok,
seed,684,7,7785.406,107.808,201,Bq,https://semilla-684.example.com/documento/684?origen=capacidad,,ok,
seed,686,0,7803.464,98.716,201,Br,https://semilla-686.example.com/documento/686?origen=capacidad,,ok,
seed,687,4,7812.657,97.289,201,Bs,https://semilla-687.example.com/documento/687?origen=capacidad,,ok,
seed,688,8,7821.723,96.314,201,Bt,https://semilla-688.example.com/documento/688?origen=capacidad,,ok,
seed,697,0,7902.296,23.817,201,Bu,https://semilla-697.example.com/documento/697?origen=capacidad,,ok,
seed,690,1,7838.688,95.551,201,Bv,https://semilla-690.example.com/documento/690?origen=capacidad,,ok,
seed,699,8,7918.136,24.504,201,Bw,https://semilla-699.example.com/documento/699?origen=capacidad,,ok,
seed,700,0,7926.229,25.209,201,Bx,https://semilla-700.example.com/documento/700?origen=capacidad,,ok,
seed,701,1,7934.378,28.826,201,By,https://semilla-701.example.com/documento/701?origen=capacidad,,ok,
seed,691,2,7846.904,125.490,201,Bz,https://semilla-691.example.com/documento/691?origen=capacidad,,ok,
seed,692,6,7857.107,123.620,201,C1,https://semilla-692.example.com/documento/692?origen=capacidad,,ok,
seed,693,3,7866.348,123.067,201,C2,https://semilla-693.example.com/documento/693?origen=capacidad,,ok,
seed,694,9,7874.522,123.088,201,C3,https://semilla-694.example.com/documento/694?origen=capacidad,,ok,
seed,705,2,7972.517,34.080,201,C4,https://semilla-705.example.com/documento/705?origen=capacidad,,ok,
seed,695,5,7884.749,131.374,201,C5,https://semilla-695.example.com/documento/695?origen=capacidad,,ok,
seed,696,7,7893.340,131.401,201,C6,https://semilla-696.example.com/documento/696?origen=capacidad,,ok,
seed,698,4,7910.053,123.996,201,C7,https://semilla-698.example.com/documento/698?origen=capacidad,,ok,
seed,702,8,7942.765,99.675,201,C8,https://semilla-702.example.com/documento/702?origen=capacidad,,ok,
seed,703,0,7951.596,100.750,201,C9,https://semilla-703.example.com/documento/703?origen=capacidad,,ok,
seed,704,1,7963.321,98.617,201,CA,https://semilla-704.example.com/documento/704?origen=capacidad,,ok,
seed,706,6,7980.875,89.387,201,CB,https://semilla-706.example.com/documento/706?origen=capacidad,,ok,
seed,707,3,7989.554,89.603,201,CC,https://semilla-707.example.com/documento/707?origen=capacidad,,ok,
seed,715,1,8062.057,26.224,201,CD,https://semilla-715.example.com/documento/715?origen=capacidad,,ok,
seed,708,9,7997.745,99.707,201,CE,https://semilla-708.example.com/documento/708?origen=capacidad,,ok,
seed,709,2,8006.727,99.286,201,CF,https://semilla-709.example.com/documento/709?origen=capacidad,,ok,
seed,710,5,8016.281,98.626,201,CG,https://semilla-710.example.com/documento/710?origen=capacidad,,ok,
seed,711,7,8024.851,99.452,201,CH,https://semilla-711.example.com/documento/711?origen=capacidad,,ok,
seed,712,4,8034.177,98.458,201,CJ,https://semilla-712.example.com/documento/712?origen=capacidad,,ok,
seed,713,8,8042.576,99.229,201,CK,https://semilla-713.example.com/documento/713?origen=capacidad,,ok,
seed,714,0,8052.514,97.645,201,CL,https://semilla-714.example.com/documento/714?origen=capacidad,,ok,
seed,716,6,8070.439,88.494,201,CM,https://semilla-716.example.com/documento/716?origen=capacidad,,ok,
seed,717,3,8079.272,88.142,201,CN,https://semilla-717.example.com/documento/717?origen=capacidad,,ok,
seed,718,1,8088.462,87.192,201,CP,https://semilla-718.example.com/documento/718?origen=capacidad,,ok,
seed,719,9,8097.564,86.185,201,CQ,https://semilla-719.example.com/documento/719?origen=capacidad,,ok,
seed,720,2,8106.163,85.837,201,CR,https://semilla-720.example.com/documento/720?origen=capacidad,,ok,
seed,721,5,8115.073,84.833,201,CS,https://semilla-721.example.com/documento/721?origen=capacidad,,ok,
seed,722,7,8124.436,84.093,201,CT,https://semilla-722.example.com/documento/722?origen=capacidad,,ok,
seed,723,4,8132.761,85.246,201,CU,https://semilla-723.example.com/documento/723?origen=capacidad,,ok,
seed,724,8,8141.945,85.305,201,CV,https://semilla-724.example.com/documento/724?origen=capacidad,,ok,
seed,725,0,8150.275,86.985,201,CW,https://semilla-725.example.com/documento/725?origen=capacidad,,ok,
seed,726,6,8159.077,87.170,201,CX,https://semilla-726.example.com/documento/726?origen=capacidad,,ok,
seed,733,4,8218.181,39.424,201,CY,https://semilla-733.example.com/documento/733?origen=capacidad,,ok,
seed,727,3,8167.548,99.319,201,CZ,https://semilla-727.example.com/documento/727?origen=capacidad,,ok,
seed,728,1,8175.772,100.373,201,Ca,https://semilla-728.example.com/documento/728?origen=capacidad,,ok,
seed,729,9,8183.872,101.993,201,Cb,https://semilla-729.example.com/documento/729?origen=capacidad,,ok,
seed,738,3,8267.056,27.722,201,Cc,https://semilla-738.example.com/documento/738?origen=capacidad,,ok,
seed,730,2,8192.146,112.927,201,Cd,https://semilla-730.example.com/documento/730?origen=capacidad,,ok,
seed,740,9,8285.997,27.830,201,Ce,https://semilla-740.example.com/documento/740?origen=capacidad,,ok,
seed,731,5,8200.028,123.271,201,Cf,https://semilla-731.example.com/documento/731?origen=capacidad,,ok,
seed,732,7,8208.677,124.333,201,Cg,https://semilla-732.example.com/documento/732?origen=capacidad,,ok,
seed,734,8,8227.414,114.972,201,Ch,https://semilla-734.example.com/documento/734?origen=capacidad,,ok,
seed,743,9,8313.991,37.444,201,Ci,https://semilla-743.example.com/documento/743?origen=capacidad,,ok,
seed,744,5,8323.480,38.009,201,Cj,https://semilla-744.example.com/documento/744?origen=capacidad,,ok,
seed,745,7,8333.168,37.359,201,Ck,https://semilla-745.example.com/documento/745?origen=capacidad,,ok,
seed,735,0,8237.415,142.047,201,Cm,https://semilla-735.example.com/documento/735?origen=capacidad,,ok,
seed,736,6,8246.362,142.273,201,Cn,https://semilla-736.example.com/documento/736?origen=capacidad,,ok,
seed,737,4,8257.769,140.596,201,Co,https://semilla-737.example.com/documento/737?origen=capacidad,,ok,
seed,739,1,8276.291,132.592,201,Cp,https://semilla-739.example.com/documento/739?origen=capacidad,,ok,
seed,741,3,8294.934,122.455,201,Cq,https://semilla-741.example.com/documento/741?origen=capacidad,,ok,
seed,742,2,8305.210,120.479,201,Cr,https://semilla-742.example.com/documento/742?origen=capacidad,,ok,
seed,746,8,8342.540,92.533,201,Cs,https://semilla-746.example.com/documento/746?origen=capacidad,,ok,
seed,754,3,8417.541,25.936,201,Ct,https://semilla-754.example.com/documento/754?origen=capacidad,,ok,
seed,747,9,8351.572,100.918,201,Cu,https://semilla-747.example.com/documento/747?origen=capacidad,,ok,
seed,748,5,8361.611,100.072,201,Cv,https://semilla-748.example.com/documento/748?origen=capacidad,,ok,
seed,749,7,8370.648,102.734,201,Cw,https://semilla-749.example.com/documento/749?origen=capacidad,,ok,
seed,750,0,8379.585,102.703,201,Cx,https://semilla-750.example.com/documento/750?origen=capacidad,,ok,
seed,751,6,8388.769,102.737,201,Cy,https://semilla-751.example.com/documento/751?origen=capacidad,,ok,
seed,752,4,8398.559,101.594,201,Cz,https://semilla-752.example.com/documento/752?origen=capacidad,,ok,
seed,753,1,8409.014,100.203,201,D1,https://semilla-753.example.com/documento/753?origen=capacidad,,ok,
seed,762,6,8491.664,26.662,201,D2,https://semilla-762.example.com/documento/762?origen=capacidad,,ok,
seed,755,2,8425.842,102.046,201,D3,https://semilla-755.example.com/documento/755?origen=capacidad,,ok,
seed,764,1,8509.369,27.613,201,D4,https://semilla-764.example.com/documento/764?origen=capacidad,,ok,
seed,756,8,8435.198,113.068,201,D5,https://semilla-756.example.com/documento/756?origen=capacidad,,ok,
seed,765,6,8518.516,43.322,201,D6,https://semilla-765.example.com/documento/765?origen=capacidad,,ok,
seed,766,2,8528.010,42.995,201,D7,https://semilla-766.example.com/documento/766?origen=capacidad,,ok,
seed,767,1,8537.104,43.882,201,D8,https://semilla-767.example.com/documento/767?origen=capacidad,,ok,
seed,769,6,8562.005,33.390,201,D9,https://semilla-769.example.com/documento/769?origen=capacidad,,ok,
seed,757,3,8443.604,161.323,201,DA,https://semilla-757.example.com/documento/757?origen=capacidad,,ok,
seed,770,2,8571.129,43.749,201,DB,https://semilla-770.example.com/documento/770?origen=capacidad,,ok,
seed,771,1,8581.109,45.456,201,DC,https://semilla-771.example.com/documento/771?origen=capacidad,,ok,
seed,773,3,8605.052,32.908,201,DD,https://semilla-773.example.com/documento/773?origen=capacidad,,ok,
seed,758,9,8452.628,204.997,201,DE,https://semilla-758.example.com/documento/758?origen=capacidad,,ok,
seed,759,5,8461.816,207.458,201,DF,https://semilla-759.example.com/documento/759?origen=capacidad,,ok,
seed,760,7,8473.529,207.349,201,DG,https://semilla-760.example.com/documento/760?origen=capacidad,,ok,
seed,777,9,8657.792,32.046,201,DH,https://semilla-777.example.com/documento/777?origen=capacidad,,ok,
seed,761,0,8482.453,215.706,201,DJ,https://semilla-761.example.com/documento/761?origen=capacidad,,ok,
seed,763,4,8500.301,209.507,201,DK,https://semilla-763.example.com/documento/763?origen=capacidad,,ok,
seed,768,8,8548.441,170.152,201,DL,https://semilla-768.example.com/documento/768?origen=capacidad,,ok,
seed,772,6,8595.603,132.669,201,DM,https://semilla-772.example.com/documento/772?origen=capacidad,,ok,
seed,782,4,8709.935,27.678,201,DN,https://semilla-782.example.com/documento/782?origen=capacidad,,ok,
seed,774,2,8615.026,131.120,201,DP,https://semilla-774.example.com/documento/774?origen=capacidad,,ok,
seed,775,1,8626.765,129.244,201,DQ,https://semilla-775.example.com/documento/775?origen=capacidad,,ok,
seed,785,4,8737.769,28.068,201,DR,https://semilla-785.example.com/documento/785?origen=capacidad,,ok,
seed,776,3,8638.201,139.473,201,DS,https://semilla-776.example.com/documento/776?origen=capacidad,,ok,
seed,778,5,8669.462,118.504,201,DT,https://semilla-778.example.com/documento/778?origen=capacidad,,ok,
seed,779,7,8680.999,115.893,201,DU,https://semilla-779.example.com/documento/779?origen=capacidad,,ok,
seed,780,9,8689.965,115.863,201,DV,https://semilla-780.example.com/documento/780?origen=capacidad,,ok,
seed,781,0,8698.285,115.876,201,DW,https://semilla-781.example.com/documento/781?origen=capacidad,,ok,
seed,783,8,8718.792,108.923,201,DX,https://semilla-783.example.com/documento/783?origen=capacidad,,ok,
seed,792,9,8805.959,30.442,201,DY,https://semilla-792.example.com/documento/792?origen=capacidad,,ok,
seed,784,6,8728.408,118.087,201,DZ,https://semilla-784.example.com/documento/784?origen=capacidad,,ok,
seed,786,2,8746.282,109.192,201,Da,https://semilla-786.example.com/documento/786?origen=capacidad,,ok,
seed,787,1,8756.151,107.502,201,Db,https://semilla-787.example.com/documento/787?origen=capacidad,,ok,
seed,788,4,8766.006,105.997,201,Dc,https://semilla-788.example.com/documento/788?origen=capacidad,,ok,
seed,789,3,8777.835,102.023,201,Dd,https://semilla-789.example.com/documento/789?origen=capacidad,,ok,
seed,790,5,8788.095,103.386,201,De,https://semilla-790.example.com/documento/790?origen=capacidad,,ok,
seed,799,4,8872.151,28.456,201,Df,https://semilla-799.example.com/documento/799?origen=capacidad,,ok,
seed,791,7,8797.024,112.466,201,Dg,https://semilla-791.example.com/documento/791?origen=capacidad,,ok,
seed,793,0,8814.295,102.910,201,Dh,https://semilla-793.example.com/documento/793?origen=capacidad,,ok,
seed,794,8,8827.837,97.961,201,Di,https://semilla-794.example.com/documento/794?origen=capacidad,,ok,
seed,803,7,8909.586,26.231,201,Dj,https://semilla-803.example.com/documento/803?origen=capacidad,,ok,
seed,804,0,8917.381,26.766,201,Dk,https://semilla-804.example.com/documento/804?origen=capacidad,,ok,
seed,795,9,8836.573,115.902,201,Dm,https://semilla-795.example.com/documento/795?origen=capacidad,,ok,
seed,806,7,8936.008,24.479,201,Dn,https://semilla-806.example.com/documento/806?origen=capacidad,,ok,
seed,796,6,8846.621,121.949,201,Do,https://semilla-796.example.com/documento/796?origen=capacidad,,ok,
seed,797,2,8855.603,122.445,201,Dp,https://semilla-797.example.com/documento/797?origen=capacidad,,ok,
seed,798,1,8863.768,124.275,201,Dq,https://semilla-798.example.com/documento/798?origen=capacidad,,ok,
seed,810,6,8968.732,28.114,201,Dr,https://semilla-810.example.com/documento/810?origen=capacidad,,ok,
seed,800,3,8879.988,124.937,201,Ds,https://semilla-800.example.com/documento/800?origen=capacidad,,ok,
seed,801,5,8891.657,121.513,201,Dt,https://semilla-801.example.com/documento/801?origen=capacidad,,ok,
seed,813,6,8996.969,24.850,201,Du,https://semilla-813.example.com/documento/813?origen=capacidad,,ok,
seed,814,3,9005.062,24.825,201,Dv,https://semilla-814.example.com/documento/814?origen=capacidad,,ok,
seed,802,4,8900.715,137.511,201,Dw,https://semilla-802.example.com/documento/802?origen=capacidad,,ok,
seed,816,6,9021.997,24.663,201,Dx,https://semilla-816.example.com/documento/816?origen=capacidad,,ok,
seed,817,3,9030.011,25.442,201,Dy,https://semilla-817.example.com/documento/817?origen=capacidad,,ok,
seed,818,4,9038.368,25.159,201,Dz,https://semilla-818.example.com/documento/818?origen=capacidad,,ok,
seed,805,8,8925.977,146.342,201,E1,https://semilla-805.example.com/documento/805?origen=capacidad,,ok,
seed,820,3,9055.612,27.513,201,E2,https://semilla-820.example.com/documento/820?origen=capacidad,,ok,
seed,807,0,8944.276,147.437,201,E3,https://semilla-807.example.com/documento/807?origen=capacidad,,ok,
seed,808,9,8952.599,147.926,201,E4,https://semilla-808.example.com/documento/808?origen=capacidad,,ok,
seed,823,3,9083.264,25.534,201,E5,https://semilla-823.example.com/documento/823?origen=capacidad,,ok,
seed,809,7,8960.619,156.416,201,E6,https://semilla-809.example.com/documento/809?origen=capacidad,,ok,
seed,811,2,8978.235,147.825,201,E7,https://semilla-811.example.com/documento/811?origen=capacidad,,ok,
seed,812,1,8988.197,146.209,201,E8,https://semilla-812.example.com/documento/812?origen=capacidad,,ok,
seed,815,5,9013.295,128.631,201,E9,https://semilla-815.example.com/documento/815?origen=capacidad,,ok,
seed,819,6,9046.781,103.182,201,EA,https://semilla-819.example.com/documento/819?origen=capacidad,,ok,
seed,829,1,9134.543,23.911,201,EB,https://semilla-829.example.com/documento/829?origen=capacidad,,ok,
seed,821,4,9063.661,103.056,201,EC,https://semilla-821.example.com/documento/821?origen=capacidad,,ok,
seed,831,6,9150.102,28.099,201,ED,https://semilla-831.example.com/documento/831?origen=capacidad,,ok,
seed,822,8,9072.505,114.003,201,EE,https://semilla-822.example.com/documento/822?origen=capacidad,,ok,
seed,832,1,9158.585,35.792,201,EF,https://semilla-832.example.com/documento/832?origen=capacidad,,ok,
seed,833,4,9166.808,36.565,201,EG,https://semilla-833.example.com/documento/833?origen=capacidad,,ok,
seed,824,0,9091.857,120.113,201,EH,https://semilla-824.example.com/documento/824?origen=capacidad,,ok,
seed,825,9,9100.648,119.035,201,EJ,https://semilla-825.example.com/documento/825?origen=capacidad,,ok,
seed,826,3,9108.933,118.464,201,EK,https://semilla-826.example.com/documento/826?origen=capacidad,,ok,
seed,838,0,9212.106,22.596,201,EL,https://semilla-838.example.com/documento/838?origen=capacidad,,ok,
seed,827,7,9117.160,125.451,201,EM,https://semilla-827.example.com/documento/827?origen=capacidad,,ok,
seed,840,3,9227.537,23.449,201,EN,https://semilla-840.example.com/documento/840?origen=capacidad,,ok,
seed,828,2,9126.192,133.022,201,EP,https://semilla-828.example.com/documento/828?origen=capacidad,,ok,
seed,830,5,9142.050,126.283,201,EQ,https://semilla-830.example.com/documento/830?origen=capacidad,,ok,
seed,834,6,9178.377,98.082,201,ER,https://semilla-834.example.com/documento/834?origen=capacidad,,ok,
seed,844,2,9259.382,24.930,201,ES,https://semilla-844.example.com/documento/844?origen=capacidad,,ok,
seed,835,8,9186.631,106.247,201,ET,https://semilla-835.example.com/documento/835?origen=capacidad,,ok,
seed,836,1,9194.513,106.628,201,EU,https://semilla-836.example.com/documento/836?origen=capacidad,,ok,
seed,837,4,9203.533,106.746,201,EV,https://semilla-837.example.com/documento/837?origen=capacidad,,ok,
seed,839,9,9219.804,99.173,201,EW,https://semilla-839.example.com/documento/839?origen=capacidad,,ok,
seed,841,0,9234.825,92.774,201,EX,https://semilla-841.example.com/documento/841?origen=capacidad,,ok,
seed,842,7,9242.744,94.328,201,EY,https://semilla-842.example.com/documento/842?origen=capacidad,,ok,
seed,843,3,9251.126,94.287,201,EZ,https://semilla-843.example.com/documento/843?origen=capacidad,,ok,
seed,845,5,9268.478,85.456,201,Ea,https://semilla-845.example.com/documento/845?origen=capacidad,,ok,
seed,846,6,9276.584,87.809,201,Eb,https://semilla-846.example.com/documento/846?origen=capacidad,,ok,
seed,854,3,9345.609,27.742,201,Ec,https://semilla-854.example.com/documento/854?origen=capacidad,,ok,
seed,847,2,9284.468,99.033,201,Ed,https://semilla-847.example.com/documento/847?origen=capacidad,,ok,
seed,855,5,9354.117,40.298,201,Ee,https://semilla-855.example.com/documento/855?origen=capacidad,,ok,
seed,848,8,9293.013,108.110,201,Ef,https://semilla-848.example.com/documento/848?origen=capacidad,,ok,
seed,858,2,9383.663,26.622,201,Eg,https://semilla-858.example.com/documento/858?origen=capacidad,,ok,
seed,859,5,9394.568,24.217,201,Eh,https://semilla-859.example.com/documento/859?origen=capacidad,,ok,
seed,849,1,9301.268,127.386,201,Ei,https://semilla-849.example.com/documento/849?origen=capacidad,,ok,
seed,850,4,9310.449,127.036,201,Ej,https://semilla-850.example.com/documento/850?origen=capacidad,,ok,
seed,851,9,9319.147,126.372,201,Ek,https://semilla-851.example.com/documento/851?origen=capacidad,,ok,
seed,862,5,9418.863,35.219,201,Em,https://semilla-862.example.com/documento/862?origen=capacidad,,ok,
seed,852,0,9327.737,135.176,201,En,https://semilla-852.example.com/documento/852?origen=capacidad,,ok,
seed,853,7,9337.231,136.017,201,Eo,https://semilla-853.example.com/documento/853?origen=capacidad,,ok,
seed,856,6,9364.591,116.789,201,Ep,https://semilla-856.example.com/documento/856?origen=capacidad,,ok,
seed,857,3,9373.519,116.783,201,Eq,https://semilla-857.example.com/documento/857?origen=capacidad,,ok,
seed,868,7,9473.379,24.999,201,Er,https://semilla-868.example.com/documento/868?origen=capacidad,,ok,
seed,860,8,9401.295,104.574,201,Es,https://semilla-860.example.com/documento/860?origen=capacidad,,ok,
seed,870,3,9490.393,23.605,201,Et,https://semilla-870.example.com/documento/870?origen=capacidad,,ok,
seed,861,2,9410.437,111.636,201,Eu,https://semilla-861.example.com/documento/861?origen=capacidad,,ok,
seed,871,7,9498.630,32.198,201,Ev,https://semilla-871.example.com/documento/871?origen=capacidad,,ok,
seed,872,8,9505.987,33.019,201,Ew,https://semilla-872.example.com/documento/872?origen=capacidad,,ok,
seed,863,1,9428.796,118.474,201,Ex,https://semilla-863.example.com/documento/863?origen=capacidad,,ok,
seed,864,4,9437.612,117.844,201,Ey,https://semilla-864.example.com/documento/864?origen=capacidad,,ok,
seed,876,8,9539.177,27.163,201,Ez,https://semilla-876.example.com/documento/876?origen=capacidad,,ok,
seed,865,9,9445.637,129.700,201,F1,https://semilla-865.example.com/documento/865?origen=capacidad,,ok,
seed,866,5,9454.239,129.677,201,F2,https://semilla-866.example.com/documento/866?origen=capacidad,,ok,
seed,867,0,9463.039,129.168,201,F3,https://semilla-867.example.com/documento/867?origen=capacidad,,ok,
seed,869,6,9481.562,119.899,201,F4,https://semilla-869.example.com/documento/869?origen=capacidad,,ok,
seed,873,3,9514.154,96.317,201,F5,https://semilla-873.example.com/documento/873?origen=capacidad,,ok,
seed,874,2,9522.235,96.339,201,F6,https://semilla-874.example.com/documento/874?origen=capacidad,,ok,
seed,875,7,9530.950,96.597,201,F7,https://semilla-875.example.com/documento/875?origen=capacidad,,ok,
seed,877,1,9547.401,88.882,201,F8,https://semilla-877.example.com/documento/877?origen=capacidad,,ok,
seed,878,4,9555.595,88.555,201,F9,https://semilla-878.example.com/documento/878?origen=capacidad,,ok,
seed,885,2,9618.762,33.574,201,FA,https://semilla-885.example.com/documento/885?origen=capacidad,,ok,
seed,887,1,9636.432,25.773,201,FB,https://semilla-887.example.com/documento/887?origen=capacidad,,ok,
seed,886,7,9627.685,42.717,201,FC,https://semilla-886.example.com/documento/886?origen=capacidad,,ok,
seed,879,8,9566.525,111.913,201,FD,https://semilla-879.example.com/documento/879?origen=capacidad,,ok,
seed,890,1,9662.363,24.031,201,FE,https://semilla-890.example.com/documento/890?origen=capacidad,,ok,
seed,888,4,9644.314,51.349,201,FF,https://semilla-888.example.com/documento/888?origen=capacidad,,ok,
seed,880,9,9575.554,129.050,201,FG,https://semilla-880.example.com/documento/880?origen=capacidad,,ok,
seed,881,5,9584.035,130.094,201,FH,https://semilla-881.example.com/documento/881?origen=capacidad,,ok,
seed,882,0,9592.333,130.028,201,FJ,https://semilla-882.example.com/documento/882?origen=capacidad,,ok,
seed,883,6,9601.641,128.657,201,FK,https://semilla-883.example.com/documento/883?origen=capacidad,,ok,
seed,896,5,9714.259,24.132,201,FL,https://semilla-896.example.com/documento/896?origen=capacidad,,ok,
seed,884,3,9610.606,136.336,201,FM,https://semilla-884.example.com/documento/884?origen=capacidad,,ok,
seed,889,2,9652.522,104.663,201,FN,https://semilla-889.example.com/documento/889?origen=capacidad,,ok,
seed,891,7,9670.551,95.468,201,FP,https://semilla-891.example.com/documento/891?origen=capacidad,,ok,
seed,892,8,9678.564,95.393,201,FQ,https://semilla-892.example.com/documento/892?origen=capacidad,,ok,
seed,893,1,9686.555,95.078,201,FR,https://semilla-893.example.com/documento/893?origen=capacidad,,ok,
seed,894,4,9695.806,96.337,201,FS,https://semilla-894.example.com/documento/894?origen=capacidad,,ok,
seed,903,8,9774.081,27.689,201,FT,https://semilla-903.example.com/documento/903?origen=capacidad,,ok,
seed,895,9,9704.730,105.720,201,FU,https://semilla-895.example.com/documento/895?origen=capacidad,,ok,
seed,897,0,9722.506,96.023,201,FV,https://semilla-897.example.com/documento/897?origen=capacidad,,ok,
seed,898,6,9730.433,95.487,201,FW,https://semilla-898.example.com/documento/898?origen=capacidad,,ok,
seed,899,5,9738.570,96.315,201,FX,https://semilla-899.example.com/documento/899?origen=capacidad,,ok,
seed,908,0,9818.647,25.274,201,FY,https://semilla-908.example.com/documento/908?origen=capacidad,,ok,
seed,909,6,9825.985,27.801,201,FZ,https://semilla-909.example.com/documento/909?origen=capacidad,,ok,
seed,910,5,9835.020,27.022,201,Fa,https://semilla-910.example.com/documento/910?origen=capacidad,,ok,
seed,900,3,9747.076,123.015,201,Fb,https://semilla-900.example.com/documento/900?origen=capacidad,,ok,
seed,901,2,9757.376,121.680,201,Fc,https://semilla-901.example.com/documento/901?origen=capacidad,,ok,
seed,902,7,9766.142,122.325,201,Fd,https://semilla-902.example.com/documento/902?origen=capacidad,,ok,
seed,904,1,9781.802,114.505,201,Fe,https://semilla-904.example.com/documento/904?origen=capacidad,,ok,
seed,905,4,9792.278,111.667,201,Ff,https://semilla-905.example.com/documento/905?origen=capacidad,,ok,
seed,906,8,9801.916,109.601,201,Fg,https://semilla-906.example.com/documento/906?origen=capacidad,,ok,
seed,907,9,9810.583,109.293,201,Fh,https://semilla-907.example.com/documento/907?origen=capacidad,,ok,
seed,911,0,9844.058,84.314,201,Fi,https://semilla-911.example.com/documento/911?origen=capacidad,,ok,
seed,912,6,9853.909,82.194,201,Fj,https://semilla-912.example.com/documento/912?origen=capacidad,,ok,
seed,913,5,9862.173,82.546,201,Fk,https://semilla-913.example.com/documento/913?origen=capacidad,,ok,
seed,914,3,9870.262,82.312,201,Fm,https://semilla-914.example.com/documento/914?origen=capacidad,,ok,
seed,922,6,9936.224,24.577,201,Fn,https://semilla-922.example.com/documento/922?origen=capacidad,,ok,
seed,915,2,9879.199,89.861,201,Fo,https://semilla-915.example.com/documento/915?origen=capacidad,,ok,
seed,916,7,9888.631,88.432,201,Fp,https://semilla-916.example.com/documento/916?origen=capacidad,,ok,
seed,917,1,9896.443,89.567,201,Fq,https://semilla-917.example.com/documento/917?origen=capacidad,,ok,
seed,926,2,9969.197,25.140,201,Fr,https://semilla-926.example.com/documento/926?origen=capacidad,,ok,
seed,925,6,9960.937,41.635,201,Fs,https://semilla-925.example.com/documento/925?origen=capacidad,,ok,
seed,918,4,9904.069,106.560,201,Ft,https://semilla-918.example.com/documento/918?origen=capacidad,,ok,
seed,919,8,9911.649,106.673,201,Fu,https://semilla-919.example.com/documento/919?origen=capacidad,,ok,
seed,920,9,9920.003,106.453,201,Fv,https://semilla-920.example.com/documento/920?origen=capacidad,,ok,
seed,921,0,9928.582,108.470,201,Fw,https://semilla-921.example.com/documento/921?origen=capacidad,,ok,
seed,923,5,9944.833,100.909,201,Fx,https://semilla-923.example.com/documento/923?origen=capacidad,,ok,
seed,924,3,9952.734,101.831,201,Fy,https://semilla-924.example.com/documento/924?origen=capacidad,,ok,
seed,927,7,9977.195,85.322,201,Fz,https://semilla-927.example.com/documento/927?origen=capacidad,,ok,
seed,928,1,9986.140,84.070,201,G1,https://semilla-928.example.com/documento/928?origen=capacidad,,ok,
seed,936,3,10054.707,23.706,201,G2,https://semilla-936.example.com/documento/936?origen=capacidad,,ok,
seed,935,5,10045.879,40.435,201,G3,https://semilla-935.example.com/documento/935?origen=capacidad,,ok,
seed,929,2,9994.510,99.419,201,G4,https://semilla-929.example.com/documento/929?origen=capacidad,,ok,
seed,930,6,10002.691,99.466,201,G5,https://semilla-930.example.com/documento/930?origen=capacidad,,ok,
seed,931,4,10010.756,100.057,201,G6,https://semilla-931.example.com/documento/931?origen=capacidad,,ok,
seed,932,8,10018.462,100.766,201,G7,https://semilla-932.example.com/documento/932?origen=capacidad,,ok,
seed,933,9,10026.588,100.233,201,G8,https://semilla-933.example.com/documento/933?origen=capacidad,,ok,
seed,942,6,10102.282,34.518,201,G9,https://semilla-942.example.com/documento/942?origen=capacidad,,ok,
seed,934,0,10037.183,108.420,201,GA,https://semilla-934.example.com/documento/934?origen=capacidad,,ok,
seed,937,7,10062.642,90.410,201,GB,https://semilla-937.example.com/documento/937?origen=capacidad,,ok,
seed,938,1,10070.349,90.577,201,GC,https://semilla-938.example.com/documento/938?origen=capacidad,,ok,
seed,947,0,10145.735,22.881,201,GD,https://semilla-947.example.com/documento/947?origen=capacidad,,ok,
seed,939,3,10078.551,97.398,201,GE,https://semilla-939.example.com/documento/939?origen=capacidad,,ok,
seed,940,5,10086.447,97.202,201,GF,https://semilla-940.example.com/documento/940?origen=capacidad,,ok,
seed,950,0,10168.738,22.955,201,GG,https://semilla-950.example.com/documento/950?origen=capacidad,,ok,
seed,941,2,10094.057,105.318,201,GH,https://semilla-941.example.com/documento/941?origen=capacidad,,ok,
seed,943,4,10110.942,96.388,201,GJ,https://semilla-943.example.com/documento/943?origen=capacidad,,ok,
seed,953,0,10191.823,23.966,201,GK,https://semilla-953.example.com/documento/953?origen=capacidad,,ok,
seed,944,8,10119.346,104.972,201,GL,https://semilla-944.example.com/documento/944?origen=capacidad,,ok,
seed,945,9,10126.967,105.363,201,GM,https://semilla-945.example.com/documento/945?origen=capacidad,,ok,
seed,956,0,10215.927,24.661,201,GN,https://semilla-956.example.com/documento/956?origen=capacidad,,ok,
seed,946,6,10136.915,111.194,201,GP,https://semilla-946.example.com/documento/946?origen=capacidad,,ok,
seed,958,9,10232.490,23.473,201,GQ,https://semilla-958.example.com/documento/958?origen=capacidad,,ok,
seed,959,0,10240.713,23.442,201,GR,https://semilla-959.example.com/documento/959?origen=capacidad,,ok,
seed,960,6,10248.224,23.455,201,GS,https://semilla-960.example.com/documento/960?origen=capacidad,,ok,
seed,955,4,10207.490,72.419,201,GT,https://semilla-955.example.com/documento/955?origen=capacidad,,ok,
seed,962,0,10264.282,24.432,201,GU,https://semilla-962.example.com/documento/962?origen=capacidad,,ok,
seed,948,7,10153.166,144.863,201,GV,https://semilla-948.example.com/documento/948?origen=capacidad,,ok,
seed,949,1,10161.074,145.448,201,GW,https://semilla-949.example.com/documento/949?origen=capacidad,,ok,
seed,964,4,10280.091,36.748,201,GX,https://semilla-964.example.com/documento/964?origen=capacidad,,ok,
seed,951,3,10176.059,150.141,201,GY,https://semilla-951.example.com/documento/951?origen=capacidad,,ok,
seed,952,5,10183.761,152.389,201,GZ,https://semilla-952.example.com/documento/952?origen=capacidad,,ok,
seed,968,4,10316.976,27.392,201,Ga,https://semilla-968.example.com/documento/968?origen=capacidad,,ok,
seed,954,2,10199.506,152.991,201,Gb,https://semilla-954.example.com/documento/954?origen=capacidad,,ok,
seed,970,5,10336.317,24.776,201,Gc,https://semilla-970.example.com/documento/970?origen=capacidad,,ok,
seed,971,4,10344.542,24.825,201,Gd,https://semilla-971.example.com/documento/971?origen=capacidad,,ok,
seed,957,8,10224.479,154.624,201,Ge,https://semilla-957.example.com/documento/957?origen=capacidad,,ok,
seed,961,9,10256.084,131.280,201,Gf,https://semilla-961.example.com/documento/961?origen=capacidad,,ok,
seed,963,6,10271.833,123.846,201,Gg,https://semilla-963.example.com/documento/963?origen=capacidad,,ok,
seed,965,0,10288.848,116.714,201,Gh,https://semilla-965.example.com/documento/965?origen=capacidad,,ok,
seed,966,7,10298.157,116.377,201,Gi,https://semilla-966.example.com/documento/966?origen=capacidad,,ok,
seed,967,1,10306.674,115.696,201,Gj,https://semilla-967.example.com/documento/967?origen=capacidad,,ok,
seed,969,3,10326.322,104.231,201,Gk,https://semilla-969.example.com/documento/969?origen=capacidad,,ok,
seed,979,7,10414.668,23.287,201,Gm,https://semilla-979.example.com/documento/979?origen=capacidad,,ok,
seed,972,2,10352.626,93.692,201,Gn,https://semilla-972.example.com/documento/972?origen=capacidad,,ok,
seed,981,3,10430.677,22.774,201,Go,https://semilla-981.example.com/documento/981?origen=capacidad,,ok,
seed,973,5,10361.220,101.636,201,Gp,https://semilla-973.example.com/documento/973?origen=capacidad,,ok,
seed,983,2,10446.453,23.986,201,Gq,https://semilla-983.example.com/documento/983?origen=capacidad,,ok,
seed,974,4,10369.533,108.964,201,Gr,https://semilla-974.example.com/documento/974?origen=capacidad,,ok,
seed,975,8,10379.240,107.111,201,Gs,https://semilla-975.example.com/documento/975?origen=capacidad,,ok,
seed,986,2,10470.599,23.444,201,Gt,https://semilla-986.example.com/documento/986?origen=capacidad,,ok,
seed,976,9,10387.524,117.056,201,Gu,https://semilla-976.example.com/documento/976?origen=capacidad,,ok,
seed,977,6,10395.839,116.505,201,Gv,https://semilla-977.example.com/documento/977?origen=capacidad,,ok,
seed,978,0,10405.691,114.209,201,Gw,https://semilla-978.example.com/documento/978?origen=capacidad,,ok,
seed,980,1,10422.512,105.198,201,Gx,https://semilla-980.example.com/documento/980?origen=capacidad,,ok,
seed,982,7,10438.118,97.900,201,Gy,https://semilla-982.example.com/documento/982?origen=capacidad,,ok,
seed,991,6,10512.498,31.338,201,Gz,https://semilla-991.example.com/documento/991?origen=capacidad,,ok,
seed,984,3,10453.564,98.891,201,H1,https://semilla-984.example.com/documento/984?origen=capacidad,,ok,
seed,985,5,10462.983,97.817,201,H2,https://semilla-985.example.com/documento/985?origen=capacidad,,ok,
seed,987,4,10478.635,91.563,201,H3,https://semilla-987.example.com/documento/987?origen=capacidad,,ok,
seed,996,3,10552.593,25.526,201,H4,https://semilla-996.example.com/documento/996?origen=capacidad,,ok,
seed,988,8,10486.493,99.301,201,H5,https://semilla-988.example.com/documento/988?origen=capacidad,,ok,
seed,989,2,10494.158,102.090,201,H6,https://semilla-989.example.com/documento/989?origen=capacidad,,ok,
seed,990,9,10504.700,99.818,201,H7,https://semilla-990.example.com/documento/990?origen=capacidad,,ok,
seed,992,0,10520.005,92.178,201,H8,https://semilla-992.example.com/documento/992?origen=capacidad,,ok,
seed,993,1,10527.816,92.282,201,H9,https://semilla-993.example.com/documento/993?origen=capacidad,,ok,
seed,994,7,10536.136,92.089,201,HA,https://semilla-994.example.com/documento/994?origen=capacidad,,ok,
seed,995,6,10543.946,91.613,201,HB,https://semilla-995.example.com/documento/995?origen=capacidad,,ok,
seed,997,5,10560.934,83.758,201,HC,https://semilla-997.example.com/documento/997?origen=capacidad,,ok,
seed,998,4,10570.318,82.132,201,HD,https://semilla-998.example.com/documento/998?origen=capacidad,,ok,
seed,999,3,10578.240,81.782,201,HE,https://semilla-999.example.com/documento/999?origen=capacidad,,ok,
warmup,9,9,11293.299,18.882,201,HF,https://warmup-9.example.com/r/9,,ok,
warmup,4,4,11293.065,28.140,201,HG,https://warmup-4.example.com/r/4,,ok,
warmup,2,2,11292.968,38.169,201,HH,https://warmup-2.example.com/r/2,,ok,
warmup,5,5,11293.106,47.787,201,HJ,https://warmup-5.example.com/r/5,,ok,
warmup,8,8,11293.223,55.899,201,HK,https://warmup-8.example.com/r/8,,ok,
warmup,3,3,11293.013,63.733,201,HL,https://warmup-3.example.com/r/3,,ok,
warmup,13,5,11341.010,24.552,201,HM,https://warmup-13.example.com/r/13,,ok,
warmup,14,8,11349.285,25.017,201,HN,https://warmup-14.example.com/r/14,,ok,
warmup,15,3,11356.919,26.374,201,HP,https://warmup-15.example.com/r/15,,ok,
warmup,7,7,11293.182,98.086,201,HQ,https://warmup-7.example.com/r/7,,ok,
warmup,6,6,11293.145,108.977,201,HR,https://warmup-6.example.com/r/6,,ok,
warmup,18,3,11383.483,31.450,201,HS,https://warmup-18.example.com/r/18,,ok,
warmup,16,5,11365.762,58.446,201,HT,https://warmup-16.example.com/r/16,,ok,
warmup,1,1,11292.903,140.466,201,HU,https://warmup-1.example.com/r/1,,ok,
warmup,0,0,11292.682,149.870,201,HV,https://warmup-0.example.com/r/0,,ok,
warmup,10,9,11312.303,139.858,201,HW,https://warmup-10.example.com/r/10,,ok,
warmup,11,4,11321.374,141.181,201,HX,https://warmup-11.example.com/r/11,,ok,
warmup,12,2,11331.281,140.467,201,HY,https://warmup-12.example.com/r/12,,ok,
warmup,17,8,11374.471,106.216,201,HZ,https://warmup-17.example.com/r/17,,ok,
warmup,19,7,11391.415,102.092,201,Ha,https://warmup-19.example.com/r/19,,ok,
warmup,26,4,11462.734,40.728,201,Hb,https://warmup-26.example.com/r/26,,ok,
warmup,20,6,11402.300,112.372,201,Hc,https://warmup-20.example.com/r/20,,ok,
warmup,21,3,11415.058,111.159,201,Hd,https://warmup-21.example.com/r/21,,ok,
warmup,22,5,11424.333,112.171,201,He,https://warmup-22.example.com/r/22,,ok,
warmup,23,1,11433.521,114.416,201,Hf,https://warmup-23.example.com/r/23,,ok,
warmup,24,0,11442.663,115.854,201,Hg,https://warmup-24.example.com/r/24,,ok,
warmup,32,3,11526.386,40.464,201,Hh,https://warmup-32.example.com/r/32,,ok,
warmup,34,1,11548.345,27.907,201,Hi,https://warmup-34.example.com/r/34,,ok,
warmup,35,0,11558.679,27.078,201,Hj,https://warmup-35.example.com/r/35,,ok,
warmup,25,9,11452.291,142.327,201,Hk,https://warmup-25.example.com/r/25,,ok,
warmup,27,2,11471.916,131.583,201,Hm,https://warmup-27.example.com/r/27,,ok,
warmup,28,8,11480.820,130.970,201,Hn,https://warmup-28.example.com/r/28,,ok,
warmup,29,7,11493.678,127.544,201,Ho,https://warmup-29.example.com/r/29,,ok,
warmup,30,4,11503.628,129.995,201,Hp,https://warmup-30.example.com/r/30,,ok,
warmup,31,6,11514.841,126.749,201,Hq,https://warmup-31.example.com/r/31,,ok,
warmup,33,5,11536.668,113.190,201,Hr,https://warmup-33.example.com/r/33,,ok,
warmup,36,3,11566.980,90.982,201,Hs,https://warmup-36.example.com/r/36,,ok,
warmup,44,6,11641.661,23.672,201,Ht,https://warmup-44.example.com/r/44,,ok,
warmup,37,1,11576.379,96.937,201,Hu,https://warmup-37.example.com/r/37,,ok,
warmup,38,0,11585.873,95.127,201,Hv,https://warmup-38.example.com/r/38,,ok,
warmup,39,9,11594.720,93.987,201,Hw,https://warmup-39.example.com/r/39,,ok,
warmup,40,2,11603.620,92.541,201,Hx,https://warmup-40.example.com/r/40,,ok,
warmup,41,8,11611.951,92.128,201,Hy,https://warmup-41.example.com/r/41,,ok,
warmup,42,7,11621.341,90.598,201,Hz,https://warmup-42.example.com/r/42,,ok,
warmup,43,4,11633.743,87.931,201,J1,https://warmup-43.example.com/r/43,,ok,
warmup,45,5,11650.017,79.955,201,J2,https://warmup-45.example.com/r/45,,ok,
warmup,46,3,11658.068,80.637,201,J3,https://warmup-46.example.com/r/46,,ok,
warmup,47,6,11665.490,82.060,201,J4,https://warmup-47.example.com/r/47,,ok,
warmup,48,1,11673.489,81.622,201,J5,https://warmup-48.example.com/r/48,,ok,
warmup,49,0,11681.115,81.877,201,J6,https://warmup-49.example.com/r/49,,ok,
warmup,50,9,11688.838,82.146,201,J7,https://warmup-50.example.com/r/50,,ok,
warmup,51,2,11696.281,82.768,201,J8,https://warmup-51.example.com/r/51,,ok,
warmup,52,8,11704.193,83.095,201,J9,https://warmup-52.example.com/r/52,,ok,
warmup,53,7,11712.063,83.030,201,JA,https://warmup-53.example.com/r/53,,ok,
warmup,60,9,11771.092,31.865,201,JB,https://warmup-60.example.com/r/60,,ok,
warmup,54,4,11721.833,89.616,201,JC,https://warmup-54.example.com/r/54,,ok,
warmup,55,5,11730.094,90.966,201,JD,https://warmup-55.example.com/r/55,,ok,
warmup,64,9,11803.022,25.628,201,JE,https://warmup-64.example.com/r/64,,ok,
warmup,56,3,11738.827,97.852,201,JF,https://warmup-56.example.com/r/56,,ok,
warmup,57,6,11747.666,97.085,201,JG,https://warmup-57.example.com/r/57,,ok,
warmup,58,1,11755.208,97.786,201,JH,https://warmup-58.example.com/r/58,,ok,
warmup,59,0,11763.108,97.532,201,JJ,https://warmup-59.example.com/r/59,,ok,
warmup,61,2,11779.165,88.785,201,JK,https://warmup-61.example.com/r/61,,ok,
warmup,70,1,11853.151,22.179,201,JL,https://warmup-70.example.com/r/70,,ok,
warmup,62,8,11787.401,95.657,201,JM,https://warmup-62.example.com/r/62,,ok,
warmup,63,7,11795.219,95.571,201,JN,https://warmup-63.example.com/r/63,,ok,
warmup,65,4,11811.567,86.794,201,JP,https://warmup-65.example.com/r/65,,ok,
warmup,66,5,11821.180,85.974,201,JQ,https://warmup-66.example.com/r/66,,ok,
warmup,67,9,11828.765,87.009,201,JR,https://warmup-67.example.com/r/67,,ok,
warmup,68,3,11836.783,86.348,201,JS,https://warmup-68.example.com/r/68,,ok,
warmup,69,6,11844.897,86.049,201,JT,https://warmup-69.example.com/r/69,,ok,
warmup,78,9,11915.910,22.728,201,JU,https://warmup-78.example.com/r/78,,ok,
warmup,71,0,11860.752,85.594,201,JV,https://warmup-71.example.com/r/71,,ok,
warmup,72,2,11868.053,85.988,201,JW,https://warmup-72.example.com/r/72,,ok,
warmup,81,9,11938.748,22.885,201,JX,https://warmup-81.example.com/r/81,,ok,
warmup,73,1,11875.460,93.950,201,JY,https://warmup-73.example.com/r/73,,ok,
warmup,74,8,11883.174,94.239,201,JZ,https://warmup-74.example.com/r/74,,ok,
warmup,75,7,11890.895,94.308,201,Ja,https://warmup-75.example.com/r/75,,ok,
warmup,76,4,11898.525,96.328,201,Jb,https://warmup-76.example.com/r/76,,ok,
warmup,77,5,11907.275,96.948,201,Jc,https://warmup-77.example.com/r/77,,ok,
warmup,79,3,11923.266,88.753,201,Jd,https://warmup-79.example.com/r/79,,ok,
warmup,80,6,11931.055,88.567,201,Je,https://warmup-80.example.com/r/80,,ok,
warmup,82,0,11946.471,80.960,201,Jf,https://warmup-82.example.com/r/82,,ok,
warmup,83,2,11954.137,81.714,201,Jg,https://warmup-83.example.com/r/83,,ok,
warmup,84,9,11961.781,82.166,201,Jh,https://warmup-84.example.com/r/84,,ok,
warmup,85,1,11969.537,81.709,201,Ji,https://warmup-85.example.com/r/85,,ok,
warmup,86,8,11977.564,81.694,201,Jj,https://warmup-86.example.com/r/86,,ok,
warmup,87,7,11985.308,81.721,201,Jk,https://warmup-87.example.com/r/87,,ok,
warmup,88,4,11994.971,80.016,201,Jm,https://warmup-88.example.com/r/88,,ok,
warmup,89,5,12004.343,80.109,201,Jn,https://warmup-89.example.com/r/89,,ok,
warmup,90,3,12012.126,79.658,201,Jo,https://warmup-90.example.com/r/90,,ok,
warmup,91,6,12019.755,80.205,201,Jp,https://warmup-91.example.com/r/91,,ok,
warmup,96,8,12059.404,47.970,201,Jq,https://warmup-96.example.com/r/96,,ok,
warmup,99,5,12084.571,30.059,201,Jr,https://warmup-99.example.com/r/99,,ok,
warmup,92,0,12027.557,94.596,201,Js,https://warmup-92.example.com/r/92,,ok,
warmup,102,8,12107.505,22.403,201,Jt,https://warmup-102.example.com/r/102,,ok,
warmup,101,6,12100.075,37.425,201,Ju,https://warmup-101.example.com/r/101,,ok,
warmup,93,2,12036.008,109.756,201,Jv,https://warmup-93.example.com/r/93,,ok,
warmup,104,0,12122.291,30.736,201,Jw,https://warmup-104.example.com/r/104,,ok,
warmup,94,9,12044.056,117.245,201,Jx,https://warmup-94.example.com/r/94,,ok,
warmup,95,1,12051.334,118.664,201,Jy,https://warmup-95.example.com/r/95,,ok,
warmup,97,7,12067.140,110.885,201,Jz,https://warmup-97.example.com/r/97,,ok,
warmup,107,2,12145.865,40.245,201,K1,https://warmup-107.example.com/r/107,,ok,
warmup,98,4,12075.131,118.798,201,K2,https://warmup-98.example.com/r/98,,ok,
warmup,100,3,12091.944,109.528,201,K3,https://warmup-100.example.com/r/100,,ok,
warmup,103,5,12114.729,94.342,201,K4,https://warmup-103.example.com/r/103,,ok,
warmup,105,8,12130.018,87.788,201,K5,https://warmup-105.example.com/r/105,,ok,
warmup,106,6,12137.617,88.512,201,K6,https://warmup-106.example.com/r/106,,ok,
warmup,108,0,12153.132,81.056,201,K7,https://warmup-108.example.com/r/108,,ok,
warmup,109,9,12161.409,81.268,201,K8,https://warmup-109.example.com/r/109,,ok,
warmup,110,1,12170.124,80.339,201,K9,https://warmup-110.example.com/r/110,,ok,
warmup,111,7,12178.141,80.461,201,KA,https://warmup-111.example.com/r/111,,ok,
warmup,112,2,12186.227,81.605,201,KB,https://warmup-112.example.com/r/112,,ok,
warmup,113,4,12194.034,81.938,201,KC,https://warmup-113.example.com/r/113,,ok,
warmup,114,3,12201.580,82.333,201,KD,https://warmup-114.example.com/r/114,,ok,
warmup,115,5,12209.190,82.272,201,KE,https://warmup-115.example.com/r/115,,ok,
warmup,116,8,12217.921,81.483,201,KF,https://warmup-116.example.com/r/116,,ok,
warmup,117,6,12226.234,81.524,201,KG,https://warmup-117.example.com/r/117,,ok,
warmup,118,0,12234.329,81.267,201,KH,https://warmup-118.example.com/r/118,,ok,
warmup,119,9,12242.799,80.686,201,KJ,https://warmup-119.example.com/r/119,,ok,
warmup,120,1,12250.605,82.004,201,KK,https://warmup-120.example.com/r/120,,ok,
warmup,121,7,12258.728,82.060,201,KL,https://warmup-121.example.com/r/121,,ok,
warmup,122,2,12267.957,81.359,201,KM,https://warmup-122.example.com/r/122,,ok,
warmup,130,1,12332.754,25.803,201,KN,https://warmup-130.example.com/r/130,,ok,
warmup,123,4,12276.106,91.107,201,KP,https://warmup-123.example.com/r/123,,ok,
warmup,124,3,12284.022,91.562,201,KQ,https://warmup-124.example.com/r/124,,ok,
warmup,132,2,12349.491,34.095,201,KR,https://warmup-132.example.com/r/132,,ok,
warmup,125,5,12291.578,100.076,201,KS,https://warmup-125.example.com/r/125,,ok,
warmup,126,8,12299.599,100.392,201,KT,https://warmup-126.example.com/r/126,,ok,
warmup,127,6,12307.882,100.705,201,KU,https://warmup-127.example.com/r/127,,ok,
warmup,136,2,12383.694,32.787,201,KV,https://warmup-136.example.com/r/136,,ok,
warmup,128,0,12315.706,108.621,201,KW,https://warmup-128.example.com/r/128,,ok,
warmup,129,9,12323.602,108.742,201,KX,https://warmup-129.example.com/r/129,,ok,
warmup,131,7,12340.901,99.769,201,KY,https://warmup-131.example.com/r/131,,ok,
warmup,133,1,12358.675,90.969,201,KZ,https://warmup-133.example.com/r/133,,ok,
warmup,134,4,12367.359,90.847,201,Ka,https://warmup-134.example.com/r/134,,ok,
warmup,135,3,12375.698,90.078,201,Kb,https://warmup-135.example.com/r/135,,ok,
warmup,137,5,12391.798,81.498,201,Kc,https://warmup-137.example.com/r/137,,ok,
warmup,138,8,12400.105,81.774,201,Kd,https://warmup-138.example.com/r/138,,ok,
warmup,139,6,12408.696,81.263,201,Ke,https://warmup-139.example.com/r/139,,ok,
warmup,140,2,12416.588,81.177,201,Kf,https://warmup-140.example.com/r/140,,ok,
warmup,141,0,12424.465,81.181,201,Kg,https://warmup-141.example.com/r/141,,ok,
warmup,142,9,12432.474,80.912,201,Kh,https://warmup-142.example.com/r/142,,ok,
warmup,143,7,12440.793,80.431,201,Ki,https://warmup-143.example.com/r/143,,ok,
warmup,144,1,12449.765,79.158,201,Kj,https://warmup-144.example.com/r/144,,ok,
warmup,145,4,12458.357,80.274,201,Kk,https://warmup-145.example.com/r/145,,ok,
warmup,146,3,12465.925,81.285,201,Km,https://warmup-146.example.com/r/146,,ok,
warmup,147,5,12473.389,81.787,201,Kn,https://warmup-147.example.com/r/147,,ok,
warmup,148,8,12482.003,81.227,201,Ko,https://warmup-148.example.com/r/148,,ok,
warmup,149,6,12490.069,81.734,201,Kp,https://warmup-149.example.com/r/149,,ok,
warmup,157,5,12555.252,24.765,201,Kq,https://warmup-157.example.com/r/157,,ok,
warmup,150,2,12497.872,89.802,201,Kr,https://warmup-150.example.com/r/150,,ok,
warmup,151,0,12505.759,89.410,201,Ks,https://warmup-151.example.com/r/151,,ok,
warmup,152,9,12513.514,89.484,201,Kt,https://warmup-152.example.com/r/152,,ok,
warmup,153,7,12521.329,89.767,201,Ku,https://warmup-153.example.com/r/153,,ok,
warmup,154,1,12529.043,90.304,201,Kv,https://warmup-154.example.com/r/154,,ok,
warmup,155,4,12538.766,89.276,201,Kw,https://warmup-155.example.com/r/155,,ok,
warmup,156,3,12547.318,90.853,201,Kx,https://warmup-156.example.com/r/156,,ok,
warmup,158,8,12563.375,83.162,201,Ky,https://warmup-158.example.com/r/158,,ok,
warmup,159,6,12571.913,82.366,201,Kz,https://warmup-159.example.com/r/159,,ok,
warmup,160,5,12580.135,81.879,201,L1,https://warmup-160.example.com/r/160,,ok,
warmup,168,8,12646.677,23.688,201,L2,https://warmup-168.example.com/r/168,,ok,
warmup,169,6,12654.384,23.929,201,L3,https://warmup-169.example.com/r/169,,ok,
warmup,166,4,12628.154,59.763,201,L4,https://warmup-166.example.com/r/166,,ok,
warmup,170,5,12662.158,34.857,201,L5,https://warmup-170.example.com/r/170,,ok,
warmup,161,2,12587.780,117.377,201,L6,https://warmup-161.example.com/r/161,,ok,
warmup,162,0,12595.280,118.642,201,L7,https://warmup-162.example.com/r/162,,ok,
warmup,163,9,12603.121,118.889,201,L8,https://warmup-163.example.com/r/163,,ok,
warmup,165,1,12619.497,111.981,201,L9,https://warmup-165.example.com/r/165,,ok,
warmup,164,7,12611.205,128.021,201,LA,https://warmup-164.example.com/r/164,,ok,
warmup,167,3,12638.310,109.383,201,LB,https://warmup-167.example.com/r/167,,ok,
warmup,171,8,12670.503,85.421,201,LC,https://warmup-171.example.com/r/171,,ok,
warmup,172,6,12678.468,85.695,201,LD,https://warmup-172.example.com/r/172,,ok,
warmup,173,4,12688.033,84.266,201,LE,https://warmup-173.example.com/r/173,,ok,
warmup,174,5,12697.165,83.110,201,LF,https://warmup-174.example.com/r/174,,ok,
warmup,181,8,12756.053,33.068,201,LG,https://warmup-181.example.com/r/181,,ok,
warmup,175,2,12705.272,93.535,201,LH,https://warmup-175.example.com/r/175,,ok,
warmup,176,0,12714.038,96.190,201,LJ,https://warmup-176.example.com/r/176,,ok,
warmup,177,9,12722.164,96.192,201,LK,https://warmup-177.example.com/r/177,,ok,
warmup,178,1,12731.578,95.684,201,LL,https://warmup-178.example.com/r/178,,ok,
warmup,179,7,12739.336,95.952,201,LM,https://warmup-179.example.com/r/179,,ok,
warmup,180,3,12747.797,95.528,201,LN,https://warmup-180.example.com/r/180,,ok,
warmup,182,6,12764.272,86.920,201,LP,https://warmup-182.example.com/r/182,,ok,
warmup,183,4,12772.397,86.630,201,LQ,https://warmup-183.example.com/r/183,,ok,
warmup,191,3,12843.493,22.668,201,LR,https://warmup-191.example.com/r/191,,ok,
warmup,184,5,12780.378,93.337,201,LS,https://warmup-184.example.com/r/184,,ok,
warmup,193,4,12859.138,22.416,201,LT,https://warmup-193.example.com/r/193,,ok,
warmup,194,3,12866.249,24.397,201,LU,https://warmup-194.example.com/r/194,,ok,
warmup,185,8,12789.274,110.217,201,LV,https://warmup-185.example.com/r/185,,ok,
warmup,186,2,12798.954,109.740,201,LW,https://warmup-186.example.com/r/186,,ok,
warmup,197,3,12890.836,26.890,201,LX,https://warmup-197.example.com/r/197,,ok,
warmup,187,0,12810.341,115.063,201,LY,https://warmup-187.example.com/r/187,,ok,
warmup,199,2,12908.817,24.691,201,LZ,https://warmup-199.example.com/r/199,,ok,
warmup,188,9,12818.490,123.460,201,La,https://warmup-188.example.com/r/188,,ok,
warmup,189,1,12827.366,122.365,201,Lb,https://warmup-189.example.com/r/189,,ok,
warmup,190,7,12835.385,122.269,201,Lc,https://warmup-190.example.com/r/190,,ok,
warmup,192,6,12851.293,115.156,201,Ld,https://warmup-192.example.com/r/192,,ok,
warmup,195,5,12873.868,100.392,201,Le,https://warmup-195.example.com/r/195,,ok,
warmup,196,4,12881.656,100.621,201,Lf,https://warmup-196.example.com/r/196,,ok,
warmup,198,8,12899.628,90.852,201,Lg,https://warmup-198.example.com/r/198,,ok,
create,1,1,13114.163,19.022,201,Lh,https://carga-1.example.com/recurso/1?x=1&y=2,,ok,
create,3,3,13114.320,27.756,201,Li,https://carga-3.example.com/recurso/3?x=1&y=2,,ok,
create,0,0,13113.980,37.121,201,Lj,https://carga-0.example.com/recurso/0?x=1&y=2,,ok,
create,8,8,13114.666,44.840,201,Lk,https://carga-8.example.com/recurso/8?x=1&y=2,,ok,
create,2,2,13114.248,53.299,201,Lm,https://carga-2.example.com/recurso/2?x=1&y=2,,ok,
create,9,9,13114.739,61.794,201,Ln,https://carga-9.example.com/recurso/9?x=1&y=2,,ok,
create,4,4,13114.392,69.886,201,Lo,https://carga-4.example.com/recurso/4?x=1&y=2,,ok,
create,5,5,13114.475,77.878,201,Lp,https://carga-5.example.com/recurso/5?x=1&y=2,,ok,
create,15,9,13176.658,23.537,201,Lq,https://carga-15.example.com/recurso/15?x=1&y=2,,ok,
create,7,7,13114.603,94.568,201,Lr,https://carga-7.example.com/recurso/7?x=1&y=2,,ok,
create,6,6,13114.541,102.730,201,Ls,https://carga-6.example.com/recurso/6?x=1&y=2,,ok,
create,10,1,13133.308,91.773,201,Lt,https://carga-10.example.com/recurso/10?x=1&y=2,,ok,
create,19,7,13209.300,23.649,201,Lu,https://carga-19.example.com/recurso/19?x=1&y=2,,ok,
create,11,3,13142.196,99.437,201,Lv,https://carga-11.example.com/recurso/11?x=1&y=2,,ok,
create,12,0,13151.216,99.054,201,Lw,https://carga-12.example.com/recurso/12?x=1&y=2,,ok,
create,13,8,13159.635,99.325,201,Lx,https://carga-13.example.com/recurso/13?x=1&y=2,,ok,
create,14,2,13167.653,99.526,201,Ly,https://carga-14.example.com/recurso/14?x=1&y=2,,ok,
create,16,4,13184.384,90.899,201,Lz,https://carga-16.example.com/recurso/16?x=1&y=2,,ok,
create,17,5,13192.516,90.934,201,M1,https://carga-17.example.com/recurso/17?x=1&y=2,,ok,
create,18,9,13200.343,91.342,201,M2,https://carga-18.example.com/recurso/18?x=1&y=2,,ok,
create,20,6,13217.377,82.305,201,M3,https://carga-20.example.com/recurso/20?x=1&y=2,,ok,
create,21,1,13225.197,82.363,201,M4,https://carga-21.example.com/recurso/21?x=1&y=2,,ok,
create,22,7,13233.101,83.620,201,M5,https://carga-22.example.com/recurso/22?x=1&y=2,,ok,
create,29,9,13291.847,33.828,201,M6,https://carga-29.example.com/recurso/29?x=1&y=2,,ok,
create,23,3,13241.757,92.107,201,M7,https://carga-23.example.com/recurso/23?x=1&y=2,,ok,
create,32,7,13316.880,27.127,201,M8,https://carga-32.example.com/recurso/32?x=1&y=2,,ok,
create,33,9,13325.837,27.329,201,M9,https://carga-33.example.com/recurso/33?x=1&y=2,,ok,
create,24,0,13250.393,112.105,201,MA,https://carga-24.example.com/recurso/24?x=1&y=2,,ok,
create,25,8,13259.084,112.185,201,MB,https://carga-25.example.com/recurso/25?x=1&y=2,,ok,
create,26,2,13267.287,112.849,201,MC,https://carga-26.example.com/recurso/26?x=1&y=2,,ok,
create,27,4,13275.402,113.878,201,MD,https://carga-27.example.com/recurso/27?x=1&y=2,,ok,
create,28,5,13283.559,125.188,201,ME,https://carga-28.example.com/recurso/28?x=1&y=2,,ok,
create,38,8,13371.447,67.705,201,MF,https://carga-38.example.com/recurso/38?x=1&y=2,,ok,
create,30,6,13299.799,147.201,201,MG,https://carga-30.example.com/recurso/30?x=1&y=2,,ok,
create,31,1,13307.669,147.603,201,MH,https://carga-31.example.com/recurso/31?x=1&y=2,,ok,
create,42,8,13439.279,24.543,201,MJ,https://carga-42.example.com/recurso/42?x=1&y=2,,ok,
create,34,3,13334.002,138.898,201,MK,https://carga-34.example.com/recurso/34?x=1&y=2,,ok,
create,35,7,13344.144,137.331,201,ML,https://carga-35.example.com/recurso/35?x=1&y=2,,ok,
create,36,9,13353.297,136.519,201,MM,https://carga-36.example.com/recurso/36?x=1&y=2,,ok,
create,46,3,13473.026,24.771,201,MN,https://carga-46.example.com/recurso/46?x=1&y=2,,ok,
create,37,0,13362.623,143.684,201,MP,https://carga-37.example.com/recurso/37?x=1&y=2,,ok,
create,39,2,13380.275,133.760,201,MQ,https://carga-39.example.com/recurso/39?x=1&y=2,,ok,
create,48,9,13489.926,33.020,201,MR,https://carga-48.example.com/recurso/48?x=1&y=2,,ok,
create,50,0,13506.439,25.656,201,MS,https://carga-50.example.com/recurso/50?x=1&y=2,,ok,
create,40,4,13389.403,151.050,201,MT,https://carga-40.example.com/recurso/40?x=1&y=2,,ok,
create,41,5,13408.916,139.815,201,MU,https://carga-41.example.com/recurso/41?x=1&y=2,,ok,
create,43,6,13447.144,109.693,201,MV,https://carga-43.example.com/recurso/43?x=1&y=2,,ok,
create,44,1,13455.392,109.660,201,MW,https://carga-44.example.com/recurso/44?x=1&y=2,,ok,
create,45,8,13463.946,109.261,201,MX,https://carga-45.example.com/recurso/45?x=1&y=2,,ok,
create,47,7,13481.595,100.459,201,MY,https://carga-47.example.com/recurso/47?x=1&y=2,,ok,
create,57,1,13565.211,25.338,201,MZ,https://carga-57.example.com/recurso/57?x=1&y=2,,ok,
create,49,3,13497.948,101.020,201,Ma,https://carga-49.example.com/recurso/49?x=1&y=2,,ok,
create,51,2,13514.147,93.519,201,Mb,https://carga-51.example.com/recurso/51?x=1&y=2,,ok,
create,59,7,13582.171,34.306,201,Mc,https://carga-59.example.com/recurso/59?x=1&y=2,,ok,
create,52,9,13523.073,101.990,201,Md,https://carga-52.example.com/recurso/52?x=1&y=2,,ok,
create,62,2,13607.792,25.603,201,Me,https://carga-62.example.com/recurso/62?x=1&y=2,,ok,
create,53,0,13532.218,109.227,201,Mf,https://carga-53.example.com/recurso/53?x=1&y=2,,ok,
create,54,4,13540.583,108.727,201,Mg,https://carga-54.example.com/recurso/54?x=1&y=2,,ok,
create,55,5,13548.844,108.638,201,Mh,https://carga-55.example.com/recurso/55?x=1&y=2,,ok,
create,56,6,13556.945,109.196,201,Mi,https://carga-56.example.com/recurso/56?x=1&y=2,,ok,
create,67,4,13649.451,24.298,201,Mj,https://carga-67.example.com/recurso/67?x=1&y=2,,ok,
create,58,8,13573.315,108.361,201,Mk,https://carga-58.example.com/recurso/58?x=1&y=2,,ok,
create,69,6,13666.257,23.881,201,Mm,https://carga-69.example.com/recurso/69?x=1&y=2,,ok,
create,60,1,13590.665,107.812,201,Mn,https://carga-60.example.com/recurso/60?x=1&y=2,,ok,
create,61,3,13599.082,108.899,201,Mo,https://carga-61.example.com/recurso/61?x=1&y=2,,ok,
create,63,7,13616.620,100.716,201,Mp,https://carga-63.example.com/recurso/63?x=1&y=2,,ok,
create,64,9,13625.201,100.964,201,Mq,https://carga-64.example.com/recurso/64?x=1&y=2,,ok,
create,65,2,13633.564,101.268,201,Mr,https://carga-65.example.com/recurso/65?x=1&y=2,,ok,
create,66,0,13641.552,101.720,201,Ms,https://carga-66.example.com/recurso/66?x=1&y=2,,ok,
create,68,5,13657.600,93.614,201,Mt,https://carga-68.example.com/recurso/68?x=1&y=2,,ok,
create,70,4,13673.871,85.651,201,Mu,https://carga-70.example.com/recurso/70?x=1&y=2,,ok,
create,78,0,13743.392,24.179,201,Mv,https://carga-78.example.com/recurso/78?x=1&y=2,,ok,
create,71,8,13681.795,94.139,201,Mw,https://carga-71.example.com/recurso/71?x=1&y=2,,ok,
create,72,6,13690.245,93.946,201,Mx,https://carga-72.example.com/recurso/72?x=1&y=2,,ok,
create,73,1,13698.674,93.653,201,My,https://carga-73.example.com/recurso/73?x=1&y=2,,ok,
create,74,3,13708.106,93.639,201,Mz,https://carga-74.example.com/recurso/74?x=1&y=2,,ok,
create,83,6,13784.342,25.691,201,N1,https://carga-83.example.com/recurso/83?x=1&y=2,,ok,
create,75,7,13717.534,100.590,201,N2,https://carga-75.example.com/recurso/75?x=1&y=2,,ok,
create,85,3,13801.860,24.351,201,N3,https://carga-85.example.com/recurso/85?x=1&y=2,,ok,
create,76,9,13726.315,108.499,201,N4,https://carga-76.example.com/recurso/76?x=1&y=2,,ok,
create,77,2,13734.944,108.856,201,N5,https://carga-77.example.com/recurso/77?x=1&y=2,,ok,
create,79,5,13751.319,100.746,201,N6,https://carga-79.example.com/recurso/79?x=1&y=2,,ok,
create,80,4,13759.629,100.454,201,N7,https://carga-80.example.com/recurso/80?x=1&y=2,,ok,
create,81,0,13767.679,100.441,201,N8,https://carga-81.example.com/recurso/81?x=1&y=2,,ok,
create,82,8,13776.068,100.099,201,N9,https://carga-82.example.com/recurso/82?x=1&y=2,,ok,
create,84,1,13792.459,92.553,201,NA,https://carga-84.example.com/recurso/84?x=1&y=2,,ok,
create,86,6,13810.158,83.561,201,NB,https://carga-86.example.com/recurso/86?x=1&y=2,,ok,
create,87,7,13818.232,84.032,201,NC,https://carga-87.example.com/recurso/87?x=1&y=2,,ok,
create,88,3,13826.316,83.927,201,ND,https://carga-88.example.com/recurso/88?x=1&y=2,,ok,
create,89,9,13834.944,82.735,201,NE,https://carga-89.example.com/recurso/89?x=1&y=2,,ok,
create,90,2,13843.911,82.641,201,NF,https://carga-90.example.com/recurso/90?x=1&y=2,,ok,
create,98,3,13910.359,24.281,201,NG,https://carga-98.example.com/recurso/98?x=1&y=2,,ok,
create,97,7,13902.376,39.870,201,NH,https://carga-97.example.com/recurso/97?x=1&y=2,,ok,
create,91,5,13852.183,97.720,201,NJ,https://carga-91.example.com/recurso/91?x=1&y=2,,ok,
create,92,4,13860.187,98.198,201,NK,https://carga-92.example.com/recurso/92?x=1&y=2,,ok,
create,93,0,13868.232,98.003,201,NL,https://carga-93.example.com/recurso/93?x=1&y=2,,ok,
create,94,8,13876.303,99.076,201,NM,https://carga-94.example.com/recurso/94?x=1&y=2,,ok,
create,104,4,13958.511,27.006,201,NN,https://carga-104.example.com/recurso/104?x=1&y=2,,ok,
create,95,1,13885.131,108.878,201,NP,https://carga-95.example.com/recurso/95?x=1&y=2,,ok,
create,96,6,13893.853,108.780,201,NQ,https://carga-96.example.com/recurso/96?x=1&y=2,,ok,
create,99,9,13917.829,93.499,201,NR,https://carga-99.example.com/recurso/99?x=1&y=2,,ok,
create,108,1,13994.117,25.625,201,NS,https://carga-108.example.com/recurso/108?x=1&y=2,,ok,
create,100,2,13926.674,101.807,201,NT,https://carga-100.example.com/recurso/100?x=1&y=2,,ok,
create,110,9,14011.457,25.162,201,NU,https://carga-110.example.com/recurso/110?x=1&y=2,,ok,
create,101,3,13934.758,110.601,201,NV,https://carga-101.example.com/recurso/101?x=1&y=2,,ok,
create,102,7,13942.352,111.420,201,NW,https://carga-102.example.com/recurso/102?x=1&y=2,,ok,
create,103,5,13950.024,112.436,201,NX,https://carga-103.example.com/recurso/103?x=1&y=2,,ok,
create,105,0,13966.382,104.116,201,NY,https://carga-105.example.com/recurso/105?x=1&y=2,,ok,
create,115,7,14053.921,26.028,201,NZ,https://carga-115.example.com/recurso/115?x=1&y=2,,ok,
create,116,5,14062.617,25.420,201,Na,https://carga-116.example.com/recurso/116?x=1&y=2,,ok,
create,106,8,13975.670,120.173,201,Nb,https://carga-106.example.com/recurso/106?x=1&y=2,,ok,
create,107,4,13985.634,118.898,201,Nc,https://carga-107.example.com/recurso/107?x=1&y=2,,ok,
create,109,6,14002.768,110.380,201,Nd,https://carga-109.example.com/recurso/109?x=1&y=2,,ok,
create,111,1,14019.861,101.990,201,Ne,https://carga-111.example.com/recurso/111?x=1&y=2,,ok,
create,112,2,14028.587,103.823,201,Nf,https://carga-112.example.com/recurso/112?x=1&y=2,,ok,
create,113,9,14036.721,104.568,201,Ng,https://carga-113.example.com/recurso/113?x=1&y=2,,ok,
create,114,3,14045.485,104.805,201,Nh,https://carga-114.example.com/recurso/114?x=1&y=2,,ok,
create,117,0,14070.658,88.428,201,Ni,https://carga-117.example.com/recurso/117?x=1&y=2,,ok,
create,118,7,14080.102,87.144,201,Nj,https://carga-118.example.com/recurso/118?x=1&y=2,,ok,
create,119,5,14088.179,87.890,201,Nk,https://carga-119.example.com/recurso/119?x=1&y=2,,ok,
create,120,8,14095.950,87.845,201,Nm,https://carga-120.example.com/recurso/120?x=1&y=2,,ok,
create,121,4,14104.654,88.565,201,Nn,https://carga-121.example.com/recurso/121?x=1&y=2,,ok,
create,129,5,14176.172,25.958,201,No,https://carga-129.example.com/recurso/129?x=1&y=2,,ok,
create,122,6,14113.285,97.050,201,Np,https://carga-122.example.com/recurso/122?x=1&y=2,,ok,
create,123,1,14121.964,96.850,201,Nq,https://carga-123.example.com/recurso/123?x=1&y=2,,ok,
create,124,2,14132.542,95.147,201,Nr,https://carga-124.example.com/recurso/124?x=1&y=2,,ok,
create,125,9,14141.393,94.595,201,Ns,https://carga-125.example.com/recurso/125?x=1&y=2,,ok,
create,126,3,14150.440,94.919,201,Nt,https://carga-126.example.com/recurso/126?x=1&y=2,,ok,
create,127,0,14159.255,94.415,201,Nu,https://carga-127.example.com/recurso/127?x=1&y=2,,ok,
create,128,7,14167.349,96.363,201,Nv,https://carga-128.example.com/recurso/128?x=1&y=2,,ok,
create,130,8,14183.925,88.821,201,Nw,https://carga-130.example.com/recurso/130?x=1&y=2,,ok,
create,131,4,14193.393,87.850,201,Nx,https://carga-131.example.com/recurso/131?x=1&y=2,,ok,
create,132,5,14202.241,88.078,201,Ny,https://carga-132.example.com/recurso/132?x=1&y=2,,ok,
create,133,6,14210.477,87.619,201,Nz,https://carga-133.example.com/recurso/133?x=1&y=2,,ok,
create,134,1,14218.922,87.427,201,P1,https://carga-134.example.com/recurso/134?x=1&y=2,,ok,
create,135,2,14227.828,86.753,201,P2,https://carga-135.example.com/recurso/135?x=1&y=2,,ok,
create,136,9,14236.132,87.266,201,P3,https://carga-136.example.com/recurso/136?x=1&y=2,,ok,
create,137,3,14245.563,86.615,201,P4,https://carga-137.example.com/recurso/137?x=1&y=2,,ok,
create,145,2,14314.699,25.852,201,P5,https://carga-145.example.com/recurso/145?x=1&y=2,,ok,
create,138,0,14253.782,96.725,201,P6,https://carga-138.example.com/recurso/138?x=1&y=2,,ok,
create,147,3,14332.317,26.471,201,P7,https://carga-147.example.com/recurso/147?x=1&y=2,,ok,
create,139,7,14263.846,103.586,201,P8,https://carga-139.example.com/recurso/139?x=1&y=2,,ok,
create,149,0,14350.629,25.122,201,P9,https://carga-149.example.com/recurso/149?x=1&y=2,,ok,
create,140,8,14272.860,110.887,201,PA,https://carga-140.example.com/recurso/140?x=1&y=2,,ok,
create,141,4,14281.437,111.242,201,PB,https://carga-141.example.com/recurso/141?x=1&y=2,,ok,
create,151,7,14367.571,32.921,201,PC,https://carga-151.example.com/recurso/151?x=1&y=2,,ok,
create,142,5,14290.517,118.619,201,PD,https://carga-142.example.com/recurso/142?x=1&y=2,,ok,
create,143,6,14298.207,119.265,201,PE,https://carga-143.example.com/recurso/143?x=1&y=2,,ok,
create,144,1,14306.475,120.315,201,PF,https://carga-144.example.com/recurso/144?x=1&y=2,,ok,
create,146,9,14323.536,111.544,201,PG,https://carga-146.example.com/recurso/146?x=1&y=2,,ok,
create,148,2,14340.712,102.650,201,PH,https://carga-148.example.com/recurso/148?x=1&y=2,,ok,
create,150,3,14358.905,92.376,201,PJ,https://carga-150.example.com/recurso/150?x=1&y=2,,ok,
create,158,1,14426.941,32.463,201,PK,https://carga-158.example.com/recurso/158?x=1&y=2,,ok,
create,152,0,14375.888,92.100,201,PL,https://carga-152.example.com/recurso/152?x=1&y=2,,ok,
create,153,8,14383.881,92.351,201,PM,https://carga-153.example.com/recurso/153?x=1&y=2,,ok,
create,154,4,14392.794,94.767,201,PN,https://carga-154.example.com/recurso/154?x=1&y=2,,ok,
create,162,1,14459.599,36.814,201,PP,https://carga-162.example.com/recurso/162?x=1&y=2,,ok,
create,164,8,14476.346,28.830,201,PQ,https://carga-164.example.com/recurso/164?x=1&y=2,,ok,
create,155,7,14400.607,113.583,201,PR,https://carga-155.example.com/recurso/155?x=1&y=2,,ok,
create,156,5,14409.241,114.218,201,PS,https://carga-156.example.com/recurso/156?x=1&y=2,,ok,
create,157,6,14417.610,116.047,201,PT,https://carga-157.example.com/recurso/157?x=1&y=2,,ok,
create,159,9,14435.201,107.297,201,PU,https://carga-159.example.com/recurso/159?x=1&y=2,,ok,
create,160,2,14443.495,108.279,201,PV,https://carga-160.example.com/recurso/160?x=1&y=2,,ok,
create,161,3,14451.386,109.443,201,PW,https://carga-161.example.com/recurso/161?x=1&y=2,,ok,
create,163,0,14468.107,101.293,201,PX,https://carga-163.example.com/recurso/163?x=1&y=2,,ok,
create,165,4,14487.684,91.341,201,PY,https://carga-165.example.com/recurso/165?x=1&y=2,,ok,
create,166,1,14496.570,91.355,201,PZ,https://carga-166.example.com/recurso/166?x=1&y=2,,ok,
create,167,8,14505.335,91.370,201,Pa,https://carga-167.example.com/recurso/167?x=1&y=2,,ok,
create,168,7,14514.339,90.780,201,Pb,https://carga-168.example.com/recurso/168?x=1&y=2,,ok,
create,169,5,14523.622,89.632,201,Pc,https://carga-169.example.com/recurso/169?x=1&y=2,,ok,
create,177,8,14596.821,24.850,201,Pd,https://carga-177.example.com/recurso/177?x=1&y=2,,ok,
create,170,6,14533.788,96.226,201,Pe,https://carga-170.example.com/recurso/170?x=1&y=2,,ok,
create,179,5,14613.382,25.461,201,Pf,https://carga-179.example.com/recurso/179?x=1&y=2,,ok,
create,171,9,14542.740,104.744,201,Pg,https://carga-171.example.com/recurso/171?x=1&y=2,,ok,
create,178,7,14605.238,49.925,201,Ph,https://carga-178.example.com/recurso/178?x=1&y=2,,ok,
create,172,2,14551.893,112.827,201,Pi,https://carga-172.example.com/recurso/172?x=1&y=2,,ok,
create,173,3,14560.951,111.810,201,Pj,https://carga-173.example.com/recurso/173?x=1&y=2,,ok,
create,183,9,14647.605,33.496,201,Pk,https://carga-183.example.com/recurso/183?x=1&y=2,,ok,
create,185,2,14664.835,24.786,201,Pm,https://carga-185.example.com/recurso/185?x=1&y=2,,ok,
create,174,0,14569.577,129.103,201,Pn,https://carga-174.example.com/recurso/174?x=1&y=2,,ok,
create,187,9,14681.216,25.449,201,Po,https://carga-187.example.com/recurso/187?x=1&y=2,,ok,
create,175,4,14579.165,136.032,201,Pp,https://carga-175.example.com/recurso/175?x=1&y=2,,ok,
create,189,0,14698.803,24.529,201,Pq,https://carga-189.example.com/recurso/189?x=1&y=2,,ok,
create,176,1,14588.077,143.214,201,Pr,https://carga-176.example.com/recurso/176?x=1&y=2,,ok,
create,180,8,14621.805,118.755,201,Ps,https://carga-180.example.com/recurso/180?x=1&y=2,,ok,
create,181,6,14630.142,118.870,201,Pt,https://carga-181.example.com/recurso/181?x=1&y=2,,ok,
create,182,5,14638.965,118.121,201,Pu,https://carga-182.example.com/recurso/182?x=1&y=2,,ok,
create,184,7,14655.303,110.507,201,Pv,https://carga-184.example.com/recurso/184?x=1&y=2,,ok,
create,186,3,14672.871,100.606,201,Pw,https://carga-186.example.com/recurso/186?x=1&y=2,,ok,
create,188,2,14689.765,92.633,201,Px,https://carga-188.example.com/recurso/188?x=1&y=2,,ok,
create,190,9,14706.776,83.931,201,Py,https://carga-190.example.com/recurso/190?x=1&y=2,,ok,
create,191,4,14715.339,84.123,201,Pz,https://carga-191.example.com/recurso/191?x=1&y=2,,ok,
create,192,0,14723.469,84.548,201,Q1,https://carga-192.example.com/recurso/192?x=1&y=2,,ok,
create,193,1,14731.406,86.025,201,Q2,https://carga-193.example.com/recurso/193?x=1&y=2,,ok,
create,201,4,14799.589,26.588,201,Q3,https://carga-201.example.com/recurso/201?x=1&y=2,,ok,
create,194,8,14740.671,94.502,201,Q4,https://carga-194.example.com/recurso/194?x=1&y=2,,ok,
create,195,6,14749.118,94.418,201,Q5,https://carga-195.example.com/recurso/195?x=1&y=2,,ok,
create,196,5,14757.197,94.806,201,Q6,https://carga-196.example.com/recurso/196?x=1&y=2,,ok,
create,197,7,14765.927,94.245,201,Q7,https://carga-197.example.com/recurso/197?x=1&y=2,,ok,
create,198,3,14773.589,94.728,201,Q8,https://carga-198.example.com/recurso/198?x=1&y=2,,ok,
create,207,5,14852.131,25.082,201,Q9,https://carga-207.example.com/recurso/207?x=1&y=2,,ok,
create,199,2,14782.544,103.606,201,QA,https://carga-199.example.com/recurso/199?x=1&y=2,,ok,
create,200,9,14790.834,104.473,201,QB,https://carga-200.example.com/recurso/200?x=1&y=2,,ok,
create,202,0,14808.124,94.877,201,QC,https://carga-202.example.com/recurso/202?x=1&y=2,,ok,
create,203,1,14817.578,93.175,201,QD,https://carga-203.example.com/recurso/203?x=1&y=2,,ok,
create,212,9,14895.431,23.898,201,QE,https://carga-212.example.com/recurso/212?x=1&y=2,,ok,
create,204,4,14826.299,101.015,201,QF,https://carga-204.example.com/recurso/204?x=1&y=2,,ok,
create,205,8,14835.283,100.099,201,QG,https://carga-205.example.com/recurso/205?x=1&y=2,,ok,
create,206,6,14843.666,99.909,201,QH,https://carga-206.example.com/recurso/206?x=1&y=2,,ok,
create,208,7,14860.276,91.319,201,QJ,https://carga-208.example.com/recurso/208?x=1&y=2,,ok,
create,209,3,14868.506,91.506,201,QK,https://carga-209.example.com/recurso/209?x=1&y=2,,ok,
create,210,5,14877.350,92.019,201,QL,https://carga-210.example.com/recurso/210?x=1&y=2,,ok,
create,211,2,14886.276,91.527,201,QM,https://carga-211.example.com/recurso/211?x=1&y=2,,ok,
create,213,0,14903.103,83.592,201,QN,https://carga-213.example.com/recurso/213?x=1&y=2,,ok,
create,214,1,14910.858,85.009,201,QP,https://carga-214.example.com/recurso/214?x=1&y=2,,ok,
create,215,9,14919.484,85.161,201,QQ,https://carga-215.example.com/recurso/215?x=1&y=2,,ok,
create,216,4,14927.408,85.983,201,QR,https://carga-216.example.com/recurso/216?x=1&y=2,,ok,
create,224,1,14995.987,25.500,201,QS,https://carga-224.example.com/recurso/224?x=1&y=2,,ok,
create,217,8,14935.526,94.285,201,QT,https://carga-217.example.com/recurso/217?x=1&y=2,,ok,
create,226,4,15013.526,24.514,201,QU,https://carga-226.example.com/recurso/226?x=1&y=2,,ok,
create,218,6,14943.693,103.248,201,QV,https://carga-218.example.com/recurso/218?x=1&y=2,,ok,
create,219,7,14951.706,104.281,201,QW,https://carga-219.example.com/recurso/219?x=1&y=2,,ok,
create,228,8,15029.927,35.779,201,QX,https://carga-228.example.com/recurso/228?x=1&y=2,,ok,
create,220,3,14960.139,113.603,201,QY,https://carga-220.example.com/recurso/220?x=1&y=2,,ok,
create,221,5,14969.506,112.402,201,QZ,https://carga-221.example.com/recurso/221?x=1&y=2,,ok,
create,222,2,14977.918,112.141,201,Qa,https://carga-222.example.com/recurso/222?x=1&y=2,,ok,
create,232,8,15065.829,33.032,201,Qb,https://carga-232.example.com/recurso/232?x=1&y=2,,ok,
create,223,0,14986.813,120.339,201,Qc,https://carga-223.example.com/recurso/223?x=1&y=2,,ok,
create,225,9,15004.809,110.842,201,Qd,https://carga-225.example.com/recurso/225?x=1&y=2,,ok,
create,236,8,15098.977,25.545,201,Qe,https://carga-236.example.com/recurso/236?x=1&y=2,,ok,
create,227,1,15021.621,111.597,201,Qf,https://carga-227.example.com/recurso/227?x=1&y=2,,ok,
create,229,4,15038.150,104.065,201,Qg,https://carga-229.example.com/recurso/229?x=1&y=2,,ok,
create,230,6,15047.056,104.163,201,Qh,https://carga-230.example.com/recurso/230?x=1&y=2,,ok,
create,231,7,15056.144,103.693,201,Qi,https://carga-231.example.com/recurso/231?x=1&y=2,,ok,
create,233,3,15073.865,94.498,201,Qj,https://carga-233.example.com/recurso/233?x=1&y=2,,ok,
create,234,5,15082.025,94.283,201,Qk,https://carga-234.example.com/recurso/234?x=1&y=2,,ok,
create,235,2,15090.211,94.443,201,Qm,https://carga-235.example.com/recurso/235?x=1&y=2,,ok,
create,237,0,15107.269,85.945,201,Qn,https://carga-237.example.com/recurso/237?x=1&y=2,,ok,
create,244,3,15168.494,33.333,201,Qo,https://carga-244.example.com/recurso/244?x=1&y=2,,ok,
create,246,2,15184.781,25.787,201,Qp,https://carga-246.example.com/recurso/246?x=1&y=2,,ok,
create,238,9,15115.754,103.153,201,Qq,https://carga-238.example.com/recurso/238?x=1&y=2,,ok,
create,239,8,15124.642,102.435,201,Qr,https://carga-239.example.com/recurso/239?x=1&y=2,,ok,
create,240,1,15133.325,102.302,201,Qs,https://carga-240.example.com/recurso/240?x=1&y=2,,ok,
create,241,4,15142.346,101.876,201,Qt,https://carga-241.example.com/recurso/241?x=1&y=2,,ok,
create,242,6,15151.376,101.599,201,Qu,https://carga-242.example.com/recurso/242?x=1&y=2,,ok,
create,243,7,15159.950,101.157,201,Qv,https://carga-243.example.com/recurso/243?x=1&y=2,,ok,
create,245,5,15176.433,93.006,201,Qw,https://carga-245.example.com/recurso/245?x=1&y=2,,ok,
create,247,0,15193.330,84.024,201,Qx,https://carga-247.example.com/recurso/247?x=1&y=2,,ok,
create,248,3,15201.935,84.353,201,Qy,https://carga-248.example.com/recurso/248?x=1&y=2,,ok,
create,256,5,15269.559,25.125,201,Qz,https://carga-256.example.com/recurso/256?x=1&y=2,,ok,
create,249,2,15210.681,92.083,201,R1,https://carga-249.example.com/recurso/249?x=1&y=2,,ok,
create,257,0,15277.517,33.222,201,R2,https://carga-257.example.com/recurso/257?x=1&y=2,,ok,
create,250,9,15219.017,101.179,201,R3,https://carga-250.example.com/recurso/250?x=1&y=2,,ok,
create,251,8,15227.203,101.552,201,R4,https://carga-251.example.com/recurso/251?x=1&y=2,,ok,
create,252,1,15235.781,102.506,201,R5,https://carga-252.example.com/recurso/252?x=1&y=2,,ok,
create,253,4,15244.343,103.014,201,R6,https://carga-253.example.com/recurso/253?x=1&y=2,,ok,
create,254,6,15253.085,102.763,201,R7,https://carga-254.example.com/recurso/254?x=1&y=2,,ok,
create,255,7,15261.219,103.916,201,R8,https://carga-255.example.com/recurso/255?x=1&y=2,,ok,
create,258,3,15286.457,86.777,201,R9,https://carga-258.example.com/recurso/258?x=1&y=2,,ok,
create,259,5,15294.792,87.411,201,RA,https://carga-259.example.com/recurso/259?x=1&y=2,,ok,
create,267,7,15365.263,25.058,201,RB,https://carga-267.example.com/recurso/267?x=1&y=2,,ok,
create,260,2,15302.880,96.341,201,RC,https://carga-260.example.com/recurso/260?x=1&y=2,,ok,
create,261,0,15310.840,96.759,201,RD,https://carga-261.example.com/recurso/261?x=1&y=2,,ok,
create,269,5,15382.323,33.741,201,RE,https://carga-269.example.com/recurso/269?x=1&y=2,,ok,
create,271,2,15399.390,24.811,201,RF,https://carga-271.example.com/recurso/271?x=1&y=2,,ok,
create,262,9,15320.319,112.942,201,RG,https://carga-262.example.com/recurso/262?x=1&y=2,,ok,
create,263,8,15328.925,113.100,201,RH,https://carga-263.example.com/recurso/263?x=1&y=2,,ok,
create,264,1,15338.439,112.712,201,RJ,https://carga-264.example.com/recurso/264?x=1&y=2,,ok,
create,265,4,15347.542,112.699,201,RK,https://carga-265.example.com/recurso/265?x=1&y=2,,ok,
create,266,6,15355.992,112.561,201,RL,https://carga-266.example.com/recurso/266?x=1&y=2,,ok,
create,268,3,15373.354,104.541,201,RM,https://carga-268.example.com/recurso/268?x=1&y=2,,ok,
create,278,4,15460.393,26.238,201,RN,https://carga-278.example.com/recurso/278?x=1&y=2,,ok,
create,270,7,15390.459,105.034,201,RP,https://carga-270.example.com/recurso/270?x=1&y=2,,ok,
create,272,0,15407.720,96.955,201,RQ,https://carga-272.example.com/recurso/272?x=1&y=2,,ok,
create,273,5,15416.179,96.963,201,RR,https://carga-273.example.com/recurso/273?x=1&y=2,,ok,
create,274,2,15424.329,99.127,201,RS,https://carga-274.example.com/recurso/274?x=1&y=2,,ok,
create,283,0,15504.787,96.097,201,RT,https://carga-283.example.com/recurso/283?x=1&y=2,,ok,
create,275,9,15433.395,175.468,201,RU,https://carga-275.example.com/recurso/275?x=1&y=2,,ok,
create,276,8,15442.136,174.759,201,RV,https://carga-276.example.com/recurso/276?x=1&y=2,,ok,
create,277,1,15451.271,174.227,201,RW,https://carga-277.example.com/recurso/277?x=1&y=2,,ok,
create,279,6,15468.666,165.889,201,RX,https://carga-279.example.com/recurso/279?x=1&y=2,,ok,
create,280,3,15478.021,164.590,201,RY,https://carga-280.example.com/recurso/280?x=1&y=2,,ok,
create,281,4,15486.754,163.255,201,RZ,https://carga-281.example.com/recurso/281?x=1&y=2,,ok,
create,282,7,15495.704,161.808,201,Ra,https://carga-282.example.com/recurso/282?x=1&y=2,,ok,
create,290,6,15634.674,31.131,201,Rb,https://carga-290.example.com/recurso/290?x=1&y=2,,ok,
create,284,5,15513.274,161.021,201,Rc,https://carga-284.example.com/recurso/284?x=1&y=2,,ok,
create,285,2,15523.577,159.832,201,Rd,https://carga-285.example.com/recurso/285?x=1&y=2,,ok,
create,286,0,15601.001,90.463,201,Re,https://carga-286.example.com/recurso/286?x=1&y=2,,ok,
create,287,9,15608.965,90.600,201,Rf,https://carga-287.example.com/recurso/287?x=1&y=2,,ok,
create,288,8,15616.991,90.497,201,Rg,https://carga-288.example.com/recurso/288?x=1&y=2,,ok,
create,289,1,15625.624,89.335,201,Rh,https://carga-289.example.com/recurso/289?x=1&y=2,,ok,
create,291,3,15642.750,80.225,201,Ri,https://carga-291.example.com/recurso/291?x=1&y=2,,ok,
create,292,4,15650.101,81.188,201,Rj,https://carga-292.example.com/recurso/292?x=1&y=2,,ok,
create,293,7,15657.621,82.557,201,Rk,https://carga-293.example.com/recurso/293?x=1&y=2,,ok,
create,294,6,15665.957,82.191,201,Rm,https://carga-294.example.com/recurso/294?x=1&y=2,,ok,
create,295,5,15674.413,81.725,201,Rn,https://carga-295.example.com/recurso/295?x=1&y=2,,ok,
create,296,2,15683.584,80.379,201,Ro,https://carga-296.example.com/recurso/296?x=1&y=2,,ok,
create,297,0,15691.580,80.461,201,Rp,https://carga-297.example.com/recurso/297?x=1&y=2,,ok,
create,298,9,15699.676,80.081,201,Rq,https://carga-298.example.com/recurso/298?x=1&y=2,,ok,
create,299,8,15707.604,80.755,201,Rr,https://carga-299.example.com/recurso/299?x=1&y=2,,ok,
create,300,1,15715.094,81.059,201,Rs,https://carga-300.example.com/recurso/300?x=1&y=2,,ok,
create,301,3,15723.131,80.500,201,Rt,https://carga-301.example.com/recurso/301?x=1&y=2,,ok,
create,302,4,15731.413,80.105,201,Ru,https://carga-302.example.com/recurso/302?x=1&y=2,,ok,
create,303,7,15740.303,78.977,201,Rv,https://carga-303.example.com/recurso/303?x=1&y=2,,ok,
create,304,6,15748.293,78.939,201,Rw,https://carga-304.example.com/recurso/304?x=1&y=2,,ok,
create,305,5,15756.248,78.670,201,Rx,https://carga-305.example.com/recurso/305?x=1&y=2,,ok,
create,312,4,15811.626,30.668,201,Ry,https://carga-312.example.com/recurso/312?x=1&y=2,,ok,
create,306,2,15764.081,85.699,201,Rz,https://carga-306.example.com/recurso/306?x=1&y=2,,ok,
create,314,6,15827.335,30.412,201,S1,https://carga-314.example.com/recurso/314?x=1&y=2,,ok,
create,316,4,15842.404,23.847,201,S2,https://carga-316.example.com/recurso/316?x=1&y=2,,ok,
create,315,5,15835.018,39.601,201,S3,https://carga-315.example.com/recurso/315?x=1&y=2,,ok,
create,307,0,15772.160,110.039,201,S4,https://carga-307.example.com/recurso/307?x=1&y=2,,ok,
create,308,9,15779.860,109.975,201,S5,https://carga-308.example.com/recurso/308?x=1&y=2,,ok,
create,320,5,15874.730,22.798,201,S6,https://carga-320.example.com/recurso/320?x=1&y=2,,ok,
create,309,8,15788.485,117.390,201,S7,https://carga-309.example.com/recurso/309?x=1&y=2,,ok,
create,310,1,15796.260,117.453,201,S8,https://carga-310.example.com/recurso/310?x=1&y=2,,ok,
create,311,3,15803.774,117.156,201,S9,https://carga-311.example.com/recurso/311?x=1&y=2,,ok,
create,324,8,15905.995,23.086,201,SA,https://carga-324.example.com/recurso/324?x=1&y=2,,ok,
create,325,1,15913.817,22.665,201,SB,https://carga-325.example.com/recurso/325?x=1&y=2,,ok,
create,313,7,15819.394,124.594,201,SC,https://carga-313.example.com/recurso/313?x=1&y=2,,ok,
create,317,2,15849.878,102.564,201,SD,https://carga-317.example.com/recurso/317?x=1&y=2,,ok,
create,318,6,15857.864,102.656,201,SE,https://carga-318.example.com/recurso/318?x=1&y=2,,ok,
create,319,4,15866.397,102.228,201,SF,https://carga-319.example.com/recurso/319?x=1&y=2,,ok,
create,330,2,15952.566,24.352,201,SG,https://carga-330.example.com/recurso/330?x=1&y=2,,ok,
create,321,0,15882.307,102.802,201,SH,https://carga-321.example.com/recurso/321?x=1&y=2,,ok,
create,322,9,15889.957,103.591,201,SJ,https://carga-322.example.com/recurso/322?x=1&y=2,,ok,
create,323,5,15897.632,104.690,201,SK,https://carga-323.example.com/recurso/323?x=1&y=2,,ok,
create,326,3,15921.021,89.087,201,SL,https://carga-326.example.com/recurso/326?x=1&y=2,,ok,
create,327,8,15929.181,88.796,201,SM,https://carga-327.example.com/recurso/327?x=1&y=2,,ok,
create,328,1,15936.573,89.470,201,SN,https://carga-328.example.com/recurso/328?x=1&y=2,,ok,
create,329,7,15944.098,89.450,201,SP,https://carga-329.example.com/recurso/329?x=1&y=2,,ok,
create,331,6,15960.631,81.972,201,SQ,https://carga-331.example.com/recurso/331?x=1&y=2,,ok,
create,332,4,15968.774,82.332,201,SR,https://carga-332.example.com/recurso/332?x=1&y=2,,ok,
create,333,2,15977.071,81.992,201,SS,https://carga-333.example.com/recurso/333?x=1&y=2,,ok,
create,334,0,15985.221,81.848,201,ST,https://carga-334.example.com/recurso/334?x=1&y=2,,ok,
create,335,9,15993.687,81.129,201,SU,https://carga-335.example.com/recurso/335?x=1&y=2,,ok,
create,336,5,16002.447,79.846,201,SV,https://carga-336.example.com/recurso/336?x=1&y=2,,ok,
create,337,3,16010.210,80.117,201,SW,https://carga-337.example.com/recurso/337?x=1&y=2,,ok,
create,338,8,16018.110,80.998,201,SX,https://carga-338.example.com/recurso/338?x=1&y=2,,ok,
create,339,1,16026.142,80.921,201,SY,https://carga-339.example.com/recurso/339?x=1&y=2,,ok,
create,347,3,16090.492,24.652,201,SZ,https://carga-347.example.com/recurso/347?x=1&y=2,,ok,
create,340,7,16033.670,88.803,201,Sa,https://carga-340.example.com/recurso/340?x=1&y=2,,ok,
create,341,6,16042.741,89.821,201,Sb,https://carga-341.example.com/recurso/341?x=1&y=2,,ok,
create,348,8,16099.246,42.075,201,Sc,https://carga-348.example.com/recurso/348?x=1&y=2,,ok,
create,342,4,16051.225,97.899,201,Sd,https://carga-342.example.com/recurso/342?x=1&y=2,,ok,
create,343,2,16059.172,97.752,201,Se,https://carga-343.example.com/recurso/343?x=1&y=2,,ok,
create,344,0,16067.176,97.629,201,Sf,https://carga-344.example.com/recurso/344?x=1&y=2,,ok,
create,345,9,16074.918,98.124,201,Sg,https://carga-345.example.com/recurso/345?x=1&y=2,,ok,
create,346,5,16082.414,98.354,201,Sh,https://carga-346.example.com/recurso/346?x=1&y=2,,ok,
create,349,1,16107.173,83.762,201,Si,https://carga-349.example.com/recurso/349?x=1&y=2,,ok,
create,350,3,16115.252,84.243,201,Sj,https://carga-350.example.com/recurso/350?x=1&y=2,,ok,
create,351,7,16122.572,86.260,201,Sk,https://carga-351.example.com/recurso/351?x=1&y=2,,ok,
create,352,6,16132.680,85.674,201,Sm,https://carga-352.example.com/recurso/352?x=1&y=2,,ok,
create,358,5,16180.876,47.510,201,Sn,https://carga-358.example.com/recurso/358?x=1&y=2,,ok,
create,353,8,16141.456,98.917,201,So,https://carga-353.example.com/recurso/353?x=1&y=2,,ok,
create,354,4,16149.226,102.983,201,Sp,https://carga-354.example.com/recurso/354?x=1&y=2,,ok,
create,355,2,16157.033,107.747,201,Sq,https://carga-355.example.com/recurso/355?x=1&y=2,,ok,
create,356,0,16164.946,111.575,201,Sr,https://carga-356.example.com/recurso/356?x=1&y=2,,ok,
create,357,9,16173.195,115.294,201,Ss,https://carga-357.example.com/recurso/357?x=1&y=2,,ok,
create,359,1,16191.069,109.001,201,St,https://carga-359.example.com/recurso/359?x=1&y=2,,ok,
create,360,3,16199.608,113.117,201,Su,https://carga-360.example.com/recurso/360?x=1&y=2,,ok,
create,361,7,16208.960,115.911,201,Sv,https://carga-361.example.com/recurso/361?x=1&y=2,,ok,
create,362,6,16218.502,120.389,201,Sw,https://carga-362.example.com/recurso/362?x=1&y=2,,ok,
create,363,5,16228.539,120.937,201,Sx,https://carga-363.example.com/recurso/363?x=1&y=2,,ok,
create,364,8,16240.511,118.263,201,Sy,https://carga-364.example.com/recurso/364?x=1&y=2,,ok,
create,365,4,16252.321,114.462,201,Sz,https://carga-365.example.com/recurso/365?x=1&y=2,,ok,
create,366,2,16264.887,111.819,201,T1,https://carga-366.example.com/recurso/366?x=1&y=2,,ok,
create,367,0,16276.644,108.884,201,T2,https://carga-367.example.com/recurso/367?x=1&y=2,,ok,
create,368,9,16288.604,105.015,201,T3,https://carga-368.example.com/recurso/368?x=1&y=2,,ok,
create,369,1,16300.228,102.423,201,T4,https://carga-369.example.com/recurso/369?x=1&y=2,,ok,
create,370,3,16312.861,98.241,201,T5,https://carga-370.example.com/recurso/370?x=1&y=2,,ok,
create,371,7,16324.984,94.521,201,T6,https://carga-371.example.com/recurso/371?x=1&y=2,,ok,
create,372,6,16339.006,88.331,201,T7,https://carga-372.example.com/recurso/372?x=1&y=2,,ok,
create,373,5,16349.594,85.590,201,T8,https://carga-373.example.com/recurso/373?x=1&y=2,,ok,
create,374,8,16358.879,85.074,201,T9,https://carga-374.example.com/recurso/374?x=1&y=2,,ok,
create,375,4,16366.891,85.202,201,TA,https://carga-375.example.com/recurso/375?x=1&y=2,,ok,
create,376,2,16376.786,83.317,201,TB,https://carga-376.example.com/recurso/376?x=1&y=2,,ok,
create,377,0,16385.637,82.616,201,TC,https://carga-377.example.com/recurso/377?x=1&y=2,,ok,
create,378,9,16393.747,82.556,201,TD,https://carga-378.example.com/recurso/378?x=1&y=2,,ok,
create,379,1,16402.764,81.468,201,TE,https://carga-379.example.com/recurso/379?x=1&y=2,,ok,
create,380,3,16411.209,81.932,201,TF,https://carga-380.example.com/recurso/380?x=1&y=2,,ok,
create,381,7,16419.610,82.171,201,TG,https://carga-381.example.com/recurso/381?x=1&y=2,,ok,
create,382,6,16427.452,83.261,201,TH,https://carga-382.example.com/recurso/382?x=1&y=2,,ok,
create,383,5,16435.293,83.747,201,TJ,https://carga-383.example.com/recurso/383?x=1&y=2,,ok,
create,384,8,16444.086,82.776,201,TK,https://carga-384.example.com/recurso/384?x=1&y=2,,ok,
create,385,4,16452.196,83.783,201,TL,https://carga-385.example.com/recurso/385?x=1&y=2,,ok,
create,386,2,16460.197,85.411,201,TM,https://carga-386.example.com/recurso/386?x=1&y=2,,ok,
create,387,0,16468.383,85.626,201,TN,https://carga-387.example.com/recurso/387?x=1&y=2,,ok,
create,388,9,16476.405,86.784,201,TP,https://carga-388.example.com/recurso/388?x=1&y=2,,ok,
create,389,1,16484.326,87.584,201,TQ,https://carga-389.example.com/recurso/389?x=1&y=2,,ok,
create,390,3,16493.252,87.341,201,TR,https://carga-390.example.com/recurso/390?x=1&y=2,,ok,
create,391,7,16501.914,87.295,201,TS,https://carga-391.example.com/recurso/391?x=1&y=2,,ok,
create,392,6,16510.820,87.218,201,TT,https://carga-392.example.com/recurso/392?x=1&y=2,,ok,
create,393,5,16519.149,87.108,201,TU,https://carga-393.example.com/recurso/393?x=1&y=2,,ok,
create,394,8,16526.950,87.496,201,TV,https://carga-394.example.com/recurso/394?x=1&y=2,,ok,
create,395,4,16536.100,86.870,201,TW,https://carga-395.example.com/recurso/395?x=1&y=2,,ok,
create,396,2,16545.708,86.045,201,TX,https://carga-396.example.com/recurso/396?x=1&y=2,,ok,
create,397,0,16554.148,87.200,201,TY,https://carga-397.example.com/recurso/397?x=1&y=2,,ok,
create,398,9,16563.296,86.651,201,TZ,https://carga-398.example.com/recurso/398?x=1&y=2,,ok,
create,399,1,16572.005,85.858,201,Ta,https://carga-399.example.com/recurso/399?x=1&y=2,,ok,
create,400,3,16580.698,85.829,201,Tb,https://carga-400.example.com/recurso/400?x=1&y=2,,ok,
create,401,7,16589.336,86.371,201,Tc,https://carga-401.example.com/recurso/401?x=1&y=2,,ok,
create,402,6,16598.137,85.523,201,Td,https://carga-402.example.com/recurso/402?x=1&y=2,,ok,
create,403,5,16606.352,86.702,201,Te,https://carga-403.example.com/recurso/403?x=1&y=2,,ok,
create,404,8,16614.547,87.507,201,Tf,https://carga-404.example.com/recurso/404?x=1&y=2,,ok,
create,405,4,16623.113,87.213,201,Tg,https://carga-405.example.com/recurso/405?x=1&y=2,,ok,
create,406,2,16631.858,87.087,201,Th,https://carga-406.example.com/recurso/406?x=1&y=2,,ok,
create,407,0,16641.474,86.799,201,Ti,https://carga-407.example.com/recurso/407?x=1&y=2,,ok,
create,408,9,16650.056,86.278,201,Tj,https://carga-408.example.com/recurso/408?x=1&y=2,,ok,
create,409,1,16657.936,86.355,201,Tk,https://carga-409.example.com/recurso/409?x=1&y=2,,ok,
create,410,3,16666.680,85.721,201,Tm,https://carga-410.example.com/recurso/410?x=1&y=2,,ok,
create,411,7,16675.810,85.254,201,Tn,https://carga-411.example.com/recurso/411?x=1&y=2,,ok,
create,412,6,16683.758,86.022,201,To,https://carga-412.example.com/recurso/412?x=1&y=2,,ok,
create,413,5,16693.160,85.622,201,Tp,https://carga-413.example.com/recurso/413?x=1&y=2,,ok,
create,414,8,16702.153,84.766,201,Tq,https://carga-414.example.com/recurso/414?x=1&y=2,,ok,
create,415,4,16710.463,84.815,201,Tr,https://carga-415.example.com/recurso/415?x=1&y=2,,ok,
create,416,2,16719.053,84.637,201,Ts,https://carga-416.example.com/recurso/416?x=1&y=2,,ok,
create,417,0,16728.381,83.556,201,Tt,https://carga-417.example.com/recurso/417?x=1&y=2,,ok,
create,418,9,16736.451,84.855,201,Tu,https://carga-418.example.com/recurso/418?x=1&y=2,,ok,
create,419,1,16744.383,84.933,201,Tv,https://carga-419.example.com/recurso/419?x=1&y=2,,ok,
create,420,3,16752.512,85.039,201,Tw,https://carga-420.example.com/recurso/420?x=1&y=2,,ok,
create,421,7,16761.165,84.689,201,Tx,https://carga-421.example.com/recurso/421?x=1&y=2,,ok,
create,422,6,16769.903,84.734,201,Ty,https://carga-422.example.com/recurso/422?x=1&y=2,,ok,
create,423,5,16778.883,83.862,201,Tz,https://carga-423.example.com/recurso/423?x=1&y=2,,ok,
create,424,8,16787.019,83.572,201,U1,https://carga-424.example.com/recurso/424?x=1&y=2,,ok,
create,425,4,16795.371,83.188,201,U2,https://carga-425.example.com/recurso/425?x=1&y=2,,ok,
create,426,2,16803.797,82.819,201,U3,https://carga-426.example.com/recurso/426?x=1&y=2,,ok,
create,427,0,16811.993,83.172,201,U4,https://carga-427.example.com/recurso/427?x=1&y=2,,ok,
create,428,9,16821.401,83.286,201,U5,https://carga-428.example.com/recurso/428?x=1&y=2,,ok,
create,429,1,16829.410,83.602,201,U6,https://carga-429.example.com/recurso/429?x=1&y=2,,ok,
create,430,3,16837.637,83.923,201,U7,https://carga-430.example.com/recurso/430?x=1&y=2,,ok,
create,431,7,16845.960,84.053,201,U8,https://carga-431.example.com/recurso/431?x=1&y=2,,ok,
create,432,6,16854.740,83.667,201,U9,https://carga-432.example.com/recurso/432?x=1&y=2,,ok,
create,433,5,16862.845,83.899,201,UA,https://carga-433.example.com/recurso/433?x=1&y=2,,ok,
create,434,8,16870.696,84.881,201,UB,https://carga-434.example.com/recurso/434?x=1&y=2,,ok,
create,435,4,16878.646,86.346,201,UC,https://carga-435.example.com/recurso/435?x=1&y=2,,ok,
create,436,2,16886.703,86.502,201,UD,https://carga-436.example.com/recurso/436?x=1&y=2,,ok,
create,437,0,16895.267,85.822,201,UE,https://carga-437.example.com/recurso/437?x=1&y=2,,ok,
create,438,9,16904.782,85.175,201,UF,https://carga-438.example.com/recurso/438?x=1&y=2,,ok,
create,439,1,16913.106,85.757,201,UG,https://carga-439.example.com/recurso/439?x=1&y=2,,ok,
create,440,3,16921.689,85.449,201,UH,https://carga-440.example.com/recurso/440?x=1&y=2,,ok,
create,441,7,16930.102,85.379,201,UJ,https://carga-441.example.com/recurso/441?x=1&y=2,,ok,
create,442,6,16938.542,84.912,201,UK,https://carga-442.example.com/recurso/442?x=1&y=2,,ok,
create,443,5,16946.859,85.336,201,UL,https://carga-443.example.com/recurso/443?x=1&y=2,,ok,
create,444,8,16955.740,85.248,201,UM,https://carga-444.example.com/recurso/444?x=1&y=2,,ok,
create,445,4,16965.087,85.750,201,UN,https://carga-445.example.com/recurso/445?x=1&y=2,,ok,
create,446,2,16973.305,85.773,201,UP,https://carga-446.example.com/recurso/446?x=1&y=2,,ok,
create,447,0,16981.200,86.020,201,UQ,https://carga-447.example.com/recurso/447?x=1&y=2,,ok,
create,448,9,16990.064,86.442,201,UR,https://carga-448.example.com/recurso/448?x=1&y=2,,ok,
create,449,1,16998.983,85.528,201,US,https://carga-449.example.com/recurso/449?x=1&y=2,,ok,
create,450,3,17007.240,85.536,201,UT,https://carga-450.example.com/recurso/450?x=1&y=2,,ok,
create,451,7,17015.583,85.476,201,UU,https://carga-451.example.com/recurso/451?x=1&y=2,,ok,
create,458,9,17076.582,32.798,201,UV,https://carga-458.example.com/recurso/458?x=1&y=2,,ok,
create,460,3,17092.837,24.785,201,UW,https://carga-460.example.com/recurso/460?x=1&y=2,,ok,
create,452,6,17023.544,102.656,201,UX,https://carga-452.example.com/recurso/452?x=1&y=2,,ok,
create,453,5,17032.310,102.822,201,UY,https://carga-453.example.com/recurso/453?x=1&y=2,,ok,
create,454,8,17041.096,102.580,201,UZ,https://carga-454.example.com/recurso/454?x=1&y=2,,ok,
create,455,4,17050.935,101.655,201,Ua,https://carga-455.example.com/recurso/455?x=1&y=2,,ok,
create,456,2,17059.165,101.766,201,Ub,https://carga-456.example.com/recurso/456?x=1&y=2,,ok,
create,457,0,17067.371,102.606,201,Uc,https://carga-457.example.com/recurso/457?x=1&y=2,,ok,
create,459,1,17084.608,93.148,201,Ud,https://carga-459.example.com/recurso/459?x=1&y=2,,ok,
create,461,7,17101.165,84.417,201,Ue,https://carga-461.example.com/recurso/461?x=1&y=2,,ok,
create,462,9,17109.543,84.493,201,Uf,https://carga-462.example.com/recurso/462?x=1&y=2,,ok,
create,463,3,17117.749,84.178,201,Ug,https://carga-463.example.com/recurso/463?x=1&y=2,,ok,
create,464,6,17126.299,84.152,201,Uh,https://carga-464.example.com/recurso/464?x=1&y=2,,ok,
create,465,5,17135.233,83.529,201,Ui,https://carga-465.example.com/recurso/465?x=1&y=2,,ok,
create,466,8,17143.804,83.600,201,Uj,https://carga-466.example.com/recurso/466?x=1&y=2,,ok,
create,468,2,17161.047,74.919,201,Uk,https://carga-468.example.com/recurso/468?x=1&y=2,,ok,
create,467,4,17152.693,91.171,201,Um,https://carga-467.example.com/recurso/467?x=1&y=2,,ok,
create,469,0,17170.084,82.270,201,Un,https://carga-469.example.com/recurso/469?x=1&y=2,,ok,
create,470,1,17177.849,82.381,201,Uo,https://carga-470.example.com/recurso/470?x=1&y=2,,ok,
create,471,7,17185.727,82.704,201,Up,https://carga-471.example.com/recurso/471?x=1&y=2,,ok,
create,472,9,17194.137,82.117,201,Uq,https://carga-472.example.com/recurso/472?x=1&y=2,,ok,
create,473,3,17202.022,82.635,201,Ur,https://carga-473.example.com/recurso/473?x=1&y=2,,ok,
create,474,6,17210.563,82.007,201,Us,https://carga-474.example.com/recurso/474?x=1&y=2,,ok,
create,475,5,17218.861,82.172,201,Ut,https://carga-475.example.com/recurso/475?x=1&y=2,,ok,
create,476,8,17227.544,82.637,201,Uu,https://carga-476.example.com/recurso/476?x=1&y=2,,ok,
create,477,2,17236.085,83.294,201,Uv,https://carga-477.example.com/recurso/477?x=1&y=2,,ok,
create,478,4,17243.951,83.664,201,Uw,https://carga-478.example.com/recurso/478?x=1&y=2,,ok,
create,479,0,17252.497,84.566,201,Ux,https://carga-479.example.com/recurso/479?x=1&y=2,,ok,
create,480,1,17260.330,85.843,201,Uy,https://carga-480.example.com/recurso/480?x=1&y=2,,ok,
create,481,7,17268.526,86.912,201,Uz,https://carga-481.example.com/recurso/481?x=1&y=2,,ok,
create,482,9,17276.361,90.219,201,V1,https://carga-482.example.com/recurso/482?x=1&y=2,,ok,
create,483,3,17284.784,90.953,201,V2,https://carga-483.example.com/recurso/483?x=1&y=2,,ok,
create,484,6,17292.656,92.344,201,V3,https://carga-484.example.com/recurso/484?x=1&y=2,,ok,
create,485,5,17301.173,93.351,201,V4,https://carga-485.example.com/recurso/485?x=1&y=2,,ok,
create,486,8,17310.282,93.110,201,V5,https://carga-486.example.com/recurso/486?x=1&y=2,,ok,
create,487,2,17319.567,93.613,201,V6,https://carga-487.example.com/recurso/487?x=1&y=2,,ok,
create,488,4,17327.719,93.251,201,V7,https://carga-488.example.com/recurso/488?x=1&y=2,,ok,
create,489,0,17337.201,93.148,201,V8,https://carga-489.example.com/recurso/489?x=1&y=2,,ok,
create,490,1,17346.277,92.938,201,V9,https://carga-490.example.com/recurso/490?x=1&y=2,,ok,
create,491,7,17355.520,91.781,201,VA,https://carga-491.example.com/recurso/491?x=1&y=2,,ok,
create,492,9,17366.680,88.993,201,VB,https://carga-492.example.com/recurso/492?x=1&y=2,,ok,
create,493,3,17375.885,87.956,201,VC,https://carga-493.example.com/recurso/493?x=1&y=2,,ok,
create,494,6,17385.123,86.766,201,VD,https://carga-494.example.com/recurso/494?x=1&y=2,,ok,
create,495,5,17394.656,85.739,201,VE,https://carga-495.example.com/recurso/495?x=1&y=2,,ok,
create,496,8,17403.546,86.084,201,VF,https://carga-496.example.com/recurso/496?x=1&y=2,,ok,
create,497,2,17413.292,84.561,201,VG,https://carga-497.example.com/recurso/497?x=1&y=2,,ok,
create,498,4,17421.079,85.183,201,VH,https://carga-498.example.com/recurso/498?x=1&y=2,,ok,
create,499,0,17430.590,83.508,201,VJ,https://carga-499.example.com/recurso/499?x=1&y=2,,ok,
create,500,1,17439.321,83.385,201,VK,https://carga-500.example.com/recurso/500?x=1&y=2,,ok,
create,501,7,17447.382,83.603,201,VL,https://carga-501.example.com/recurso/501?x=1&y=2,,ok,
create,502,9,17455.765,83.443,201,VM,https://carga-502.example.com/recurso/502?x=1&y=2,,ok,
create,503,3,17463.940,83.151,201,VN,https://carga-503.example.com/recurso/503?x=1&y=2,,ok,
create,504,6,17471.977,83.823,201,VP,https://carga-504.example.com/recurso/504?x=1&y=2,,ok,
create,505,5,17480.541,83.553,201,VQ,https://carga-505.example.com/recurso/505?x=1&y=2,,ok,
create,506,8,17489.761,83.892,201,VR,https://carga-506.example.com/recurso/506?x=1&y=2,,ok,
create,507,2,17497.938,83.829,201,VS,https://carga-507.example.com/recurso/507?x=1&y=2,,ok,
create,508,4,17506.369,83.616,201,VT,https://carga-508.example.com/recurso/508?x=1&y=2,,ok,
create,509,0,17514.186,83.837,201,VU,https://carga-509.example.com/recurso/509?x=1&y=2,,ok,
create,510,1,17522.811,83.937,201,VV,https://carga-510.example.com/recurso/510?x=1&y=2,,ok,
create,511,7,17531.086,84.553,201,VW,https://carga-511.example.com/recurso/511?x=1&y=2,,ok,
create,512,9,17539.299,84.894,201,VX,https://carga-512.example.com/recurso/512?x=1&y=2,,ok,
create,513,3,17547.193,85.548,201,VY,https://carga-513.example.com/recurso/513?x=1&y=2,,ok,
create,514,6,17555.891,84.392,201,VZ,https://carga-514.example.com/recurso/514?x=1&y=2,,ok,
create,515,5,17564.210,85.257,201,Va,https://carga-515.example.com/recurso/515?x=1&y=2,,ok,
create,516,8,17573.756,84.305,201,Vb,https://carga-516.example.com/recurso/516?x=1&y=2,,ok,
create,517,2,17581.858,84.470,201,Vc,https://carga-517.example.com/recurso/517?x=1&y=2,,ok,
create,518,4,17590.078,84.599,201,Vd,https://carga-518.example.com/recurso/518?x=1&y=2,,ok,
create,519,0,17598.122,84.397,201,Ve,https://carga-519.example.com/recurso/519?x=1&y=2,,ok,
create,520,1,17606.836,83.823,201,Vf,https://carga-520.example.com/recurso/520?x=1&y=2,,ok,
create,521,7,17615.751,83.353,201,Vg,https://carga-521.example.com/recurso/521?x=1&y=2,,ok,
create,522,9,17624.332,83.443,201,Vh,https://carga-522.example.com/recurso/522?x=1&y=2,,ok,
create,523,3,17632.830,83.502,201,Vi,https://carga-523.example.com/recurso/523?x=1&y=2,,ok,
create,524,6,17640.375,83.809,201,Vj,https://carga-524.example.com/recurso/524?x=1&y=2,,ok,
create,525,5,17649.548,82.812,201,Vk,https://carga-525.example.com/recurso/525?x=1&y=2,,ok,
create,526,8,17658.169,82.432,201,Vm,https://carga-526.example.com/recurso/526?x=1&y=2,,ok,
create,527,2,17666.458,82.413,201,Vn,https://carga-527.example.com/recurso/527?x=1&y=2,,ok,
create,528,4,17674.770,82.514,201,Vo,https://carga-528.example.com/recurso/528?x=1&y=2,,ok,
create,529,0,17682.598,83.603,201,Vp,https://carga-529.example.com/recurso/529?x=1&y=2,,ok,
create,530,1,17690.746,83.506,201,Vq,https://carga-530.example.com/recurso/530?x=1&y=2,,ok,
create,531,7,17699.195,82.749,201,Vr,https://carga-531.example.com/recurso/531?x=1&y=2,,ok,
create,532,9,17707.893,82.190,201,Vs,https://carga-532.example.com/recurso/532?x=1&y=2,,ok,
create,533,3,17716.456,81.880,201,Vt,https://carga-533.example.com/recurso/533?x=1&y=2,,ok,
create,534,6,17724.264,82.813,201,Vu,https://carga-534.example.com/recurso/534?x=1&y=2,,ok,
create,535,5,17732.520,82.469,201,Vv,https://carga-535.example.com/recurso/535?x=1&y=2,,ok,
create,536,8,17740.687,82.423,201,Vw,https://carga-536.example.com/recurso/536?x=1&y=2,,ok,
create,537,2,17748.980,82.178,201,Vx,https://carga-537.example.com/recurso/537?x=1&y=2,,ok,
create,538,4,17757.450,82.088,201,Vy,https://carga-538.example.com/recurso/538?x=1&y=2,,ok,
create,539,0,17766.292,81.825,201,Vz,https://carga-539.example.com/recurso/539?x=1&y=2,,ok,
create,540,1,17774.339,82.166,201,W1,https://carga-540.example.com/recurso/540?x=1&y=2,,ok,
create,541,7,17782.038,83.015,201,W2,https://carga-541.example.com/recurso/541?x=1&y=2,,ok,
create,542,9,17790.181,83.556,201,W3,https://carga-542.example.com/recurso/542?x=1&y=2,,ok,
create,543,3,17798.461,83.742,201,W4,https://carga-543.example.com/recurso/543?x=1&y=2,,ok,
create,544,6,17807.173,83.439,201,W5,https://carga-544.example.com/recurso/544?x=1&y=2,,ok,
create,545,5,17815.079,83.064,201,W6,https://carga-545.example.com/recurso/545?x=1&y=2,,ok,
create,546,8,17823.206,82.949,201,W7,https://carga-546.example.com/recurso/546?x=1&y=2,,ok,
create,547,2,17831.236,83.552,201,W8,https://carga-547.example.com/recurso/547?x=1&y=2,,ok,
create,548,4,17839.658,83.137,201,W9,https://carga-548.example.com/recurso/548?x=1&y=2,,ok,
create,549,0,17848.239,83.406,201,WA,https://carga-549.example.com/recurso/549?x=1&y=2,,ok,
create,550,1,17856.648,83.554,201,WB,https://carga-550.example.com/recurso/550?x=1&y=2,,ok,
create,551,7,17865.149,83.717,201,WC,https://carga-551.example.com/recurso/551?x=1&y=2,,ok,
create,552,9,17873.825,82.854,201,WD,https://carga-552.example.com/recurso/552?x=1&y=2,,ok,
create,553,3,17882.330,82.224,201,WE,https://carga-553.example.com/recurso/553?x=1&y=2,,ok,
create,554,6,17890.708,82.367,201,WF,https://carga-554.example.com/recurso/554?x=1&y=2,,ok,
create,555,5,17898.230,82.973,201,WG,https://carga-555.example.com/recurso/555?x=1&y=2,,ok,
create,556,8,17906.248,82.938,201,WH,https://carga-556.example.com/recurso/556?x=1&y=2,,ok,
create,557,2,17914.877,83.668,201,WJ,https://carga-557.example.com/recurso/557?x=1&y=2,,ok,
create,558,4,17922.883,84.526,201,WK,https://carga-558.example.com/recurso/558?x=1&y=2,,ok,
create,559,0,17931.747,83.488,201,WL,https://carga-559.example.com/recurso/559?x=1&y=2,,ok,
create,560,1,17940.310,84.661,201,WM,https://carga-560.example.com/recurso/560?x=1&y=2,,ok,
create,561,7,17948.943,86.017,201,WN,https://carga-561.example.com/recurso/561?x=1&y=2,,ok,
create,562,9,17956.788,86.442,201,WP,https://carga-562.example.com/recurso/562?x=1&y=2,,ok,
create,563,3,17964.634,86.806,201,WQ,https://carga-563.example.com/recurso/563?x=1&y=2,,ok,
create,564,6,17973.164,86.385,201,WR,https://carga-564.example.com/recurso/564?x=1&y=2,,ok,
create,565,5,17981.296,86.257,201,WS,https://carga-565.example.com/recurso/565?x=1&y=2,,ok,
create,566,8,17989.292,86.976,201,WT,https://carga-566.example.com/recurso/566?x=1&y=2,,ok,
create,567,2,17998.663,85.205,201,WU,https://carga-567.example.com/recurso/567?x=1&y=2,,ok,
create,568,4,18007.521,84.360,201,WV,https://carga-568.example.com/recurso/568?x=1&y=2,,ok,
create,569,0,18015.350,84.831,201,WW,https://carga-569.example.com/recurso/569?x=1&y=2,,ok,
create,570,1,18025.097,83.608,201,WX,https://carga-570.example.com/recurso/570?x=1&y=2,,ok,
create,571,7,18035.067,81.963,201,WY,https://carga-571.example.com/recurso/571?x=1&y=2,,ok,
create,572,9,18043.324,82.274,201,WZ,https://carga-572.example.com/recurso/572?x=1&y=2,,ok,
create,573,3,18051.527,84.334,201,Wa,https://carga-573.example.com/recurso/573?x=1&y=2,,ok,
create,574,6,18059.643,84.349,201,Wb,https://carga-574.example.com/recurso/574?x=1&y=2,,ok,
create,575,5,18067.649,84.385,201,Wc,https://carga-575.example.com/recurso/575?x=1&y=2,,ok,
create,576,8,18076.383,84.172,201,Wd,https://carga-576.example.com/recurso/576?x=1&y=2,,ok,
create,577,2,18083.959,84.739,201,We,https://carga-577.example.com/recurso/577?x=1&y=2,,ok,
create,578,4,18091.976,85.030,201,Wf,https://carga-578.example.com/recurso/578?x=1&y=2,,ok,
create,579,0,18100.273,84.748,201,Wg,https://carga-579.example.com/recurso/579?x=1&y=2,,ok,
create,580,1,18108.825,83.931,201,Wh,https://carga-580.example.com/recurso/580?x=1&y=2,,ok,
create,581,7,18117.124,84.186,201,Wi,https://carga-581.example.com/recurso/581?x=1&y=2,,ok,
create,582,9,18125.734,83.994,201,Wj,https://carga-582.example.com/recurso/582?x=1&y=2,,ok,
create,583,3,18135.953,81.976,201,Wk,https://carga-583.example.com/recurso/583?x=1&y=2,,ok,
create,584,6,18144.069,81.833,201,Wm,https://carga-584.example.com/recurso/584?x=1&y=2,,ok,
create,585,5,18152.151,81.447,201,Wn,https://carga-585.example.com/recurso/585?x=1&y=2,,ok,
create,586,8,18160.661,80.706,201,Wo,https://carga-586.example.com/recurso/586?x=1&y=2,,ok,
create,587,2,18168.777,81.383,201,Wp,https://carga-587.example.com/recurso/587?x=1&y=2,,ok,
create,588,4,18177.111,80.773,201,Wq,https://carga-588.example.com/recurso/588?x=1&y=2,,ok,
create,589,0,18185.113,80.919,201,Wr,https://carga-589.example.com/recurso/589?x=1&y=2,,ok,
create,590,1,18192.841,80.995,201,Ws,https://carga-590.example.com/recurso/590?x=1&y=2,,ok,
create,591,7,18201.408,80.323,201,Wt,https://carga-591.example.com/recurso/591?x=1&y=2,,ok,
create,592,9,18209.829,81.167,201,Wu,https://carga-592.example.com/recurso/592?x=1&y=2,,ok,
create,593,3,18218.016,82.274,201,Wv,https://carga-593.example.com/recurso/593?x=1&y=2,,ok,
create,594,6,18225.994,82.777,201,Ww,https://carga-594.example.com/recurso/594?x=1&y=2,,ok,
create,595,5,18233.669,83.627,201,Wx,https://carga-595.example.com/recurso/595?x=1&y=2,,ok,
create,596,8,18241.498,85.039,201,Wy,https://carga-596.example.com/recurso/596?x=1&y=2,,ok,
create,597,2,18250.246,85.002,201,Wz,https://carga-597.example.com/recurso/597?x=1&y=2,,ok,
create,598,4,18258.005,85.089,201,X1,https://carga-598.example.com/recurso/598?x=1&y=2,,ok,
create,599,0,18266.114,85.675,201,X2,https://carga-599.example.com/recurso/599?x=1&y=2,,ok,
create,600,1,18273.924,86.220,201,X3,https://carga-600.example.com/recurso/600?x=1&y=2,,ok,
create,601,7,18281.831,86.074,201,X4,https://carga-601.example.com/recurso/601?x=1&y=2,,ok,
create,602,9,18291.101,84.548,201,X5,https://carga-602.example.com/recurso/602?x=1&y=2,,ok,
create,603,3,18300.385,84.399,201,X6,https://carga-603.example.com/recurso/603?x=1&y=2,,ok,
create,604,6,18308.860,84.372,201,X7,https://carga-604.example.com/recurso/604?x=1&y=2,,ok,
create,605,5,18317.447,84.575,201,X8,https://carga-605.example.com/recurso/605?x=1&y=2,,ok,
create,606,8,18326.635,83.028,201,X9,https://carga-606.example.com/recurso/606?x=1&y=2,,ok,
create,607,2,18335.356,82.193,201,XA,https://carga-607.example.com/recurso/607?x=1&y=2,,ok,
create,608,4,18343.177,82.886,201,XB,https://carga-608.example.com/recurso/608?x=1&y=2,,ok,
create,609,0,18351.872,83.279,201,XC,https://carga-609.example.com/recurso/609?x=1&y=2,,ok,
create,610,1,18360.238,82.926,201,XD,https://carga-610.example.com/recurso/610?x=1&y=2,,ok,
create,611,7,18367.984,83.072,201,XE,https://carga-611.example.com/recurso/611?x=1&y=2,,ok,
create,612,9,18375.736,83.516,201,XF,https://carga-612.example.com/recurso/612?x=1&y=2,,ok,
create,613,3,18384.890,82.588,201,XG,https://carga-613.example.com/recurso/613?x=1&y=2,,ok,
create,614,6,18393.357,82.495,201,XH,https://carga-614.example.com/recurso/614?x=1&y=2,,ok,
create,615,5,18402.113,82.665,201,XJ,https://carga-615.example.com/recurso/615?x=1&y=2,,ok,
create,616,8,18409.744,82.896,201,XK,https://carga-616.example.com/recurso/616?x=1&y=2,,ok,
create,617,2,18417.636,82.838,201,XL,https://carga-617.example.com/recurso/617?x=1&y=2,,ok,
create,618,4,18426.159,82.428,201,XM,https://carga-618.example.com/recurso/618?x=1&y=2,,ok,
create,619,0,18435.241,81.538,201,XN,https://carga-619.example.com/recurso/619?x=1&y=2,,ok,
create,620,1,18443.250,82.318,201,XP,https://carga-620.example.com/recurso/620?x=1&y=2,,ok,
create,621,7,18451.151,83.103,201,XQ,https://carga-621.example.com/recurso/621?x=1&y=2,,ok,
create,622,9,18459.341,83.504,201,XR,https://carga-622.example.com/recurso/622?x=1&y=2,,ok,
create,623,3,18467.570,83.352,201,XS,https://carga-623.example.com/recurso/623?x=1&y=2,,ok,
create,624,6,18475.947,82.777,201,XT,https://carga-624.example.com/recurso/624?x=1&y=2,,ok,
create,625,5,18484.871,82.028,201,XU,https://carga-625.example.com/recurso/625?x=1&y=2,,ok,
create,626,8,18492.748,82.692,201,XV,https://carga-626.example.com/recurso/626?x=1&y=2,,ok,
create,627,2,18500.553,83.654,201,XW,https://carga-627.example.com/recurso/627?x=1&y=2,,ok,
create,628,4,18508.669,83.388,201,XX,https://carga-628.example.com/recurso/628?x=1&y=2,,ok,
create,629,0,18516.870,84.127,201,XY,https://carga-629.example.com/recurso/629?x=1&y=2,,ok,
create,630,1,18525.692,83.779,201,XZ,https://carga-630.example.com/recurso/630?x=1&y=2,,ok,
create,631,7,18534.353,83.731,201,Xa,https://carga-631.example.com/recurso/631?x=1&y=2,,ok,
create,632,9,18542.955,83.557,201,Xb,https://carga-632.example.com/recurso/632?x=1&y=2,,ok,
create,633,3,18550.997,83.737,201,Xc,https://carga-633.example.com/recurso/633?x=1&y=2,,ok,
create,634,6,18558.826,84.485,201,Xd,https://carga-634.example.com/recurso/634?x=1&y=2,,ok,
create,635,5,18566.990,84.780,201,Xe,https://carga-635.example.com/recurso/635?x=1&y=2,,ok,
create,636,8,18575.549,84.392,201,Xf,https://carga-636.example.com/recurso/636?x=1&y=2,,ok,
create,637,2,18584.287,84.409,201,Xg,https://carga-637.example.com/recurso/637?x=1&y=2,,ok,
create,638,4,18592.163,84.760,201,Xh,https://carga-638.example.com/recurso/638?x=1&y=2,,ok,
create,639,0,18601.095,84.259,201,Xi,https://carga-639.example.com/recurso/639?x=1&y=2,,ok,
create,647,2,18668.753,25.331,201,Xj,https://carga-647.example.com/recurso/647?x=1&y=2,,ok,
create,640,1,18609.593,92.917,201,Xk,https://carga-640.example.com/recurso/640?x=1&y=2,,ok,
create,641,7,18618.175,92.396,201,Xm,https://carga-641.example.com/recurso/641?x=1&y=2,,ok,
create,642,9,18626.608,91.913,201,Xn,https://carga-642.example.com/recurso/642?x=1&y=2,,ok,
create,643,3,18634.832,91.295,201,Xo,https://carga-643.example.com/recurso/643?x=1&y=2,,ok,
create,644,6,18643.409,91.033,201,Xp,https://carga-644.example.com/recurso/644?x=1&y=2,,ok,
create,645,5,18651.871,91.764,201,Xq,https://carga-645.example.com/recurso/645?x=1&y=2,,ok,
create,646,8,18660.051,92.386,201,Xr,https://carga-646.example.com/recurso/646?x=1&y=2,,ok,
create,648,4,18677.027,84.002,201,Xs,https://carga-648.example.com/recurso/648?x=1&y=2,,ok,
create,649,0,18685.491,83.846,201,Xt,https://carga-649.example.com/recurso/649?x=1&y=2,,ok,
create,650,2,18694.215,84.880,201,Xu,https://carga-650.example.com/recurso/650?x=1&y=2,,ok,
create,651,1,18702.608,85.523,201,Xv,https://carga-651.example.com/recurso/651?x=1&y=2,,ok,
create,652,7,18710.653,85.827,201,Xw,https://carga-652.example.com/recurso/652?x=1&y=2,,ok,
create,653,9,18718.643,85.940,201,Xx,https://carga-653.example.com/recurso/653?x=1&y=2,,ok,
create,654,3,18726.233,87.129,201,Xy,https://carga-654.example.com/recurso/654?x=1&y=2,,ok,
create,655,6,18734.541,87.025,201,Xz,https://carga-655.example.com/recurso/655?x=1&y=2,,ok,
create,656,5,18743.740,86.311,201,Y1,https://carga-656.example.com/recurso/656?x=1&y=2,,ok,
create,657,8,18752.536,85.556,201,Y2,https://carga-657.example.com/recurso/657?x=1&y=2,,ok,
create,658,4,18761.115,85.770,201,Y3,https://carga-658.example.com/recurso/658?x=1&y=2,,ok,
create,659,0,18769.434,85.961,201,Y4,https://carga-659.example.com/recurso/659?x=1&y=2,,ok,
create,660,2,18779.182,84.546,201,Y5,https://carga-660.example.com/recurso/660?x=1&y=2,,ok,
create,661,1,18788.229,83.671,201,Y6,https://carga-661.example.com/recurso/661?x=1&y=2,,ok,
create,662,7,18796.585,83.703,201,Y7,https://carga-662.example.com/recurso/662?x=1&y=2,,ok,
create,663,9,18804.670,83.685,201,Y8,https://carga-663.example.com/recurso/663?x=1&y=2,,ok,
create,664,3,18813.473,82.968,201,Y9,https://carga-664.example.com/recurso/664?x=1&y=2,,ok,
create,665,6,18821.657,83.418,201,YA,https://carga-665.example.com/recurso/665?x=1&y=2,,ok,
create,666,5,18830.141,83.249,201,YB,https://carga-666.example.com/recurso/666?x=1&y=2,,ok,
create,667,8,18838.185,84.104,201,YC,https://carga-667.example.com/recurso/667?x=1&y=2,,ok,
create,668,4,18846.984,83.929,201,YD,https://carga-668.example.com/recurso/668?x=1&y=2,,ok,
create,669,0,18855.500,83.998,201,YE,https://carga-669.example.com/recurso/669?x=1&y=2,,ok,
create,670,2,18863.807,84.668,201,YF,https://carga-670.example.com/recurso/670?x=1&y=2,,ok,
create,671,1,18871.989,84.935,201,YG,https://carga-671.example.com/recurso/671?x=1&y=2,,ok,
create,672,7,18880.368,87.166,201,YH,https://carga-672.example.com/recurso/672?x=1&y=2,,ok,
create,673,9,18888.476,87.678,201,YJ,https://carga-673.example.com/recurso/673?x=1&y=2,,ok,
create,674,3,18896.512,89.221,201,YK,https://carga-674.example.com/recurso/674?x=1&y=2,,ok,
create,675,6,18905.124,89.185,201,YL,https://carga-675.example.com/recurso/675?x=1&y=2,,ok,
create,676,5,18913.538,90.022,201,YM,https://carga-676.example.com/recurso/676?x=1&y=2,,ok,
create,677,8,18922.388,90.213,201,YN,https://carga-677.example.com/recurso/677?x=1&y=2,,ok,
create,678,4,18931.009,90.375,201,YP,https://carga-678.example.com/recurso/678?x=1&y=2,,ok,
create,679,0,18939.606,90.626,201,YQ,https://carga-679.example.com/recurso/679?x=1&y=2,,ok,
create,680,2,18948.573,90.469,201,YR,https://carga-680.example.com/recurso/680?x=1&y=2,,ok,
create,681,1,18957.006,94.331,201,YS,https://carga-681.example.com/recurso/681?x=1&y=2,,ok,
create,682,7,18967.635,92.614,201,YT,https://carga-682.example.com/recurso/682?x=1&y=2,,ok,
create,683,9,18976.252,92.531,201,YU,https://carga-683.example.com/recurso/683?x=1&y=2,,ok,
create,684,3,18985.838,91.880,201,YV,https://carga-684.example.com/recurso/684?x=1&y=2,,ok,
create,685,6,18994.395,91.952,201,YW,https://carga-685.example.com/recurso/685?x=1&y=2,,ok,
create,686,5,19003.658,90.652,201,YX,https://carga-686.example.com/recurso/686?x=1&y=2,,ok,
create,687,8,19012.701,90.428,201,YY,https://carga-687.example.com/recurso/687?x=1&y=2,,ok,
create,688,4,19021.505,90.186,201,YZ,https://carga-688.example.com/recurso/688?x=1&y=2,,ok,
create,689,0,19030.333,90.388,201,Ya,https://carga-689.example.com/recurso/689?x=1&y=2,,ok,
create,690,2,19039.134,90.058,201,Yb,https://carga-690.example.com/recurso/690?x=1&y=2,,ok,
create,691,1,19051.476,85.919,201,Yc,https://carga-691.example.com/recurso/691?x=1&y=2,,ok,
create,692,7,19060.345,86.687,201,Yd,https://carga-692.example.com/recurso/692?x=1&y=2,,ok,
create,693,9,19068.871,86.237,201,Ye,https://carga-693.example.com/recurso/693?x=1&y=2,,ok,
create,694,3,19077.830,86.080,201,Yf,https://carga-694.example.com/recurso/694?x=1&y=2,,ok,
create,695,6,19086.456,85.993,201,Yg,https://carga-695.example.com/recurso/695?x=1&y=2,,ok,
create,696,5,19094.407,86.283,201,Yh,https://carga-696.example.com/recurso/696?x=1&y=2,,ok,
create,697,8,19103.222,86.343,201,Yi,https://carga-697.example.com/recurso/697?x=1&y=2,,ok,
create,698,4,19111.820,86.360,201,Yj,https://carga-698.example.com/recurso/698?x=1&y=2,,ok,
create,699,0,19120.803,85.887,201,Yk,https://carga-699.example.com/recurso/699?x=1&y=2,,ok,
create,700,2,19129.301,85.938,201,Ym,https://carga-700.example.com/recurso/700?x=1&y=2,,ok,
create,701,1,19137.508,86.120,201,Yn,https://carga-701.example.com/recurso/701?x=1&y=2,,ok,
create,702,7,19147.139,85.325,201,Yo,https://carga-702.example.com/recurso/702?x=1&y=2,,ok,
create,703,9,19155.185,86.408,201,Yp,https://carga-703.example.com/recurso/703?x=1&y=2,,ok,
create,704,3,19164.003,86.047,201,Yq,https://carga-704.example.com/recurso/704?x=1&y=2,,ok,
create,705,6,19172.540,85.752,201,Yr,https://carga-705.example.com/recurso/705?x=1&y=2,,ok,
create,706,5,19180.775,86.264,201,Ys,https://carga-706.example.com/recurso/706?x=1&y=2,,ok,
create,707,8,19189.657,85.968,201,Yt,https://carga-707.example.com/recurso/707?x=1&y=2,,ok,
create,708,4,19198.283,86.873,201,Yu,https://carga-708.example.com/recurso/708?x=1&y=2,,ok,
create,709,0,19206.775,87.122,201,Yv,https://carga-709.example.com/recurso/709?x=1&y=2,,ok,
create,710,2,19215.326,87.879,201,Yw,https://carga-710.example.com/recurso/710?x=1&y=2,,ok,
create,711,1,19223.708,88.246,201,Yx,https://carga-711.example.com/recurso/711?x=1&y=2,,ok,
create,712,7,19232.563,88.807,201,Yy,https://carga-712.example.com/recurso/712?x=1&y=2,,ok,
create,713,9,19241.702,88.537,201,Yz,https://carga-713.example.com/recurso/713?x=1&y=2,,ok,
create,714,3,19250.138,90.767,201,Z1,https://carga-714.example.com/recurso/714?x=1&y=2,,ok,
create,715,6,19258.377,91.826,201,Z2,https://carga-715.example.com/recurso/715?x=1&y=2,,ok,
create,716,5,19267.124,93.103,201,Z3,https://carga-716.example.com/recurso/716?x=1&y=2,,ok,
create,717,8,19275.721,93.447,201,Z4,https://carga-717.example.com/recurso/717?x=1&y=2,,ok,
create,718,4,19285.255,93.059,201,Z5,https://carga-718.example.com/recurso/718?x=1&y=2,,ok,
create,726,5,19360.286,28.686,201,Z6,https://carga-726.example.com/recurso/726?x=1&y=2,,ok,
create,719,0,19293.997,104.198,201,Z7,https://carga-719.example.com/recurso/719?x=1&y=2,,ok,
create,720,2,19303.303,104.607,201,Z8,https://carga-720.example.com/recurso/720?x=1&y=2,,ok,
create,721,1,19312.048,104.761,201,Z9,https://carga-721.example.com/recurso/721?x=1&y=2,,ok,
create,722,7,19321.518,103.848,201,ZA,https://carga-722.example.com/recurso/722?x=1&y=2,,ok,
create,723,9,19330.335,103.493,201,ZB,https://carga-723.example.com/recurso/723?x=1&y=2,,ok,
create,724,3,19341.020,101.004,201,ZC,https://carga-724.example.com/recurso/724?x=1&y=2,,ok,
create,725,6,19350.301,100.219,201,ZD,https://carga-725.example.com/recurso/725?x=1&y=2,,ok,
create,727,8,19369.298,91.312,201,ZE,https://carga-727.example.com/recurso/727?x=1&y=2,,ok,
create,728,4,19378.410,92.030,201,ZF,https://carga-728.example.com/recurso/728?x=1&y=2,,ok,
create,729,5,19389.072,90.625,201,ZG,https://carga-729.example.com/recurso/729?x=1&y=2,,ok,
create,730,0,19398.313,90.547,201,ZH,https://carga-730.example.com/recurso/730?x=1&y=2,,ok,
create,731,2,19408.051,89.279,201,ZJ,https://carga-731.example.com/recurso/731?x=1&y=2,,ok,
create,732,1,19416.941,90.324,201,ZK,https://carga-732.example.com/recurso/732?x=1&y=2,,ok,
create,733,7,19425.501,90.589,201,ZL,https://carga-733.example.com/recurso/733?x=1&y=2,,ok,
create,734,9,19433.920,90.832,201,ZM,https://carga-734.example.com/recurso/734?x=1&y=2,,ok,
create,735,3,19442.117,91.079,201,ZN,https://carga-735.example.com/recurso/735?x=1&y=2,,ok,
create,736,6,19450.605,91.002,201,ZP,https://carga-736.example.com/recurso/736?x=1&y=2,,ok,
create,737,8,19460.749,89.587,201,ZQ,https://carga-737.example.com/recurso/737?x=1&y=2,,ok,
create,738,4,19470.548,88.373,201,ZR,https://carga-738.example.com/recurso/738?x=1&y=2,,ok,
create,739,5,19479.789,87.970,201,ZS,https://carga-739.example.com/recurso/739?x=1&y=2,,ok,
create,740,0,19488.944,88.644,201,ZT,https://carga-740.example.com/recurso/740?x=1&y=2,,ok,
create,741,2,19497.435,89.643,201,ZU,https://carga-741.example.com/recurso/741?x=1&y=2,,ok,
create,742,1,19507.355,88.298,201,ZV,https://carga-742.example.com/recurso/742?x=1&y=2,,ok,
create,743,7,19516.194,88.024,201,ZW,https://carga-743.example.com/recurso/743?x=1&y=2,,ok,
create,744,9,19524.835,88.184,201,ZX,https://carga-744.example.com/recurso/744?x=1&y=2,,ok,
create,745,3,19533.287,88.672,201,ZY,https://carga-745.example.com/recurso/745?x=1&y=2,,ok,
create,746,6,19541.694,89.303,201,ZZ,https://carga-746.example.com/recurso/746?x=1&y=2,,ok,
create,747,8,19550.456,89.818,201,Za,https://carga-747.example.com/recurso/747?x=1&y=2,,ok,
create,748,4,19559.038,90.256,201,Zb,https://carga-748.example.com/recurso/748?x=1&y=2,,ok,
create,749,5,19567.864,89.978,201,Zc,https://carga-749.example.com/recurso/749?x=1&y=2,,ok,
create,750,0,19577.711,89.955,201,Zd,https://carga-750.example.com/recurso/750?x=1&y=2,,ok,
create,751,2,19587.178,89.256,201,Ze,https://carga-751.example.com/recurso/751?x=1&y=2,,ok,
create,752,1,19595.750,91.474,201,Zf,https://carga-752.example.com/recurso/752?x=1&y=2,,ok,
create,753,7,19604.310,93.783,201,Zg,https://carga-753.example.com/recurso/753?x=1&y=2,,ok,
create,754,9,19613.097,93.415,201,Zh,https://carga-754.example.com/recurso/754?x=1&y=2,,ok,
create,755,3,19622.057,94.006,201,Zi,https://carga-755.example.com/recurso/755?x=1&y=2,,ok,
create,756,6,19631.118,93.908,201,Zj,https://carga-756.example.com/recurso/756?x=1&y=2,,ok,
create,757,8,19640.372,93.453,201,Zk,https://carga-757.example.com/recurso/757?x=1&y=2,,ok,
create,758,4,19649.435,93.531,201,Zm,https://carga-758.example.com/recurso/758?x=1&y=2,,ok,
create,759,5,19657.958,94.219,201,Zn,https://carga-759.example.com/recurso/759?x=1&y=2,,ok,
create,760,0,19667.753,93.304,201,Zo,https://carga-760.example.com/recurso/760?x=1&y=2,,ok,
create,761,2,19676.525,93.471,201,Zp,https://carga-761.example.com/recurso/761?x=1&y=2,,ok,
create,762,1,19687.321,92.021,201,Zq,https://carga-762.example.com/recurso/762?x=1&y=2,,ok,
create,763,7,19698.201,90.170,201,Zr,https://carga-763.example.com/recurso/763?x=1&y=2,,ok,
create,764,9,19706.592,90.008,201,Zs,https://carga-764.example.com/recurso/764?x=1&y=2,,ok,
create,765,3,19716.166,89.095,201,Zt,https://carga-765.example.com/recurso/765?x=1&y=2,,ok,
create,766,6,19725.121,89.586,201,Zu,https://carga-766.example.com/recurso/766?x=1&y=2,,ok,
create,767,8,19733.931,90.069,201,Zv,https://carga-767.example.com/recurso/767?x=1&y=2,,ok,
create,768,4,19743.056,89.678,201,Zw,https://carga-768.example.com/recurso/768?x=1&y=2,,ok,
create,769,5,19752.269,89.335,201,Zx,https://carga-769.example.com/recurso/769?x=1&y=2,,ok,
create,770,0,19761.133,89.117,201,Zy,https://carga-770.example.com/recurso/770?x=1&y=2,,ok,
create,771,2,19770.123,88.505,201,Zz,https://carga-771.example.com/recurso/771?x=1&y=2,,ok,
create,772,1,19779.463,88.006,201,a1,https://carga-772.example.com/recurso/772?x=1&y=2,,ok,
create,773,7,19788.483,88.098,201,a2,https://carga-773.example.com/recurso/773?x=1&y=2,,ok,
create,774,9,19796.688,88.561,201,a3,https://carga-774.example.com/recurso/774?x=1&y=2,,ok,
create,775,3,19805.349,88.532,201,a4,https://carga-775.example.com/recurso/775?x=1&y=2,,ok,
create,776,6,19814.810,87.331,201,a5,https://carga-776.example.com/recurso/776?x=1&y=2,,ok,
create,777,8,19824.137,87.097,201,a6,https://carga-777.example.com/recurso/777?x=1&y=2,,ok,
create,778,4,19832.837,87.562,201,a7,https://carga-778.example.com/recurso/778?x=1&y=2,,ok,
create,779,5,19841.691,87.588,201,a8,https://carga-779.example.com/recurso/779?x=1&y=2,,ok,
create,780,0,19850.335,87.168,201,a9,https://carga-780.example.com/recurso/780?x=1&y=2,,ok,
create,781,2,19858.740,86.698,201,aA,https://carga-781.example.com/recurso/781?x=1&y=2,,ok,
create,782,1,19867.563,86.413,201,aB,https://carga-782.example.com/recurso/782?x=1&y=2,,ok,
create,783,7,19876.673,85.828,201,aC,https://carga-783.example.com/recurso/783?x=1&y=2,,ok,
create,784,9,19885.354,85.957,201,aD,https://carga-784.example.com/recurso/784?x=1&y=2,,ok,
create,785,3,19893.972,86.017,201,aE,https://carga-785.example.com/recurso/785?x=1&y=2,,ok,
create,786,6,19902.218,86.402,201,aF,https://carga-786.example.com/recurso/786?x=1&y=2,,ok,
create,787,8,19911.337,85.590,201,aG,https://carga-787.example.com/recurso/787?x=1&y=2,,ok,
create,788,4,19920.542,85.245,201,aH,https://carga-788.example.com/recurso/788?x=1&y=2,,ok,
create,789,5,19929.377,86.465,201,aJ,https://carga-789.example.com/recurso/789?x=1&y=2,,ok,
create,790,0,19937.595,87.722,201,aK,https://carga-790.example.com/recurso/790?x=1&y=2,,ok,
create,791,2,19945.508,88.654,201,aL,https://carga-791.example.com/recurso/791?x=1&y=2,,ok,
create,792,1,19954.088,89.068,201,aM,https://carga-792.example.com/recurso/792?x=1&y=2,,ok,
create,793,7,19962.629,89.586,201,aN,https://carga-793.example.com/recurso/793?x=1&y=2,,ok,
create,794,9,19971.401,89.168,201,aP,https://carga-794.example.com/recurso/794?x=1&y=2,,ok,
create,795,3,19980.083,89.388,201,aQ,https://carga-795.example.com/recurso/795?x=1&y=2,,ok,
create,796,6,19988.702,89.856,201,aR,https://carga-796.example.com/recurso/796?x=1&y=2,,ok,
create,797,8,19997.020,90.265,201,aS,https://carga-797.example.com/recurso/797?x=1&y=2,,ok,
create,798,4,20005.915,91.158,201,aT,https://carga-798.example.com/recurso/798?x=1&y=2,,ok,
create,799,5,20015.953,90.525,201,aU,https://carga-799.example.com/recurso/799?x=1&y=2,,ok,
create,800,0,20025.411,90.561,201,aV,https://carga-800.example.com/recurso/800?x=1&y=2,,ok,
create,801,2,20034.250,90.783,201,aW,https://carga-801.example.com/recurso/801?x=1&y=2,,ok,
create,802,1,20043.252,92.782,201,aX,https://carga-802.example.com/recurso/802?x=1&y=2,,ok,
create,803,7,20052.315,92.024,201,aY,https://carga-803.example.com/recurso/803?x=1&y=2,,ok,
create,804,9,20060.653,92.039,201,aZ,https://carga-804.example.com/recurso/804?x=1&y=2,,ok,
create,805,3,20069.589,91.288,201,aa,https://carga-805.example.com/recurso/805?x=1&y=2,,ok,
create,806,6,20078.640,90.999,201,ab,https://carga-806.example.com/recurso/806?x=1&y=2,,ok,
create,807,8,20087.389,91.000,201,ac,https://carga-807.example.com/recurso/807?x=1&y=2,,ok,
create,808,4,20097.169,90.591,201,ad,https://carga-808.example.com/recurso/808?x=1&y=2,,ok,
create,809,5,20106.584,90.715,201,ae,https://carga-809.example.com/recurso/809?x=1&y=2,,ok,
create,810,0,20116.066,90.099,201,af,https://carga-810.example.com/recurso/810?x=1&y=2,,ok,
create,811,2,20125.116,91.164,201,ag,https://carga-811.example.com/recurso/811?x=1&y=2,,ok,
create,812,1,20136.131,88.724,201,ah,https://carga-812.example.com/recurso/812?x=1&y=2,,ok,
create,813,7,20144.437,89.218,201,ai,https://carga-813.example.com/recurso/813?x=1&y=2,,ok,
create,814,9,20152.773,90.620,201,aj,https://carga-814.example.com/recurso/814?x=1&y=2,,ok,
create,815,3,20160.969,91.042,201,ak,https://carga-815.example.com/recurso/815?x=1&y=2,,ok,
create,816,6,20169.721,90.446,201,am,https://carga-816.example.com/recurso/816?x=1&y=2,,ok,
create,817,8,20178.511,90.888,201,an,https://carga-817.example.com/recurso/817?x=1&y=2,,ok,
create,818,4,20187.858,90.367,201,ao,https://carga-818.example.com/recurso/818?x=1&y=2,,ok,
create,819,5,20197.394,89.036,201,ap,https://carga-819.example.com/recurso/819?x=1&y=2,,ok,
create,820,0,20206.270,88.739,201,aq,https://carga-820.example.com/recurso/820?x=1&y=2,,ok,
create,821,2,20216.369,87.475,201,ar,https://carga-821.example.com/recurso/821?x=1&y=2,,ok,
create,822,1,20224.950,87.859,201,as,https://carga-822.example.com/recurso/822?x=1&y=2,,ok,
create,823,7,20233.745,88.844,201,at,https://carga-823.example.com/recurso/823?x=1&y=2,,ok,
create,824,9,20243.498,87.899,201,au,https://carga-824.example.com/recurso/824?x=1&y=2,,ok,
create,825,3,20252.105,88.258,201,av,https://carga-825.example.com/recurso/825?x=1&y=2,,ok,
create,826,6,20260.244,88.844,201,aw,https://carga-826.example.com/recurso/826?x=1&y=2,,ok,
create,827,8,20269.542,89.057,201,ax,https://carga-827.example.com/recurso/827?x=1&y=2,,ok,
create,828,4,20278.319,90.269,201,ay,https://carga-828.example.com/recurso/828?x=1&y=2,,ok,
create,829,5,20286.564,91.247,201,az,https://carga-829.example.com/recurso/829?x=1&y=2,,ok,
create,830,0,20295.117,92.088,201,b1,https://carga-830.example.com/recurso/830?x=1&y=2,,ok,
create,831,2,20303.930,91.736,201,b2,https://carga-831.example.com/recurso/831?x=1&y=2,,ok,
create,832,1,20312.924,91.934,201,b3,https://carga-832.example.com/recurso/832?x=1&y=2,,ok,
create,833,7,20322.683,91.277,201,b4,https://carga-833.example.com/recurso/833?x=1&y=2,,ok,
create,834,9,20331.522,92.621,201,b5,https://carga-834.example.com/recurso/834?x=1&y=2,,ok,
create,835,3,20340.502,92.733,201,b6,https://carga-835.example.com/recurso/835?x=1&y=2,,ok,
create,836,6,20349.168,92.542,201,b7,https://carga-836.example.com/recurso/836?x=1&y=2,,ok,
create,837,8,20358.724,93.116,201,b8,https://carga-837.example.com/recurso/837?x=1&y=2,,ok,
create,838,4,20368.709,92.131,201,b9,https://carga-838.example.com/recurso/838?x=1&y=2,,ok,
create,839,5,20377.934,91.409,201,bA,https://carga-839.example.com/recurso/839?x=1&y=2,,ok,
create,840,0,20387.293,90.975,201,bB,https://carga-840.example.com/recurso/840?x=1&y=2,,ok,
create,841,2,20395.737,91.169,201,bC,https://carga-841.example.com/recurso/841?x=1&y=2,,ok,
create,842,1,20404.964,91.179,201,bD,https://carga-842.example.com/recurso/842?x=1&y=2,,ok,
create,843,7,20414.043,91.222,201,bE,https://carga-843.example.com/recurso/843?x=1&y=2,,ok,
create,844,9,20424.222,89.513,201,bF,https://carga-844.example.com/recurso/844?x=1&y=2,,ok,
create,845,3,20433.344,89.772,201,bG,https://carga-845.example.com/recurso/845?x=1&y=2,,ok,
create,846,6,20441.782,91.322,201,bH,https://carga-846.example.com/recurso/846?x=1&y=2,,ok,
create,847,8,20451.943,91.006,201,bJ,https://carga-847.example.com/recurso/847?x=1&y=2,,ok,
create,848,4,20460.930,91.592,201,bK,https://carga-848.example.com/recurso/848?x=1&y=2,,ok,
create,849,5,20469.463,92.211,201,bL,https://carga-849.example.com/recurso/849?x=1&y=2,,ok,
create,850,0,20478.348,92.093,201,bM,https://carga-850.example.com/recurso/850?x=1&y=2,,ok,
create,851,2,20487.001,93.142,201,bN,https://carga-851.example.com/recurso/851?x=1&y=2,,ok,
create,852,1,20496.236,93.768,201,bP,https://carga-852.example.com/recurso/852?x=1&y=2,,ok,
create,853,7,20505.350,93.917,201,bQ,https://carga-853.example.com/recurso/853?x=1&y=2,,ok,
create,854,9,20513.810,94.507,201,bR,https://carga-854.example.com/recurso/854?x=1&y=2,,ok,
create,855,3,20523.217,94.092,201,bS,https://carga-855.example.com/recurso/855?x=1&y=2,,ok,
create,856,6,20533.214,94.186,201,bT,https://carga-856.example.com/recurso/856?x=1&y=2,,ok,
create,857,8,20543.062,94.158,201,bU,https://carga-857.example.com/recurso/857?x=1&y=2,,ok,
create,858,4,20552.927,93.482,201,bV,https://carga-858.example.com/recurso/858?x=1&y=2,,ok,
create,859,5,20561.773,94.304,201,bW,https://carga-859.example.com/recurso/859?x=1&y=2,,ok,
create,860,0,20570.537,94.209,201,bX,https://carga-860.example.com/recurso/860?x=1&y=2,,ok,
create,861,2,20580.274,93.833,201,bY,https://carga-861.example.com/recurso/861?x=1&y=2,,ok,
create,862,1,20590.137,92.964,201,bZ,https://carga-862.example.com/recurso/862?x=1&y=2,,ok,
create,863,7,20599.374,92.207,201,ba,https://carga-863.example.com/recurso/863?x=1&y=2,,ok,
create,864,9,20608.405,91.417,201,bb,https://carga-864.example.com/recurso/864?x=1&y=2,,ok,
create,865,3,20617.415,91.132,201,bc,https://carga-865.example.com/recurso/865?x=1&y=2,,ok,
create,866,6,20627.566,89.703,201,bd,https://carga-866.example.com/recurso/866?x=1&y=2,,ok,
create,867,8,20637.347,89.234,201,be,https://carga-867.example.com/recurso/867?x=1&y=2,,ok,
create,868,4,20646.525,91.262,201,bf,https://carga-868.example.com/recurso/868?x=1&y=2,,ok,
create,869,5,20656.166,90.747,201,bg,https://carga-869.example.com/recurso/869?x=1&y=2,,ok,
create,870,0,20664.825,90.527,201,bh,https://carga-870.example.com/recurso/870?x=1&y=2,,ok,
create,871,2,20674.206,90.034,201,bi,https://carga-871.example.com/recurso/871?x=1&y=2,,ok,
create,872,1,20683.187,89.933,201,bj,https://carga-872.example.com/recurso/872?x=1&y=2,,ok,
create,873,7,20691.661,90.907,201,bk,https://carga-873.example.com/recurso/873?x=1&y=2,,ok,
create,874,9,20699.931,91.214,201,bm,https://carga-874.example.com/recurso/874?x=1&y=2,,ok,
create,875,3,20708.631,92.284,201,bn,https://carga-875.example.com/recurso/875?x=1&y=2,,ok,
create,876,6,20717.376,97.077,201,bo,https://carga-876.example.com/recurso/876?x=1&y=2,,ok,
create,877,8,20726.678,98.615,201,bp,https://carga-877.example.com/recurso/877?x=1&y=2,,ok,
create,878,4,20737.848,96.816,201,bq,https://carga-878.example.com/recurso/878?x=1&y=2,,ok,
create,879,5,20747.023,97.783,201,br,https://carga-879.example.com/recurso/879?x=1&y=2,,ok,
create,880,0,20755.478,99.614,201,bs,https://carga-880.example.com/recurso/880?x=1&y=2,,ok,
create,881,2,20764.328,99.520,201,bt,https://carga-881.example.com/recurso/881?x=1&y=2,,ok,
create,882,1,20773.208,99.352,201,bu,https://carga-882.example.com/recurso/882?x=1&y=2,,ok,
create,883,7,20782.649,98.597,201,bv,https://carga-883.example.com/recurso/883?x=1&y=2,,ok,
create,884,9,20791.265,98.502,201,bw,https://carga-884.example.com/recurso/884?x=1&y=2,,ok,
create,885,3,20801.002,97.460,201,bx,https://carga-885.example.com/recurso/885?x=1&y=2,,ok,
create,886,6,20814.560,93.936,201,by,https://carga-886.example.com/recurso/886?x=1&y=2,,ok,
create,887,8,20825.373,91.866,201,bz,https://carga-887.example.com/recurso/887?x=1&y=2,,ok,
create,888,4,20834.754,91.480,201,c1,https://carga-888.example.com/recurso/888?x=1&y=2,,ok,
create,889,5,20844.908,90.153,201,c2,https://carga-889.example.com/recurso/889?x=1&y=2,,ok,
create,890,0,20855.227,89.504,201,c3,https://carga-890.example.com/recurso/890?x=1&y=2,,ok,
create,891,2,20863.947,89.161,201,c4,https://carga-891.example.com/recurso/891?x=1&y=2,,ok,
create,892,1,20872.670,88.900,201,c5,https://carga-892.example.com/recurso/892?x=1&y=2,,ok,
create,893,7,20881.363,89.640,201,c6,https://carga-893.example.com/recurso/893?x=1&y=2,,ok,
create,894,9,20889.854,90.036,201,c7,https://carga-894.example.com/recurso/894?x=1&y=2,,ok,
create,895,3,20898.593,89.758,201,c8,https://carga-895.example.com/recurso/895?x=1&y=2,,ok,
create,896,6,20908.620,88.913,201,c9,https://carga-896.example.com/recurso/896?x=1&y=2,,ok,
create,897,8,20917.330,89.598,201,cA,https://carga-897.example.com/recurso/897?x=1&y=2,,ok,
create,898,4,20926.325,89.572,201,cB,https://carga-898.example.com/recurso/898?x=1&y=2,,ok,
create,899,5,20935.148,90.184,201,cC,https://carga-899.example.com/recurso/899?x=1&y=2,,ok,
create,900,0,20944.833,89.296,201,cD,https://carga-900.example.com/recurso/900?x=1&y=2,,ok,
create,901,2,20953.200,90.092,201,cE,https://carga-901.example.com/recurso/901?x=1&y=2,,ok,
create,902,1,20961.692,91.162,201,cF,https://carga-902.example.com/recurso/902?x=1&y=2,,ok,
create,903,7,20971.095,91.279,201,cG,https://carga-903.example.com/recurso/903?x=1&y=2,,ok,
create,904,9,20979.968,91.275,201,cH,https://carga-904.example.com/recurso/904?x=1&y=2,,ok,
create,905,3,20988.473,91.881,201,cJ,https://carga-905.example.com/recurso/905?x=1&y=2,,ok,
create,906,6,20997.633,91.962,201,cK,https://carga-906.example.com/recurso/906?x=1&y=2,,ok,
create,907,8,21007.026,91.853,201,cL,https://carga-907.example.com/recurso/907?x=1&y=2,,ok,
create,908,4,21016.019,91.556,201,cM,https://carga-908.example.com/recurso/908?x=1&y=2,,ok,
create,909,5,21025.453,91.415,201,cN,https://carga-909.example.com/recurso/909?x=1&y=2,,ok,
create,910,0,21034.221,92.367,201,cP,https://carga-910.example.com/recurso/910?x=1&y=2,,ok,
create,911,2,21043.384,95.450,201,cQ,https://carga-911.example.com/recurso/911?x=1&y=2,,ok,
create,912,1,21052.956,95.106,201,cR,https://carga-912.example.com/recurso/912?x=1&y=2,,ok,
create,913,7,21062.494,96.670,201,cS,https://carga-913.example.com/recurso/913?x=1&y=2,,ok,
create,914,9,21071.330,97.293,201,cT,https://carga-914.example.com/recurso/914?x=1&y=2,,ok,
create,915,3,21080.470,97.499,201,cU,https://carga-915.example.com/recurso/915?x=1&y=2,,ok,
create,916,6,21089.726,96.819,201,cV,https://carga-916.example.com/recurso/916?x=1&y=2,,ok,
create,917,8,21098.967,97.160,201,cW,https://carga-917.example.com/recurso/917?x=1&y=2,,ok,
create,918,4,21107.675,97.672,201,cX,https://carga-918.example.com/recurso/918?x=1&y=2,,ok,
create,919,5,21116.986,97.374,201,cY,https://carga-919.example.com/recurso/919?x=1&y=2,,ok,
create,920,0,21126.686,96.849,201,cZ,https://carga-920.example.com/recurso/920?x=1&y=2,,ok,
create,921,2,21138.949,93.964,201,ca,https://carga-921.example.com/recurso/921?x=1&y=2,,ok,
create,922,1,21148.181,93.836,201,cb,https://carga-922.example.com/recurso/922?x=1&y=2,,ok,
create,923,7,21159.291,91.408,201,cc,https://carga-923.example.com/recurso/923?x=1&y=2,,ok,
create,924,9,21168.714,91.551,201,cd,https://carga-924.example.com/recurso/924?x=1&y=2,,ok,
create,925,3,21178.092,90.905,201,ce,https://carga-925.example.com/recurso/925?x=1&y=2,,ok,
create,926,6,21186.637,91.767,201,cf,https://carga-926.example.com/recurso/926?x=1&y=2,,ok,
create,927,8,21196.242,91.111,201,cg,https://carga-927.example.com/recurso/927?x=1&y=2,,ok,
create,928,4,21205.477,90.895,201,ch,https://carga-928.example.com/recurso/928?x=1&y=2,,ok,
create,929,5,21214.484,90.955,201,ci,https://carga-929.example.com/recurso/929?x=1&y=2,,ok,
create,930,0,21223.653,90.982,201,cj,https://carga-930.example.com/recurso/930?x=1&y=2,,ok,
create,931,2,21233.043,90.999,201,ck,https://carga-931.example.com/recurso/931?x=1&y=2,,ok,
create,932,1,21242.109,91.249,201,cm,https://carga-932.example.com/recurso/932?x=1&y=2,,ok,
create,933,7,21250.780,93.453,201,cn,https://carga-933.example.com/recurso/933?x=1&y=2,,ok,
create,934,9,21260.384,93.002,201,co,https://carga-934.example.com/recurso/934?x=1&y=2,,ok,
create,935,3,21269.085,95.146,201,cp,https://carga-935.example.com/recurso/935?x=1&y=2,,ok,
create,936,6,21278.519,94.926,201,cq,https://carga-936.example.com/recurso/936?x=1&y=2,,ok,
create,937,8,21287.470,95.929,201,cr,https://carga-937.example.com/recurso/937?x=1&y=2,,ok,
create,938,4,21296.486,97.262,201,cs,https://carga-938.example.com/recurso/938?x=1&y=2,,ok,
create,939,5,21305.567,97.656,201,ct,https://carga-939.example.com/recurso/939?x=1&y=2,,ok,
create,940,0,21314.729,98.446,201,cu,https://carga-940.example.com/recurso/940?x=1&y=2,,ok,
create,941,2,21324.147,98.349,201,cv,https://carga-941.example.com/recurso/941?x=1&y=2,,ok,
create,942,1,21333.483,98.218,201,cw,https://carga-942.example.com/recurso/942?x=1&y=2,,ok,
create,943,7,21344.373,96.211,201,cx,https://carga-943.example.com/recurso/943?x=1&y=2,,ok,
create,944,9,21353.519,95.892,201,cy,https://carga-944.example.com/recurso/944?x=1&y=2,,ok,
create,945,3,21364.334,94.572,201,cz,https://carga-945.example.com/recurso/945?x=1&y=2,,ok,
create,946,6,21373.549,94.491,201,d1,https://carga-946.example.com/recurso/946?x=1&y=2,,ok,
create,947,8,21383.511,93.890,201,d2,https://carga-947.example.com/recurso/947?x=1&y=2,,ok,
create,948,4,21393.883,92.214,201,d3,https://carga-948.example.com/recurso/948?x=1&y=2,,ok,
create,949,5,21403.320,92.506,201,d4,https://carga-949.example.com/recurso/949?x=1&y=2,,ok,
create,950,0,21413.275,91.643,201,d5,https://carga-950.example.com/recurso/950?x=1&y=2,,ok,
create,951,2,21422.605,91.558,201,d6,https://carga-951.example.com/recurso/951?x=1&y=2,,ok,
create,952,1,21431.784,91.417,201,d7,https://carga-952.example.com/recurso/952?x=1&y=2,,ok,
create,953,7,21440.678,92.132,201,d8,https://carga-953.example.com/recurso/953?x=1&y=2,,ok,
create,954,9,21449.521,92.588,201,d9,https://carga-954.example.com/recurso/954?x=1&y=2,,ok,
create,955,3,21459.000,91.907,201,dA,https://carga-955.example.com/recurso/955?x=1&y=2,,ok,
create,956,6,21468.139,91.810,201,dB,https://carga-956.example.com/recurso/956?x=1&y=2,,ok,
create,957,8,21477.525,90.987,201,dC,https://carga-957.example.com/recurso/957?x=1&y=2,,ok,
create,958,4,21486.186,91.082,201,dD,https://carga-958.example.com/recurso/958?x=1&y=2,,ok,
create,959,5,21495.917,90.095,201,dE,https://carga-959.example.com/recurso/959?x=1&y=2,,ok,
create,960,0,21505.008,89.910,201,dF,https://carga-960.example.com/recurso/960?x=1&y=2,,ok,
create,961,2,21514.261,89.533,201,dG,https://carga-961.example.com/recurso/961?x=1&y=2,,ok,
create,962,1,21523.319,89.248,201,dH,https://carga-962.example.com/recurso/962?x=1&y=2,,ok,
create,963,7,21532.903,89.062,201,dJ,https://carga-963.example.com/recurso/963?x=1&y=2,,ok,
create,964,9,21542.202,89.489,201,dK,https://carga-964.example.com/recurso/964?x=1&y=2,,ok,
create,965,3,21551.003,90.752,201,dL,https://carga-965.example.com/recurso/965?x=1&y=2,,ok,
create,966,6,21560.051,90.889,201,dM,https://carga-966.example.com/recurso/966?x=1&y=2,,ok,
create,967,8,21568.607,90.808,201,dN,https://carga-967.example.com/recurso/967?x=1&y=2,,ok,
create,968,4,21577.368,91.020,201,dP,https://carga-968.example.com/recurso/968?x=1&y=2,,ok,
create,969,5,21586.142,92.942,201,dQ,https://carga-969.example.com/recurso/969?x=1&y=2,,ok,
create,970,0,21595.009,93.681,201,dR,https://carga-970.example.com/recurso/970?x=1&y=2,,ok,
create,971,2,21603.884,94.526,201,dS,https://carga-971.example.com/recurso/971?x=1&y=2,,ok,
create,972,1,21612.652,94.740,201,dT,https://carga-972.example.com/recurso/972?x=1&y=2,,ok,
create,973,7,21622.076,95.293,201,dU,https://carga-973.example.com/recurso/973?x=1&y=2,,ok,
create,974,9,21631.826,95.062,201,dV,https://carga-974.example.com/recurso/974?x=1&y=2,,ok,
create,975,3,21641.864,94.136,201,dW,https://carga-975.example.com/recurso/975?x=1&y=2,,ok,
create,976,6,21651.025,94.705,201,dX,https://carga-976.example.com/recurso/976?x=1&y=2,,ok,
create,977,8,21659.550,95.970,201,dY,https://carga-977.example.com/recurso/977?x=1&y=2,,ok,
create,978,4,21668.499,97.226,201,dZ,https://carga-978.example.com/recurso/978?x=1&y=2,,ok,
create,979,5,21679.232,95.330,201,da,https://carga-979.example.com/recurso/979?x=1&y=2,,ok,
create,980,0,21688.791,95.939,201,db,https://carga-980.example.com/recurso/980?x=1&y=2,,ok,
create,981,2,21698.530,95.080,201,dc,https://carga-981.example.com/recurso/981?x=1&y=2,,ok,
create,982,1,21707.533,95.764,201,dd,https://carga-982.example.com/recurso/982?x=1&y=2,,ok,
create,983,7,21717.483,95.187,201,de,https://carga-983.example.com/recurso/983?x=1&y=2,,ok,
create,984,9,21727.017,94.335,201,df,https://carga-984.example.com/recurso/984?x=1&y=2,,ok,
create,985,3,21736.131,95.240,201,dg,https://carga-985.example.com/recurso/985?x=1&y=2,,ok,
create,986,6,21745.830,96.100,201,dh,https://carga-986.example.com/recurso/986?x=1&y=2,,ok,
create,987,8,21755.631,96.180,201,di,https://carga-987.example.com/recurso/987?x=1&y=2,,ok,
create,988,4,21765.853,96.469,201,dj,https://carga-988.example.com/recurso/988?x=1&y=2,,ok,
create,989,5,21774.672,96.286,201,dk,https://carga-989.example.com/recurso/989?x=1&y=2,,ok,
create,990,0,21784.824,95.727,201,dm,https://carga-990.example.com/recurso/990?x=1&y=2,,ok,
create,991,2,21793.707,95.597,201,dn,https://carga-991.example.com/recurso/991?x=1&y=2,,ok,
create,992,1,21803.390,94.394,201,do,https://carga-992.example.com/recurso/992?x=1&y=2,,ok,
create,993,7,21812.771,93.368,201,dp,https://carga-993.example.com/recurso/993?x=1&y=2,,ok,
create,994,9,21821.463,93.662,201,dq,https://carga-994.example.com/recurso/994?x=1&y=2,,ok,
create,995,3,21831.497,92.253,201,dr,https://carga-995.example.com/recurso/995?x=1&y=2,,ok,
create,996,6,21842.064,90.579,201,ds,https://carga-996.example.com/recurso/996?x=1&y=2,,ok,
create,997,8,21851.954,89.117,201,dt,https://carga-997.example.com/recurso/997?x=1&y=2,,ok,
create,998,4,21862.411,87.655,201,du,https://carga-998.example.com/recurso/998?x=1&y=2,,ok,
create,999,5,21871.056,86.711,201,dv,https://carga-999.example.com/recurso/999?x=1&y=2,,ok,
