phase,seq,worker,start_ms,duration_ms,status,alias,expected_destination,location,verification,error
warmup,2,2,12991.620,11.570,302,KN,https://warmup-130.example.com/r/130,https://warmup-130.example.com/r/130,ok,
warmup,6,6,12991.803,11.974,302,KH,https://warmup-118.example.com/r/118,https://warmup-118.example.com/r/118,ok,
warmup,5,5,12991.762,12.359,302,GN,https://semilla-956.example.com/documento/956?origen=capacidad,https://semilla-956.example.com/documento/956?origen=capacidad,ok,
warmup,4,4,12991.718,12.759,302,6H,https://semilla-264.example.com/documento/264?origen=capacidad,https://semilla-264.example.com/documento/264?origen=capacidad,ok,
warmup,1,1,12991.528,13.357,302,G6,https://semilla-931.example.com/documento/931?origen=capacidad,https://semilla-931.example.com/documento/931?origen=capacidad,ok,
warmup,0,0,12990.944,14.351,302,74,https://semilla-406.example.com/documento/406?origen=capacidad,https://semilla-406.example.com/documento/406?origen=capacidad,ok,
warmup,3,3,12991.673,14.096,302,Df,https://semilla-799.example.com/documento/799?origen=capacidad,https://semilla-799.example.com/documento/799?origen=capacidad,ok,
warmup,8,8,12991.892,14.301,302,3a,https://semilla-191.example.com/documento/191?origen=capacidad,https://semilla-191.example.com/documento/191?origen=capacidad,ok,
warmup,9,9,12991.939,14.673,302,Cs,https://semilla-746.example.com/documento/746?origen=capacidad,https://semilla-746.example.com/documento/746?origen=capacidad,ok,
warmup,7,7,12991.845,15.384,302,Cm,https://semilla-735.example.com/documento/735?origen=capacidad,https://semilla-735.example.com/documento/735?origen=capacidad,ok,
warmup,12,5,13004.186,3.660,302,1q,https://semilla-113.example.com/documento/113?origen=capacidad,https://semilla-113.example.com/documento/113?origen=capacidad,ok,
warmup,10,2,13003.370,4.973,302,KK,https://warmup-120.example.com/r/120,https://warmup-120.example.com/r/120,ok,
warmup,13,4,13004.549,4.315,302,C8,https://semilla-702.example.com/documento/702?origen=capacidad,https://semilla-702.example.com/documento/702?origen=capacidad,ok,
warmup,11,6,13003.858,5.622,302,9K,https://semilla-547.example.com/documento/547?origen=capacidad,https://semilla-547.example.com/documento/547?origen=capacidad,ok,
warmup,14,1,13004.974,5.062,302,Hp,https://warmup-30.example.com/r/30,https://warmup-30.example.com/r/30,ok,
warmup,15,0,13005.384,5.372,302,5C,https://semilla-308.example.com/documento/308?origen=capacidad,https://semilla-308.example.com/documento/308?origen=capacidad,ok,
warmup,19,7,13007.345,5.066,302,G5,https://semilla-930.example.com/documento/930?origen=capacidad,https://semilla-930.example.com/documento/930?origen=capacidad,ok,
warmup,17,8,13006.277,7.118,302,9P,https://semilla-551.example.com/documento/551?origen=capacidad,https://semilla-551.example.com/documento/551?origen=capacidad,ok,
warmup,18,9,13006.763,7.106,302,Ee,https://semilla-855.example.com/documento/855?origen=capacidad,https://semilla-855.example.com/documento/855?origen=capacidad,ok,
warmup,16,3,13005.863,8.430,302,D8,https://semilla-767.example.com/documento/767?origen=capacidad,https://semilla-767.example.com/documento/767?origen=capacidad,ok,
warmup,20,5,13007.938,6.878,302,6t,https://semilla-405.example.com/documento/405?origen=capacidad,https://semilla-405.example.com/documento/405?origen=capacidad,ok,
warmup,21,2,13008.432,6.836,302,HM,https://warmup-13.example.com/r/13,https://warmup-13.example.com/r/13,ok,
warmup,22,4,13008.977,6.744,302,Cp,https://semilla-739.example.com/documento/739?origen=capacidad,https://semilla-739.example.com/documento/739?origen=capacidad,ok,
warmup,23,6,13009.557,6.576,302,J3,https://warmup-46.example.com/r/46,https://warmup-46.example.com/r/46,ok,
warmup,24,1,13010.109,6.582,302,As,https://semilla-632.example.com/documento/632?origen=capacidad,https://semilla-632.example.com/documento/632?origen=capacidad,ok,
warmup,25,0,13010.852,6.258,302,DW,https://semilla-781.example.com/documento/781?origen=capacidad,https://semilla-781.example.com/documento/781?origen=capacidad,ok,
warmup,26,7,13012.949,5.545,302,Eq,https://semilla-857.example.com/documento/857?origen=capacidad,https://semilla-857.example.com/documento/857?origen=capacidad,ok,
warmup,27,8,13013.493,5.528,302,L4,https://warmup-166.example.com/r/166,https://warmup-166.example.com/r/166,ok,
warmup,28,9,13013.947,5.630,302,3A,https://semilla-190.example.com/documento/190?origen=capacidad,https://semilla-190.example.com/documento/190?origen=capacidad,ok,
warmup,31,2,13015.336,4.993,302,5A,https://semilla-305.example.com/documento/305?origen=capacidad,https://semilla-305.example.com/documento/305?origen=capacidad,ok,
warmup,30,5,13014.892,5.992,302,4i,https://semilla-278.example.com/documento/278?origen=capacidad,https://semilla-278.example.com/documento/278?origen=capacidad,ok,
warmup,32,4,13015.793,5.600,302,8p,https://semilla-412.example.com/documento/412?origen=capacidad,https://semilla-412.example.com/documento/412?origen=capacidad,ok,
warmup,33,6,13016.303,5.540,302,Eu,https://semilla-861.example.com/documento/861?origen=capacidad,https://semilla-861.example.com/documento/861?origen=capacidad,ok,
warmup,34,1,13016.758,5.636,302,FF,https://semilla-888.example.com/documento/888?origen=capacidad,https://semilla-888.example.com/documento/888?origen=capacidad,ok,
warmup,29,3,13014.376,8.499,302,FB,https://semilla-887.example.com/documento/887?origen=capacidad,https://semilla-887.example.com/documento/887?origen=capacidad,ok,
warmup,35,0,13017.185,6.137,302,Ep,https://semilla-856.example.com/documento/856?origen=capacidad,https://semilla-856.example.com/documento/856?origen=capacidad,ok,
warmup,36,7,13018.594,5.717,302,H7,https://semilla-990.example.com/documento/990?origen=capacidad,https://semilla-990.example.com/documento/990?origen=capacidad,ok,
warmup,38,9,13019.656,5.308,302,7D,https://semilla-422.example.com/documento/422?origen=capacidad,https://semilla-422.example.com/documento/422?origen=capacidad,ok,
warmup,41,4,13021.480,4.479,302,DT,https://semilla-778.example.com/documento/778?origen=capacidad,https://semilla-778.example.com/documento/778?origen=capacidad,ok,
warmup,40,5,13020.970,5.420,302,Fm,https://semilla-914.example.com/documento/914?origen=capacidad,https://semilla-914.example.com/documento/914?origen=capacidad,ok,
warmup,37,8,13019.099,7.695,302,9m,https://semilla-573.example.com/documento/573?origen=capacidad,https://semilla-573.example.com/documento/573?origen=capacidad,ok,
warmup,44,3,13022.953,5.461,302,8k,https://semilla-503.example.com/documento/503?origen=capacidad,https://semilla-503.example.com/documento/503?origen=capacidad,ok,
warmup,42,6,13021.916,7.922,302,DQ,https://semilla-775.example.com/documento/775?origen=capacidad,https://semilla-775.example.com/documento/775?origen=capacidad,ok,
warmup,39,2,13020.453,10.737,302,2S,https://semilla-146.example.com/documento/146?origen=capacidad,https://semilla-146.example.com/documento/146?origen=capacidad,ok,
warmup,43,1,13022.494,9.222,302,Hn,https://warmup-28.example.com/r/28,https://warmup-28.example.com/r/28,ok,
warmup,47,9,13025.037,7.868,302,AH,https://semilla-603.example.com/documento/603?origen=capacidad,https://semilla-603.example.com/documento/603?origen=capacidad,ok,
warmup,52,6,13029.937,3.347,302,1Q,https://semilla-71.example.com/documento/71?origen=capacidad,https://semilla-71.example.com/documento/71?origen=capacidad,ok,
warmup,48,4,13026.029,7.587,302,E6,https://semilla-809.example.com/documento/809?origen=capacidad,https://semilla-809.example.com/documento/809?origen=capacidad,ok,
warmup,49,5,13026.521,7.509,302,8j,https://semilla-513.example.com/documento/513?origen=capacidad,https://semilla-513.example.com/documento/513?origen=capacidad,ok,
warmup,46,7,13024.395,10.046,302,9A,https://semilla-538.example.com/documento/538?origen=capacidad,https://semilla-538.example.com/documento/538?origen=capacidad,ok,
warmup,45,0,13023.396,11.432,302,8i,https://semilla-512.example.com/documento/512?origen=capacidad,https://semilla-512.example.com/documento/512?origen=capacidad,ok,
warmup,50,8,13026.841,8.384,302,AA,https://semilla-596.example.com/documento/596?origen=capacidad,https://semilla-596.example.com/documento/596?origen=capacidad,ok,
warmup,51,3,13028.538,7.082,302,DX,https://semilla-783.example.com/documento/783?origen=capacidad,https://semilla-783.example.com/documento/783?origen=capacidad,ok,
warmup,53,2,13031.293,4.722,302,LL,https://warmup-178.example.com/r/178,https://warmup-178.example.com/r/178,ok,
warmup,54,1,13031.787,4.622,302,Ao,https://semilla-633.example.com/documento/633?origen=capacidad,https://semilla-633.example.com/documento/633?origen=capacidad,ok,
warmup,55,9,13032.984,3.847,302,FZ,https://semilla-909.example.com/documento/909?origen=capacidad,https://semilla-909.example.com/documento/909?origen=capacidad,ok,
warmup,56,6,13033.333,3.888,302,7Q,https://semilla-436.example.com/documento/436?origen=capacidad,https://semilla-436.example.com/documento/436?origen=capacidad,ok,
warmup,57,4,13033.679,3.986,302,LH,https://warmup-175.example.com/r/175,https://warmup-175.example.com/r/175,ok,
warmup,58,5,13034.107,5.018,302,Ah,https://semilla-608.example.com/documento/608?origen=capacidad,https://semilla-608.example.com/documento/608?origen=capacidad,ok,
warmup,60,0,13034.893,5.220,302,81,https://semilla-471.example.com/documento/471?origen=capacidad,https://semilla-471.example.com/documento/471?origen=capacidad,ok,
warmup,59,7,13034.510,7.037,302,Dz,https://semilla-818.example.com/documento/818?origen=capacidad,https://semilla-818.example.com/documento/818?origen=capacidad,ok,
warmup,63,2,13036.079,5.851,302,3x,https://semilla-236.example.com/documento/236?origen=capacidad,https://semilla-236.example.com/documento/236?origen=capacidad,ok,
warmup,62,3,13035.685,6.586,302,8V,https://semilla-499.example.com/documento/499?origen=capacidad,https://semilla-499.example.com/documento/499?origen=capacidad,ok,
warmup,61,8,13035.289,7.302,302,EX,https://semilla-841.example.com/documento/841?origen=capacidad,https://semilla-841.example.com/documento/841?origen=capacidad,ok,
warmup,64,1,13036.494,6.503,302,F5,https://semilla-873.example.com/documento/873?origen=capacidad,https://semilla-873.example.com/documento/873?origen=capacidad,ok,
warmup,66,6,13037.287,6.084,302,Cp,https://semilla-739.example.com/documento/739?origen=capacidad,https://semilla-739.example.com/documento/739?origen=capacidad,ok,
warmup,67,4,13037.740,6.010,302,Dy,https://semilla-817.example.com/documento/817?origen=capacidad,https://semilla-817.example.com/documento/817?origen=capacidad,ok,
warmup,65,9,13036.878,7.228,302,LE,https://warmup-173.example.com/r/173,https://warmup-173.example.com/r/173,ok,
warmup,70,7,13041.606,3.120,302,F7,https://semilla-875.example.com/documento/875?origen=capacidad,https://semilla-875.example.com/documento/875?origen=capacidad,ok,
warmup,68,5,13039.203,5.931,302,Ff,https://semilla-905.example.com/documento/905?origen=capacidad,https://semilla-905.example.com/documento/905?origen=capacidad,ok,
warmup,71,2,13041.996,3.553,302,5c,https://semilla-331.example.com/documento/331?origen=capacidad,https://semilla-331.example.com/documento/331?origen=capacidad,ok,
warmup,72,3,13042.314,3.620,302,Bg,https://semilla-677.example.com/documento/677?origen=capacidad,https://semilla-677.example.com/documento/677?origen=capacidad,ok,
warmup,73,8,13042.653,4.482,302,Gf,https://semilla-961.example.com/documento/961?origen=capacidad,https://semilla-961.example.com/documento/961?origen=capacidad,ok,
warmup,74,1,13043.062,4.629,302,HL,https://warmup-3.example.com/r/3,https://warmup-3.example.com/r/3,ok,
warmup,75,6,13043.440,4.719,302,HD,https://semilla-998.example.com/documento/998?origen=capacidad,https://semilla-998.example.com/documento/998?origen=capacidad,ok,
warmup,76,4,13043.817,4.958,302,F9,https://semilla-878.example.com/documento/878?origen=capacidad,https://semilla-878.example.com/documento/878?origen=capacidad,ok,
warmup,69,0,13040.175,9.783,302,5u,https://semilla-347.example.com/documento/347?origen=capacidad,https://semilla-347.example.com/documento/347?origen=capacidad,ok,
warmup,77,9,13044.165,6.202,302,12,https://semilla-44.example.com/documento/44?origen=capacidad,https://semilla-44.example.com/documento/44?origen=capacidad,ok,
warmup,79,5,13045.202,5.543,302,GH,https://semilla-941.example.com/documento/941?origen=capacidad,https://semilla-941.example.com/documento/941?origen=capacidad,ok,
warmup,78,7,13044.793,6.386,302,Dm,https://semilla-795.example.com/documento/795?origen=capacidad,https://semilla-795.example.com/documento/795?origen=capacidad,ok,
warmup,81,3,13045.997,5.569,302,Eh,https://semilla-859.example.com/documento/859?origen=capacidad,https://semilla-859.example.com/documento/859?origen=capacidad,ok,
warmup,80,2,13045.613,6.330,302,5m,https://semilla-341.example.com/documento/341?origen=capacidad,https://semilla-341.example.com/documento/341?origen=capacidad,ok,
warmup,86,0,13050.034,2.675,302,g,https://semilla-45.example.com/documento/45?origen=capacidad,https://semilla-45.example.com/documento/45?origen=capacidad,ok,
warmup,82,8,13047.233,5.954,302,5V,https://semilla-323.example.com/documento/323?origen=capacidad,https://semilla-323.example.com/documento/323?origen=capacidad,ok,
warmup,83,1,13047.775,5.856,302,H6,https://semilla-989.example.com/documento/989?origen=capacidad,https://semilla-989.example.com/documento/989?origen=capacidad,ok,
warmup,84,6,13048.235,5.881,302,Jz,https://warmup-97.example.com/r/97,https://warmup-97.example.com/r/97,ok,
warmup,87,9,13050.441,4.102,302,8c,https://semilla-498.example.com/documento/498?origen=capacidad,https://semilla-498.example.com/documento/498?origen=capacidad,ok,
warmup,88,5,13050.812,4.122,302,7w,https://semilla-467.example.com/documento/467?origen=capacidad,https://semilla-467.example.com/documento/467?origen=capacidad,ok,
warmup,89,7,13051.247,4.085,302,8j,https://semilla-513.example.com/documento/513?origen=capacidad,https://semilla-513.example.com/documento/513?origen=capacidad,ok,
warmup,90,3,13051.642,4.218,302,8W,https://semilla-500.example.com/documento/500?origen=capacidad,https://semilla-500.example.com/documento/500?origen=capacidad,ok,
warmup,91,2,13052.005,4.398,302,Kp,https://warmup-149.example.com/r/149,https://warmup-149.example.com/r/149,ok,
warmup,85,4,13048.825,8.074,302,6U,https://semilla-382.example.com/documento/382?origen=capacidad,https://semilla-382.example.com/documento/382?origen=capacidad,ok,
warmup,92,0,13052.778,4.533,302,DL,https://semilla-768.example.com/documento/768?origen=capacidad,https://semilla-768.example.com/documento/768?origen=capacidad,ok,
warmup,93,8,13053.263,4.460,302,6y,https://semilla-410.example.com/documento/410?origen=capacidad,https://semilla-410.example.com/documento/410?origen=capacidad,ok,
warmup,96,9,13054.613,3.513,302,CY,https://semilla-733.example.com/documento/733?origen=capacidad,https://semilla-733.example.com/documento/733?origen=capacidad,ok,
warmup,95,6,13054.186,4.432,302,C9,https://semilla-703.example.com/documento/703?origen=capacidad,https://semilla-703.example.com/documento/703?origen=capacidad,ok,
warmup,94,1,13053.702,5.334,302,Cf,https://semilla-731.example.com/documento/731?origen=capacidad,https://semilla-731.example.com/documento/731?origen=capacidad,ok,
warmup,97,5,13054.995,4.556,302,4C,https://semilla-250.example.com/documento/250?origen=capacidad,https://semilla-250.example.com/documento/250?origen=capacidad,ok,
warmup,99,3,13055.927,4.298,302,E,https://semilla-19.example.com/documento/19?origen=capacidad,https://semilla-19.example.com/documento/19?origen=capacidad,ok,
warmup,100,2,13056.482,4.585,302,7v,https://semilla-466.example.com/documento/466?origen=capacidad,https://semilla-466.example.com/documento/466?origen=capacidad,ok,
warmup,103,8,13057.787,5.147,302,9o,https://semilla-575.example.com/documento/575?origen=capacidad,https://semilla-575.example.com/documento/575?origen=capacidad,ok,
warmup,101,4,13056.968,6.388,302,8b,https://semilla-505.example.com/documento/505?origen=capacidad,https://semilla-505.example.com/documento/505?origen=capacidad,ok,
warmup,98,7,13055.401,8.423,302,a,https://semilla-32.example.com/documento/32?origen=capacidad,https://semilla-32.example.com/documento/32?origen=capacidad,ok,
warmup,102,0,13057.374,6.954,302,1y,https://semilla-121.example.com/documento/121?origen=capacidad,https://semilla-121.example.com/documento/121?origen=capacidad,ok,
warmup,104,9,13058.192,6.559,302,4H,https://semilla-255.example.com/documento/255?origen=capacidad,https://semilla-255.example.com/documento/255?origen=capacidad,ok,
warmup,106,1,13059.104,6.106,302,5J,https://semilla-314.example.com/documento/314?origen=capacidad,https://semilla-314.example.com/documento/314?origen=capacidad,ok,
warmup,105,6,13058.684,6.973,302,Hv,https://warmup-38.example.com/r/38,https://warmup-38.example.com/r/38,ok,
warmup,108,3,13060.296,5.817,302,Ca,https://semilla-728.example.com/documento/728?origen=capacidad,https://semilla-728.example.com/documento/728?origen=capacidad,ok,
warmup,107,5,13059.619,6.887,302,FT,https://semilla-903.example.com/documento/903?origen=capacidad,https://semilla-903.example.com/documento/903?origen=capacidad,ok,
warmup,109,2,13061.139,5.715,302,Jt,https://warmup-102.example.com/r/102,https://warmup-102.example.com/r/102,ok,
warmup,110,8,13063.016,4.276,302,DQ,https://semilla-775.example.com/documento/775?origen=capacidad,https://semilla-775.example.com/documento/775?origen=capacidad,ok,
warmup,113,0,13064.401,3.269,302,JR,https://warmup-67.example.com/r/67,https://warmup-67.example.com/r/67,ok,
warmup,112,7,13063.900,4.667,302,11,https://semilla-64.example.com/documento/64?origen=capacidad,https://semilla-64.example.com/documento/64?origen=capacidad,ok,
warmup,111,4,13063.446,5.574,302,7j,https://semilla-452.example.com/documento/452?origen=capacidad,https://semilla-452.example.com/documento/452?origen=capacidad,ok,
warmup,114,9,13064.820,5.221,302,7f,https://semilla-451.example.com/documento/451?origen=capacidad,https://semilla-451.example.com/documento/451?origen=capacidad,ok,
warmup,115,1,13065.281,5.323,302,7V,https://semilla-441.example.com/documento/441?origen=capacidad,https://semilla-441.example.com/documento/441?origen=capacidad,ok,
warmup,116,6,13065.790,5.316,302,Gi,https://semilla-966.example.com/documento/966?origen=capacidad,https://semilla-966.example.com/documento/966?origen=capacidad,ok,
warmup,120,8,13067.353,4.894,302,1X,https://semilla-86.example.com/documento/86?origen=capacidad,https://semilla-86.example.com/documento/86?origen=capacidad,ok,
warmup,118,5,13066.566,6.206,302,97,https://semilla-534.example.com/documento/534?origen=capacidad,https://semilla-534.example.com/documento/534?origen=capacidad,ok,
warmup,117,3,13066.177,7.132,302,8R,https://semilla-494.example.com/documento/494?origen=capacidad,https://semilla-494.example.com/documento/494?origen=capacidad,ok,
warmup,119,2,13066.910,6.859,302,D7,https://semilla-766.example.com/documento/766?origen=capacidad,https://semilla-766.example.com/documento/766?origen=capacidad,ok,
warmup,122,7,13068.655,5.646,302,7e,https://semilla-446.example.com/documento/446?origen=capacidad,https://semilla-446.example.com/documento/446?origen=capacidad,ok,
warmup,121,0,13067.727,7.013,302,G2,https://semilla-936.example.com/documento/936?origen=capacidad,https://semilla-936.example.com/documento/936?origen=capacidad,ok,
warmup,123,4,13069.094,6.055,302,A8,https://semilla-578.example.com/documento/578?origen=capacidad,https://semilla-578.example.com/documento/578?origen=capacidad,ok,
warmup,126,6,13071.206,4.436,302,1U,https://semilla-75.example.com/documento/75?origen=capacidad,https://semilla-75.example.com/documento/75?origen=capacidad,ok,
warmup,124,9,13070.145,5.969,302,G4,https://semilla-929.example.com/documento/929?origen=capacidad,https://semilla-929.example.com/documento/929?origen=capacidad,ok,
warmup,125,1,13070.689,5.835,302,82,https://semilla-469.example.com/documento/469?origen=capacidad,https://semilla-469.example.com/documento/469?origen=capacidad,ok,
warmup,127,8,13072.352,4.555,302,Lb,https://warmup-189.example.com/r/189,https://warmup-189.example.com/r/189,ok,
warmup,129,3,13073.397,4.943,302,JG,https://warmup-57.example.com/r/57,https://warmup-57.example.com/r/57,ok,
warmup,128,5,13072.851,6.072,302,EZ,https://semilla-843.example.com/documento/843?origen=capacidad,https://semilla-843.example.com/documento/843?origen=capacidad,ok,
warmup,130,2,13073.844,6.181,302,5t,https://semilla-348.example.com/documento/348?origen=capacidad,https://semilla-348.example.com/documento/348?origen=capacidad,ok,
warmup,133,4,13075.220,6.262,302,C8,https://semilla-702.example.com/documento/702?origen=capacidad,https://semilla-702.example.com/documento/702?origen=capacidad,ok,
warmup,131,7,13074.372,7.594,302,8B,https://semilla-481.example.com/documento/481?origen=capacidad,https://semilla-481.example.com/documento/481?origen=capacidad,ok,
warmup,132,0,13074.810,7.565,302,Kf,https://warmup-140.example.com/r/140,https://warmup-140.example.com/r/140,ok,
warmup,134,6,13075.713,7.007,302,4c,https://semilla-271.example.com/documento/271?origen=capacidad,https://semilla-271.example.com/documento/271?origen=capacidad,ok,
warmup,135,9,13076.182,6.914,302,14,https://semilla-66.example.com/documento/66?origen=capacidad,https://semilla-66.example.com/documento/66?origen=capacidad,ok,
warmup,136,1,13076.590,6.896,302,Eg,https://semilla-858.example.com/documento/858?origen=capacidad,https://semilla-858.example.com/documento/858?origen=capacidad,ok,
warmup,137,8,13076.972,6.890,302,Am,https://semilla-611.example.com/documento/611?origen=capacidad,https://semilla-611.example.com/documento/611?origen=capacidad,ok,
warmup,138,3,13078.462,5.809,302,E8,https://semilla-812.example.com/documento/812?origen=capacidad,https://semilla-812.example.com/documento/812?origen=capacidad,ok,
warmup,139,5,13078.987,5.674,302,Gb,https://semilla-954.example.com/documento/954?origen=capacidad,https://semilla-954.example.com/documento/954?origen=capacidad,ok,
warmup,140,2,13080.100,4.935,302,GD,https://semilla-947.example.com/documento/947?origen=capacidad,https://semilla-947.example.com/documento/947?origen=capacidad,ok,
warmup,141,4,13081.577,3.919,302,1F,https://semilla-79.example.com/documento/79?origen=capacidad,https://semilla-79.example.com/documento/79?origen=capacidad,ok,
warmup,142,7,13082.062,3.807,302,Ey,https://semilla-864.example.com/documento/864?origen=capacidad,https://semilla-864.example.com/documento/864?origen=capacidad,ok,
warmup,144,6,13082.788,3.446,302,D2,https://semilla-762.example.com/documento/762?origen=capacidad,https://semilla-762.example.com/documento/762?origen=capacidad,ok,
warmup,143,0,13082.441,4.313,302,LD,https://warmup-172.example.com/r/172,https://warmup-172.example.com/r/172,ok,
warmup,145,9,13083.162,4.127,302,2R,https://semilla-147.example.com/documento/147?origen=capacidad,https://semilla-147.example.com/documento/147?origen=capacidad,ok,
warmup,146,1,13083.542,4.273,302,3C,https://semilla-184.example.com/documento/184?origen=capacidad,https://semilla-184.example.com/documento/184?origen=capacidad,ok,
warmup,147,8,13083.923,4.294,302,8Y,https://semilla-502.example.com/documento/502?origen=capacidad,https://semilla-502.example.com/documento/502?origen=capacidad,ok,
warmup,149,5,13084.726,3.887,302,L4,https://warmup-166.example.com/r/166,https://warmup-166.example.com/r/166,ok,
warmup,150,2,13085.116,3.868,302,7J,https://semilla-428.example.com/documento/428?origen=capacidad,https://semilla-428.example.com/documento/428?origen=capacidad,ok,
warmup,148,3,13084.343,5.100,302,BF,https://semilla-648.example.com/documento/648?origen=capacidad,https://semilla-648.example.com/documento/648?origen=capacidad,ok,
warmup,152,7,13085.937,3.895,302,37,https://semilla-169.example.com/documento/169?origen=capacidad,https://semilla-169.example.com/documento/169?origen=capacidad,ok,
warmup,151,4,13085.561,4.664,302,Dk,https://semilla-804.example.com/documento/804?origen=capacidad,https://semilla-804.example.com/documento/804?origen=capacidad,ok,
warmup,153,6,13086.296,4.322,302,He,https://warmup-22.example.com/r/22,https://warmup-22.example.com/r/22,ok,
warmup,154,0,13086.835,4.601,302,4Z,https://semilla-136.example.com/documento/136?origen=capacidad,https://semilla-136.example.com/documento/136?origen=capacidad,ok,
warmup,155,9,13087.370,4.560,302,J3,https://warmup-46.example.com/r/46,https://warmup-46.example.com/r/46,ok,
warmup,156,1,13087.882,4.477,302,1i,https://semilla-89.example.com/documento/89?origen=capacidad,https://semilla-89.example.com/documento/89?origen=capacidad,ok,
warmup,158,5,13088.679,4.142,302,3G,https://semilla-196.example.com/documento/196?origen=capacidad,https://semilla-196.example.com/documento/196?origen=capacidad,ok,
warmup,159,2,13089.044,4.225,302,KB,https://warmup-112.example.com/r/112,https://warmup-112.example.com/r/112,ok,
warmup,157,8,13088.280,5.594,302,1Y,https://semilla-96.example.com/documento/96?origen=capacidad,https://semilla-96.example.com/documento/96?origen=capacidad,ok,
warmup,161,7,13089.898,4.513,302,JW,https://warmup-72.example.com/r/72,https://warmup-72.example.com/r/72,ok,
warmup,160,3,13089.511,5.382,302,FT,https://semilla-903.example.com/documento/903?origen=capacidad,https://semilla-903.example.com/documento/903?origen=capacidad,ok,
warmup,162,4,13090.293,5.323,302,8T,https://semilla-497.example.com/documento/497?origen=capacidad,https://semilla-497.example.com/documento/497?origen=capacidad,ok,
warmup,163,6,13090.680,5.498,302,96,https://semilla-533.example.com/documento/533?origen=capacidad,https://semilla-533.example.com/documento/533?origen=capacidad,ok,
warmup,164,0,13091.534,5.095,302,HD,https://semilla-998.example.com/documento/998?origen=capacidad,https://semilla-998.example.com/documento/998?origen=capacidad,ok,
warmup,165,9,13092.008,5.050,302,8G,https://semilla-486.example.com/documento/486?origen=capacidad,https://semilla-486.example.com/documento/486?origen=capacidad,ok,
warmup,166,1,13092.448,5.009,302,9p,https://semilla-576.example.com/documento/576?origen=capacidad,https://semilla-576.example.com/documento/576?origen=capacidad,ok,
warmup,168,2,13093.430,4.416,302,Gf,https://semilla-961.example.com/documento/961?origen=capacidad,https://semilla-961.example.com/documento/961?origen=capacidad,ok,
warmup,167,5,13092.907,5.327,302,t,https://semilla-58.example.com/documento/58?origen=capacidad,https://semilla-58.example.com/documento/58?origen=capacidad,ok,
warmup,170,7,13094.498,4.264,302,BB,https://semilla-640.example.com/documento/640?origen=capacidad,https://semilla-640.example.com/documento/640?origen=capacidad,ok,
warmup,169,8,13093.945,5.276,302,BZ,https://semilla-669.example.com/documento/669?origen=capacidad,https://semilla-669.example.com/documento/669?origen=capacidad,ok,
warmup,171,3,13094.964,4.803,302,y,https://semilla-63.example.com/documento/63?origen=capacidad,https://semilla-63.example.com/documento/63?origen=capacidad,ok,
warmup,172,4,13095.702,4.457,302,2E,https://semilla-129.example.com/documento/129?origen=capacidad,https://semilla-129.example.com/documento/129?origen=capacidad,ok,
warmup,173,6,13096.254,4.334,302,6,https://semilla-7.example.com/documento/7?origen=capacidad,https://semilla-7.example.com/documento/7?origen=capacidad,ok,
warmup,174,0,13096.698,5.204,302,3C,https://semilla-184.example.com/documento/184?origen=capacidad,https://semilla-184.example.com/documento/184?origen=capacidad,ok,
warmup,175,9,13097.128,5.404,302,8s,https://semilla-450.example.com/documento/450?origen=capacidad,https://semilla-450.example.com/documento/450?origen=capacidad,ok,
warmup,176,1,13097.520,5.503,302,9q,https://semilla-577.example.com/documento/577?origen=capacidad,https://semilla-577.example.com/documento/577?origen=capacidad,ok,
warmup,183,6,13100.656,2.863,302,Ky,https://warmup-158.example.com/r/158,https://warmup-158.example.com/r/158,ok,
warmup,177,2,13097.909,6.104,302,6R,https://semilla-379.example.com/documento/379?origen=capacidad,https://semilla-379.example.com/documento/379?origen=capacidad,ok,
warmup,178,5,13098.301,6.314,302,Bx,https://semilla-700.example.com/documento/700?origen=capacidad,https://semilla-700.example.com/documento/700?origen=capacidad,ok,
warmup,179,7,13098.832,6.260,302,1L,https://semilla-83.example.com/documento/83?origen=capacidad,https://semilla-83.example.com/documento/83?origen=capacidad,ok,
warmup,182,4,13100.225,5.642,302,9E,https://semilla-541.example.com/documento/541?origen=capacidad,https://semilla-541.example.com/documento/541?origen=capacidad,ok,
warmup,180,8,13099.394,7.773,302,3o,https://semilla-227.example.com/documento/227?origen=capacidad,https://semilla-227.example.com/documento/227?origen=capacidad,ok,
warmup,187,6,13103.605,4.056,302,Fe,https://semilla-904.example.com/documento/904?origen=capacidad,https://semilla-904.example.com/documento/904?origen=capacidad,ok,
warmup,188,2,13104.173,3.806,302,G5,https://semilla-930.example.com/documento/930?origen=capacidad,https://semilla-930.example.com/documento/930?origen=capacidad,ok,
warmup,181,3,13099.833,8.463,302,Z,https://semilla-31.example.com/documento/31?origen=capacidad,https://semilla-31.example.com/documento/31?origen=capacidad,ok,
warmup,185,9,13102.616,6.058,302,KA,https://warmup-111.example.com/r/111,https://warmup-111.example.com/r/111,ok,
warmup,184,0,13102.009,7.154,302,Bz,https://semilla-691.example.com/documento/691?origen=capacidad,https://semilla-691.example.com/documento/691?origen=capacidad,ok,
warmup,186,1,13103.103,6.995,302,CE,https://semilla-708.example.com/documento/708?origen=capacidad,https://semilla-708.example.com/documento/708?origen=capacidad,ok,
warmup,189,5,13104.698,5.814,302,8j,https://semilla-513.example.com/documento/513?origen=capacidad,https://semilla-513.example.com/documento/513?origen=capacidad,ok,
warmup,190,7,13105.176,6.131,302,HZ,https://warmup-17.example.com/r/17,https://warmup-17.example.com/r/17,ok,
warmup,191,4,13105.961,5.994,302,1C,https://semilla-53.example.com/documento/53?origen=capacidad,https://semilla-53.example.com/documento/53?origen=capacidad,ok,
warmup,192,8,13107.250,4.933,302,C7,https://semilla-698.example.com/documento/698?origen=capacidad,https://semilla-698.example.com/documento/698?origen=capacidad,ok,
warmup,193,6,13107.719,4.633,302,8W,https://semilla-500.example.com/documento/500?origen=capacidad,https://semilla-500.example.com/documento/500?origen=capacidad,ok,
warmup,194,2,13108.028,4.501,302,Fi,https://semilla-911.example.com/documento/911?origen=capacidad,https://semilla-911.example.com/documento/911?origen=capacidad,ok,
warmup,197,0,13109.237,3.444,302,3x,https://semilla-236.example.com/documento/236?origen=capacidad,https://semilla-236.example.com/documento/236?origen=capacidad,ok,
warmup,196,9,13108.741,4.069,302,4u,https://semilla-291.example.com/documento/291?origen=capacidad,https://semilla-291.example.com/documento/291?origen=capacidad,ok,
warmup,195,3,13108.362,4.597,302,2a,https://semilla-156.example.com/documento/156?origen=capacidad,https://semilla-156.example.com/documento/156?origen=capacidad,ok,
warmup,198,1,13110.167,3.367,302,JH,https://warmup-58.example.com/r/58,https://warmup-58.example.com/r/58,ok,
warmup,199,5,13110.578,3.091,302,FH,https://semilla-881.example.com/documento/881?origen=capacidad,https://semilla-881.example.com/documento/881?origen=capacidad,ok,
resolve,5,5,21958.463,5.685,302,HN,https://warmup-14.example.com/r/14,https://warmup-14.example.com/r/14,ok,
resolve,3,3,21958.371,6.287,302,BS,https://semilla-661.example.com/documento/661?origen=capacidad,https://semilla-661.example.com/documento/661?origen=capacidad,ok,
resolve,9,9,21958.588,6.389,302,Ls,https://carga-6.example.com/recurso/6?x=1&y=2,https://carga-6.example.com/recurso/6?x=1&y=2,ok,
resolve,2,2,21958.340,6.940,302,6m,https://semilla-398.example.com/documento/398?origen=capacidad,https://semilla-398.example.com/documento/398?origen=capacidad,ok,
resolve,0,0,21958.115,7.464,302,Ut,https://carga-475.example.com/recurso/475?x=1&y=2,https://carga-475.example.com/recurso/475?x=1&y=2,ok,
resolve,7,7,21958.523,7.321,302,Nk,https://carga-119.example.com/recurso/119?x=1&y=2,https://carga-119.example.com/recurso/119?x=1&y=2,ok,
resolve,4,4,21958.402,7.700,302,5z,https://semilla-354.example.com/documento/354?origen=capacidad,https://semilla-354.example.com/documento/354?origen=capacidad,ok,
resolve,1,1,21958.298,8.155,302,58,https://semilla-304.example.com/documento/304?origen=capacidad,https://semilla-304.example.com/documento/304?origen=capacidad,ok,
resolve,6,6,21958.494,8.247,302,2H,https://semilla-139.example.com/documento/139?origen=capacidad,https://semilla-139.example.com/documento/139?origen=capacidad,ok,
resolve,8,8,21958.553,8.443,302,Dh,https://semilla-793.example.com/documento/793?origen=capacidad,https://semilla-793.example.com/documento/793?origen=capacidad,ok,
resolve,12,9,21965.025,3.831,302,Er,https://semilla-868.example.com/documento/868?origen=capacidad,https://semilla-868.example.com/documento/868?origen=capacidad,ok,
resolve,11,3,21964.715,4.585,302,Zy,https://carga-770.example.com/recurso/770?x=1&y=2,https://carga-770.example.com/recurso/770?x=1&y=2,ok,
resolve,13,2,21965.328,4.332,302,PK,https://carga-158.example.com/recurso/158?x=1&y=2,https://carga-158.example.com/recurso/158?x=1&y=2,ok,
resolve,10,5,21964.265,5.706,302,7S,https://semilla-438.example.com/documento/438?origen=capacidad,https://semilla-438.example.com/documento/438?origen=capacidad,ok,
resolve,14,0,21965.626,4.622,302,BL,https://semilla-656.example.com/documento/656?origen=capacidad,https://semilla-656.example.com/documento/656?origen=capacidad,ok,
resolve,16,4,21966.148,4.388,302,Yt,https://carga-707.example.com/recurso/707?x=1&y=2,https://carga-707.example.com/recurso/707?x=1&y=2,ok,
resolve,15,7,21965.886,5.978,302,Qo,https://carga-244.example.com/recurso/244?x=1&y=2,https://carga-244.example.com/recurso/244?x=1&y=2,ok,
resolve,18,6,21966.784,5.924,302,dc,https://carga-981.example.com/recurso/981?x=1&y=2,https://carga-981.example.com/recurso/981?x=1&y=2,ok,
resolve,17,1,21966.500,6.850,302,W,https://semilla-29.example.com/documento/29?origen=capacidad,https://semilla-29.example.com/documento/29?origen=capacidad,ok,
resolve,20,9,21968.978,4.723,302,Hx,https://warmup-40.example.com/r/40,https://warmup-40.example.com/r/40,ok,
resolve,19,8,21967.036,6.950,302,ay,https://carga-828.example.com/recurso/828?x=1&y=2,https://carga-828.example.com/recurso/828?x=1&y=2,ok,
resolve,21,3,21969.358,5.973,302,Bh,https://semilla-678.example.com/documento/678?origen=capacidad,https://semilla-678.example.com/documento/678?origen=capacidad,ok,
resolve,25,4,21970.579,6.327,302,Zk,https://carga-757.example.com/recurso/757?x=1&y=2,https://carga-757.example.com/recurso/757?x=1&y=2,ok,
resolve,23,5,21970.018,7.310,302,Rx,https://carga-305.example.com/recurso/305?x=1&y=2,https://carga-305.example.com/recurso/305?x=1&y=2,ok,
resolve,24,0,21970.302,7.316,302,MA,https://carga-24.example.com/recurso/24?x=1&y=2,https://carga-24.example.com/recurso/24?x=1&y=2,ok,
resolve,22,2,21969.714,8.172,302,T5,https://carga-370.example.com/recurso/370?x=1&y=2,https://carga-370.example.com/recurso/370?x=1&y=2,ok,
resolve,26,7,21971.936,6.129,302,Va,https://carga-515.example.com/recurso/515?x=1&y=2,https://carga-515.example.com/recurso/515?x=1&y=2,ok,
resolve,28,1,21973.411,4.861,302,3X,https://semilla-211.example.com/documento/211?origen=capacidad,https://semilla-211.example.com/documento/211?origen=capacidad,ok,
resolve,29,9,21973.748,4.816,302,WL,https://carga-559.example.com/recurso/559?x=1&y=2,https://carga-559.example.com/recurso/559?x=1&y=2,ok,
resolve,27,6,21972.774,6.032,302,3g,https://semilla-214.example.com/documento/214?origen=capacidad,https://semilla-214.example.com/documento/214?origen=capacidad,ok,
resolve,30,8,21974.032,5.971,302,Cv,https://semilla-748.example.com/documento/748?origen=capacidad,https://semilla-748.example.com/documento/748?origen=capacidad,ok,
resolve,32,4,21976.999,5.294,302,NF,https://carga-90.example.com/recurso/90?x=1&y=2,https://carga-90.example.com/recurso/90?x=1&y=2,ok,
resolve,31,3,21975.407,7.290,302,CC,https://semilla-707.example.com/documento/707?origen=capacidad,https://semilla-707.example.com/documento/707?origen=capacidad,ok,
resolve,33,5,21977.380,5.592,302,Jg,https://warmup-83.example.com/r/83,https://warmup-83.example.com/r/83,ok,
resolve,34,0,21977.661,5.567,302,RJ,https://carga-264.example.com/recurso/264?x=1&y=2,https://carga-264.example.com/recurso/264?x=1&y=2,ok,
resolve,35,2,21977.917,5.875,302,Cx,https://semilla-750.example.com/documento/750?origen=capacidad,https://semilla-750.example.com/documento/750?origen=capacidad,ok,
resolve,39,6,21978.844,5.203,302,EN,https://semilla-840.example.com/documento/840?origen=capacidad,https://semilla-840.example.com/documento/840?origen=capacidad,ok,
resolve,37,1,21978.302,6.061,302,DJ,https://semilla-761.example.com/documento/761?origen=capacidad,https://semilla-761.example.com/documento/761?origen=capacidad,ok,
resolve,36,7,21978.093,6.520,302,5D,https://semilla-306.example.com/documento/306?origen=capacidad,https://semilla-306.example.com/documento/306?origen=capacidad,ok,
resolve,38,9,21978.605,6.236,302,K9,https://warmup-110.example.com/r/110,https://warmup-110.example.com/r/110,ok,
resolve,40,8,21980.091,6.432,302,BC,https://semilla-644.example.com/documento/644?origen=capacidad,https://semilla-644.example.com/documento/644?origen=capacidad,ok,
resolve,41,4,21982.371,5.070,302,u,https://semilla-59.example.com/documento/59?origen=capacidad,https://semilla-59.example.com/documento/59?origen=capacidad,ok,
resolve,43,5,21983.013,5.958,302,V3,https://carga-484.example.com/recurso/484?x=1&y=2,https://carga-484.example.com/recurso/484?x=1&y=2,ok,
resolve,46,6,21984.084,5.237,302,3X,https://semilla-211.example.com/documento/211?origen=capacidad,https://semilla-211.example.com/documento/211?origen=capacidad,ok,
resolve,48,7,21984.649,4.957,302,3M,https://semilla-197.example.com/documento/197?origen=capacidad,https://semilla-197.example.com/documento/197?origen=capacidad,ok,
resolve,44,0,21983.269,6.676,302,Pa,https://carga-167.example.com/recurso/167?x=1&y=2,https://carga-167.example.com/recurso/167?x=1&y=2,ok,
resolve,47,1,21984.402,5.804,302,88,https://semilla-478.example.com/documento/478?origen=capacidad,https://semilla-478.example.com/documento/478?origen=capacidad,ok,
resolve,45,2,21983.837,6.618,302,NF,https://carga-90.example.com/recurso/90?x=1&y=2,https://carga-90.example.com/recurso/90?x=1&y=2,ok,
resolve,49,9,21984.879,5.829,302,US,https://carga-449.example.com/recurso/449?x=1&y=2,https://carga-449.example.com/recurso/449?x=1&y=2,ok,
resolve,42,3,21982.747,8.190,302,Wk,https://carga-583.example.com/recurso/583?x=1&y=2,https://carga-583.example.com/recurso/583?x=1&y=2,ok,
resolve,50,8,21986.601,4.549,302,QY,https://carga-220.example.com/recurso/220?x=1&y=2,https://carga-220.example.com/recurso/220?x=1&y=2,ok,
resolve,52,5,21989.034,4.598,302,Lu,https://carga-19.example.com/recurso/19?x=1&y=2,https://carga-19.example.com/recurso/19?x=1&y=2,ok,
resolve,54,7,21989.648,5.058,302,Dk,https://semilla-804.example.com/documento/804?origen=capacidad,https://semilla-804.example.com/documento/804?origen=capacidad,ok,
resolve,51,4,21987.505,7.566,302,SK,https://carga-323.example.com/recurso/323?x=1&y=2,https://carga-323.example.com/recurso/323?x=1&y=2,ok,
resolve,53,6,21989.365,6.013,302,Zu,https://carga-766.example.com/recurso/766?x=1&y=2,https://carga-766.example.com/recurso/766?x=1&y=2,ok,
resolve,56,1,21990.246,5.839,302,RM,https://carga-268.example.com/recurso/268?x=1&y=2,https://carga-268.example.com/recurso/268?x=1&y=2,ok,
resolve,58,9,21990.745,6.256,302,XU,https://carga-625.example.com/recurso/625?x=1&y=2,https://carga-625.example.com/recurso/625?x=1&y=2,ok,
resolve,59,3,21990.970,6.436,302,Fc,https://semilla-901.example.com/documento/901?origen=capacidad,https://semilla-901.example.com/documento/901?origen=capacidad,ok,
resolve,55,0,21989.986,7.761,302,MD,https://carga-27.example.com/recurso/27?x=1&y=2,https://carga-27.example.com/recurso/27?x=1&y=2,ok,
resolve,57,2,21990.493,8.377,302,2y,https://semilla-179.example.com/documento/179?origen=capacidad,https://semilla-179.example.com/documento/179?origen=capacidad,ok,
resolve,61,5,21994.007,5.219,302,QS,https://carga-224.example.com/recurso/224?x=1&y=2,https://carga-224.example.com/recurso/224?x=1&y=2,ok,
resolve,60,8,21991.189,9.130,302,2R,https://semilla-147.example.com/documento/147?origen=capacidad,https://semilla-147.example.com/documento/147?origen=capacidad,ok,
resolve,62,7,21994.780,5.921,302,SP,https://carga-329.example.com/recurso/329?x=1&y=2,https://carga-329.example.com/recurso/329?x=1&y=2,ok,
resolve,63,4,21995.121,5.861,302,K8,https://warmup-109.example.com/r/109,https://warmup-109.example.com/r/109,ok,
resolve,64,6,21995.698,5.535,302,ak,https://carga-815.example.com/recurso/815?x=1&y=2,https://carga-815.example.com/recurso/815?x=1&y=2,ok,
resolve,65,1,21996.136,5.432,302,P2,https://carga-135.example.com/recurso/135?x=1&y=2,https://carga-135.example.com/recurso/135?x=1&y=2,ok,
resolve,67,3,21997.481,4.343,302,9m,https://semilla-573.example.com/documento/573?origen=capacidad,https://semilla-573.example.com/documento/573?origen=capacidad,ok,
resolve,66,9,21997.084,4.957,302,8z,https://semilla-528.example.com/documento/528?origen=capacidad,https://semilla-528.example.com/documento/528?origen=capacidad,ok,
resolve,68,0,21997.801,4.457,302,JU,https://warmup-78.example.com/r/78,https://warmup-78.example.com/r/78,ok,
resolve,70,5,21999.276,3.221,302,GT,https://semilla-955.example.com/documento/955?origen=capacidad,https://semilla-955.example.com/documento/955?origen=capacidad,ok,
resolve,69,2,21998.941,3.917,302,Kt,https://warmup-152.example.com/r/152,https://warmup-152.example.com/r/152,ok,
resolve,71,8,22000.383,3.074,302,99,https://semilla-524.example.com/documento/524?origen=capacidad,https://semilla-524.example.com/documento/524?origen=capacidad,ok,
resolve,72,7,22000.753,3.264,302,GE,https://semilla-939.example.com/documento/939?origen=capacidad,https://semilla-939.example.com/documento/939?origen=capacidad,ok,
resolve,74,6,22001.273,3.094,302,D9,https://semilla-769.example.com/documento/769?origen=capacidad,https://semilla-769.example.com/documento/769?origen=capacidad,ok,
resolve,73,4,22001.018,4.952,302,a6,https://carga-777.example.com/recurso/777?x=1&y=2,https://carga-777.example.com/recurso/777?x=1&y=2,ok,
resolve,77,9,22002.073,5.149,302,6J,https://semilla-372.example.com/documento/372?origen=capacidad,https://semilla-372.example.com/documento/372?origen=capacidad,ok,
resolve,81,8,22003.522,4.103,302,Ac,https://semilla-604.example.com/documento/604?origen=capacidad,https://semilla-604.example.com/documento/604?origen=capacidad,ok,
resolve,80,2,22002.902,5.022,302,cV,https://carga-916.example.com/recurso/916?x=1&y=2,https://carga-916.example.com/recurso/916?x=1&y=2,ok,
resolve,79,5,22002.530,6.017,302,1o,https://semilla-111.example.com/documento/111?origen=capacidad,https://semilla-111.example.com/documento/111?origen=capacidad,ok,
resolve,78,0,22002.295,6.573,302,7c,https://semilla-448.example.com/documento/448?origen=capacidad,https://semilla-448.example.com/documento/448?origen=capacidad,ok,
resolve,76,3,22001.861,7.282,302,Vm,https://carga-526.example.com/recurso/526?x=1&y=2,https://carga-526.example.com/recurso/526?x=1&y=2,ok,
resolve,75,1,22001.610,8.085,302,2o,https://semilla-164.example.com/documento/164?origen=capacidad,https://semilla-164.example.com/documento/164?origen=capacidad,ok,
resolve,83,6,22004.429,5.570,302,7f,https://semilla-451.example.com/documento/451?origen=capacidad,https://semilla-451.example.com/documento/451?origen=capacidad,ok,
resolve,82,7,22004.084,7.724,302,1C,https://semilla-53.example.com/documento/53?origen=capacidad,https://semilla-53.example.com/documento/53?origen=capacidad,ok,
resolve,86,8,22007.674,5.040,302,Mz,https://carga-74.example.com/recurso/74?x=1&y=2,https://carga-74.example.com/recurso/74?x=1&y=2,ok,
resolve,84,4,22006.047,7.021,302,26,https://semilla-128.example.com/documento/128?origen=capacidad,https://semilla-128.example.com/documento/128?origen=capacidad,ok,
resolve,90,3,22009.186,4.192,302,5e,https://semilla-333.example.com/documento/333?origen=capacidad,https://semilla-333.example.com/documento/333?origen=capacidad,ok,
resolve,85,9,22007.280,6.355,302,UR,https://carga-448.example.com/recurso/448?x=1&y=2,https://carga-448.example.com/recurso/448?x=1&y=2,ok,
resolve,89,0,22008.916,5.043,302,Pk,https://carga-183.example.com/recurso/183?x=1&y=2,https://carga-183.example.com/recurso/183?x=1&y=2,ok,
resolve,87,2,22007.972,6.257,302,T,https://semilla-24.example.com/documento/24?origen=capacidad,https://semilla-24.example.com/documento/24?origen=capacidad,ok,
resolve,88,5,22008.614,5.893,302,Vr,https://carga-531.example.com/recurso/531?x=1&y=2,https://carga-531.example.com/recurso/531?x=1&y=2,ok,
resolve,92,6,22010.046,5.502,302,W7,https://carga-546.example.com/recurso/546?x=1&y=2,https://carga-546.example.com/recurso/546?x=1&y=2,ok,
resolve,93,7,22011.880,4.493,302,bj,https://carga-872.example.com/recurso/872?x=1&y=2,https://carga-872.example.com/recurso/872?x=1&y=2,ok,
resolve,91,1,22009.746,6.943,302,3Z,https://semilla-213.example.com/documento/213?origen=capacidad,https://semilla-213.example.com/documento/213?origen=capacidad,ok,
resolve,94,8,22012.781,4.200,302,Cr,https://semilla-742.example.com/documento/742?origen=capacidad,https://semilla-742.example.com/documento/742?origen=capacidad,ok,
resolve,96,3,22013.442,3.804,302,Bz,https://semilla-691.example.com/documento/691?origen=capacidad,https://semilla-691.example.com/documento/691?origen=capacidad,ok,
resolve,97,9,22013.665,3.857,302,Nq,https://carga-123.example.com/recurso/123?x=1&y=2,https://carga-123.example.com/recurso/123?x=1&y=2,ok,
resolve,95,4,22013.122,4.624,302,V2,https://carga-483.example.com/recurso/483?x=1&y=2,https://carga-483.example.com/recurso/483?x=1&y=2,ok,
resolve,99,2,22014.271,3.783,302,Ts,https://carga-416.example.com/recurso/416?x=1&y=2,https://carga-416.example.com/recurso/416?x=1&y=2,ok,
resolve,98,0,22014.004,4.339,302,U8,https://carga-431.example.com/recurso/431?x=1&y=2,https://carga-431.example.com/recurso/431?x=1&y=2,ok,
resolve,100,5,22014.554,4.065,302,Qx,https://carga-247.example.com/recurso/247?x=1&y=2,https://carga-247.example.com/recurso/247?x=1&y=2,ok,
resolve,101,6,22015.619,3.359,302,c7,https://carga-894.example.com/recurso/894?x=1&y=2,https://carga-894.example.com/recurso/894?x=1&y=2,ok,
resolve,104,8,22017.028,4.430,302,ca,https://carga-921.example.com/recurso/921?x=1&y=2,https://carga-921.example.com/recurso/921?x=1&y=2,ok,
resolve,105,3,22017.289,4.968,302,8A,https://semilla-477.example.com/documento/477?origen=capacidad,https://semilla-477.example.com/documento/477?origen=capacidad,ok,
resolve,106,9,22017.562,5.011,302,Ht,https://warmup-44.example.com/r/44,https://warmup-44.example.com/r/44,ok,
resolve,103,1,22016.736,6.101,302,Kn,https://warmup-147.example.com/r/147,https://warmup-147.example.com/r/147,ok,
resolve,102,7,22016.440,6.628,302,RV,https://carga-276.example.com/recurso/276?x=1&y=2,https://carga-276.example.com/recurso/276?x=1&y=2,ok,
resolve,107,4,22017.782,6.318,302,8P,https://semilla-493.example.com/documento/493?origen=capacidad,https://semilla-493.example.com/documento/493?origen=capacidad,ok,
resolve,108,2,22018.103,6.338,302,EG,https://semilla-833.example.com/documento/833?origen=capacidad,https://semilla-833.example.com/documento/833?origen=capacidad,ok,
resolve,109,0,22018.385,6.313,302,7a,https://semilla-443.example.com/documento/443?origen=capacidad,https://semilla-443.example.com/documento/443?origen=capacidad,ok,
resolve,110,5,22018.663,6.278,302,dK,https://carga-964.example.com/recurso/964?x=1&y=2,https://carga-964.example.com/recurso/964?x=1&y=2,ok,
resolve,111,6,22019.023,6.276,302,VR,https://carga-506.example.com/recurso/506?x=1&y=2,https://carga-506.example.com/recurso/506?x=1&y=2,ok,
resolve,112,8,22021.921,3.671,302,L5,https://warmup-170.example.com/r/170,https://warmup-170.example.com/r/170,ok,
resolve,114,9,22022.621,4.324,302,Hf,https://warmup-23.example.com/r/23,https://warmup-23.example.com/r/23,ok,
resolve,113,3,22022.310,4.896,302,aY,https://carga-803.example.com/recurso/803?x=1&y=2,https://carga-803.example.com/recurso/803?x=1&y=2,ok,
resolve,115,1,22022.881,5.431,302,SJ,https://carga-322.example.com/recurso/322?x=1&y=2,https://carga-322.example.com/recurso/322?x=1&y=2,ok,
resolve,116,7,22023.109,6.371,302,YS,https://carga-681.example.com/recurso/681?x=1&y=2,https://carga-681.example.com/recurso/681?x=1&y=2,ok,
resolve,118,2,22024.485,5.389,302,8G,https://semilla-486.example.com/documento/486?origen=capacidad,https://semilla-486.example.com/documento/486?origen=capacidad,ok,
resolve,119,0,22024.734,5.678,302,1g,https://semilla-87.example.com/documento/87?origen=capacidad,https://semilla-87.example.com/documento/87?origen=capacidad,ok,
resolve,121,6,22025.344,5.922,302,NS,https://carga-108.example.com/recurso/108?x=1&y=2,https://carga-108.example.com/recurso/108?x=1&y=2,ok,
resolve,120,5,22024.983,6.676,302,Bz,https://semilla-691.example.com/documento/691?origen=capacidad,https://semilla-691.example.com/documento/691?origen=capacidad,ok,
resolve,117,4,22024.159,7.769,302,1H,https://semilla-81.example.com/documento/81?origen=capacidad,https://semilla-81.example.com/documento/81?origen=capacidad,ok,
resolve,124,3,22027.243,4.935,302,FN,https://semilla-889.example.com/documento/889?origen=capacidad,https://semilla-889.example.com/documento/889?origen=capacidad,ok,
resolve,123,9,22026.992,5.400,302,6M,https://semilla-375.example.com/documento/375?origen=capacidad,https://semilla-375.example.com/documento/375?origen=capacidad,ok,
resolve,122,8,22026.110,6.527,302,D,https://semilla-12.example.com/documento/12?origen=capacidad,https://semilla-12.example.com/documento/12?origen=capacidad,ok,
resolve,125,1,22028.371,4.500,302,8w,https://semilla-522.example.com/documento/522?origen=capacidad,https://semilla-522.example.com/documento/522?origen=capacidad,ok,
resolve,127,2,22029.925,3.182,302,87,https://semilla-461.example.com/documento/461?origen=capacidad,https://semilla-461.example.com/documento/461?origen=capacidad,ok,
resolve,126,7,22029.549,3.765,302,FH,https://semilla-881.example.com/documento/881?origen=capacidad,https://semilla-881.example.com/documento/881?origen=capacidad,ok,
resolve,128,0,22030.481,3.219,302,Pt,https://carga-181.example.com/recurso/181?x=1&y=2,https://carga-181.example.com/recurso/181?x=1&y=2,ok,
resolve,129,6,22031.319,3.628,302,a8,https://carga-779.example.com/recurso/779?x=1&y=2,https://carga-779.example.com/recurso/779?x=1&y=2,ok,
resolve,133,9,22032.438,3.382,302,AA,https://semilla-596.example.com/documento/596?origen=capacidad,https://semilla-596.example.com/documento/596?origen=capacidad,ok,
resolve,130,5,22031.718,4.394,302,Cy,https://semilla-751.example.com/documento/751?origen=capacidad,https://semilla-751.example.com/documento/751?origen=capacidad,ok,
resolve,131,4,22031.967,4.377,302,Kb,https://warmup-135.example.com/r/135,https://warmup-135.example.com/r/135,ok,
resolve,132,3,22032.215,4.491,302,QQ,https://carga-215.example.com/recurso/215?x=1&y=2,https://carga-215.example.com/recurso/215?x=1&y=2,ok,
resolve,134,8,22032.672,4.890,302,2z,https://semilla-180.example.com/documento/180?origen=capacidad,https://semilla-180.example.com/documento/180?origen=capacidad,ok,
resolve,137,7,22033.356,5.115,302,NQ,https://carga-96.example.com/recurso/96?x=1&y=2,https://carga-96.example.com/recurso/96?x=1&y=2,ok,
resolve,136,2,22033.142,5.663,302,RF,https://carga-271.example.com/recurso/271?x=1&y=2,https://carga-271.example.com/recurso/271?x=1&y=2,ok,
resolve,139,6,22035.008,4.094,302,XV,https://carga-626.example.com/recurso/626?x=1&y=2,https://carga-626.example.com/recurso/626?x=1&y=2,ok,
resolve,135,1,22032.906,6.466,302,Xm,https://carga-641.example.com/recurso/641?x=1&y=2,https://carga-641.example.com/recurso/641?x=1&y=2,ok,
resolve,138,0,22033.739,6.428,302,aH,https://carga-788.example.com/recurso/788?x=1&y=2,https://carga-788.example.com/recurso/788?x=1&y=2,ok,
resolve,143,3,22036.745,3.776,302,bF,https://carga-844.example.com/recurso/844?x=1&y=2,https://carga-844.example.com/recurso/844?x=1&y=2,ok,
resolve,142,4,22036.382,4.559,302,HW,https://warmup-10.example.com/r/10,https://warmup-10.example.com/r/10,ok,
resolve,140,9,22035.876,5.573,302,d6,https://carga-951.example.com/recurso/951?x=1&y=2,https://carga-951.example.com/recurso/951?x=1&y=2,ok,
resolve,141,5,22036.150,5.644,302,KZ,https://warmup-133.example.com/r/133,https://warmup-133.example.com/r/133,ok,
resolve,144,8,22037.625,4.374,302,Bj,https://semilla-679.example.com/documento/679?origen=capacidad,https://semilla-679.example.com/documento/679?origen=capacidad,ok,
resolve,146,2,22038.855,4.461,302,h,https://semilla-47.example.com/documento/47?origen=capacidad,https://semilla-47.example.com/documento/47?origen=capacidad,ok,
resolve,145,7,22038.532,5.158,302,Ap,https://semilla-631.example.com/documento/631?origen=capacidad,https://semilla-631.example.com/documento/631?origen=capacidad,ok,
resolve,147,6,22039.148,5.226,302,HW,https://warmup-10.example.com/r/10,https://warmup-10.example.com/r/10,ok,
resolve,149,0,22040.226,5.060,302,c3,https://carga-890.example.com/recurso/890?x=1&y=2,https://carga-890.example.com/recurso/890?x=1&y=2,ok,
resolve,150,3,22040.570,5.237,302,Vu,https://carga-534.example.com/recurso/534?x=1&y=2,https://carga-534.example.com/recurso/534?x=1&y=2,ok,
resolve,148,1,22039.431,6.777,302,19,https://semilla-50.example.com/documento/50?origen=capacidad,https://semilla-50.example.com/documento/50?origen=capacidad,ok,
resolve,151,4,22040.987,5.766,302,Qr,https://carga-239.example.com/recurso/239?x=1&y=2,https://carga-239.example.com/recurso/239?x=1&y=2,ok,
resolve,152,9,22041.522,6.498,302,My,https://carga-73.example.com/recurso/73?x=1&y=2,https://carga-73.example.com/recurso/73?x=1&y=2,ok,
resolve,156,7,22043.741,5.490,302,RM,https://carga-268.example.com/recurso/268?x=1&y=2,https://carga-268.example.com/recurso/268?x=1&y=2,ok,
resolve,153,5,22041.829,7.866,302,Fo,https://semilla-915.example.com/documento/915?origen=capacidad,https://semilla-915.example.com/documento/915?origen=capacidad,ok,
resolve,158,0,22045.359,4.663,302,Cp,https://semilla-739.example.com/documento/739?origen=capacidad,https://semilla-739.example.com/documento/739?origen=capacidad,ok,
resolve,155,2,22043.385,6.935,302,Pw,https://carga-186.example.com/recurso/186?x=1&y=2,https://carga-186.example.com/recurso/186?x=1&y=2,ok,
resolve,154,8,22042.038,8.594,302,P7,https://carga-147.example.com/recurso/147?x=1&y=2,https://carga-147.example.com/recurso/147?x=1&y=2,ok,
resolve,160,1,22046.267,4.670,302,Dn,https://semilla-806.example.com/documento/806?origen=capacidad,https://semilla-806.example.com/documento/806?origen=capacidad,ok,
resolve,157,6,22044.443,6.767,302,QN,https://carga-213.example.com/recurso/213?x=1&y=2,https://carga-213.example.com/recurso/213?x=1&y=2,ok,
resolve,159,3,22045.867,5.705,302,St,https://carga-359.example.com/recurso/359?x=1&y=2,https://carga-359.example.com/recurso/359?x=1&y=2,ok,
resolve,161,4,22046.808,5.131,302,TS,https://carga-391.example.com/recurso/391?x=1&y=2,https://carga-391.example.com/recurso/391?x=1&y=2,ok,
resolve,162,9,22048.089,4.112,302,6g,https://semilla-394.example.com/documento/394?origen=capacidad,https://semilla-394.example.com/documento/394?origen=capacidad,ok,
resolve,163,7,22049.299,3.555,302,Pe,https://carga-170.example.com/recurso/170?x=1&y=2,https://carga-170.example.com/recurso/170?x=1&y=2,ok,
resolve,164,5,22049.753,3.478,302,Dt,https://semilla-801.example.com/documento/801?origen=capacidad,https://semilla-801.example.com/documento/801?origen=capacidad,ok,
resolve,165,0,22050.071,3.716,302,Rv,https://carga-303.example.com/recurso/303?x=1&y=2,https://carga-303.example.com/recurso/303?x=1&y=2,ok,
resolve,166,2,22050.368,3.699,302,7q,https://semilla-458.example.com/documento/458?origen=capacidad,https://semilla-458.example.com/documento/458?origen=capacidad,ok,
resolve,167,8,22050.684,3.917,302,JN,https://warmup-63.example.com/r/63,https://warmup-63.example.com/r/63,ok,
resolve,169,6,22051.253,3.681,302,T6,https://carga-371.example.com/recurso/371?x=1&y=2,https://carga-371.example.com/recurso/371?x=1&y=2,ok,
resolve,170,3,22051.618,4.031,302,KK,https://warmup-120.example.com/r/120,https://warmup-120.example.com/r/120,ok,
resolve,171,4,22051.984,3.986,302,Nz,https://carga-133.example.com/recurso/133?x=1&y=2,https://carga-133.example.com/recurso/133?x=1&y=2,ok,
resolve,172,9,22052.244,4.003,302,aT,https://carga-798.example.com/recurso/798?x=1&y=2,https://carga-798.example.com/recurso/798?x=1&y=2,ok,
resolve,168,1,22050.985,5.545,302,Ui,https://carga-465.example.com/recurso/465?x=1&y=2,https://carga-465.example.com/recurso/465?x=1&y=2,ok,
resolve,174,5,22053.528,4.212,302,V5,https://carga-486.example.com/recurso/486?x=1&y=2,https://carga-486.example.com/recurso/486?x=1&y=2,ok,
resolve,175,0,22053.838,4.495,302,6G,https://semilla-370.example.com/documento/370?origen=capacidad,https://semilla-370.example.com/documento/370?origen=capacidad,ok,
resolve,173,7,22052.919,6.316,302,Gx,https://semilla-980.example.com/documento/980?origen=capacidad,https://semilla-980.example.com/documento/980?origen=capacidad,ok,
resolve,178,6,22054.983,4.880,302,He,https://warmup-22.example.com/r/22,https://warmup-22.example.com/r/22,ok,
resolve,177,8,22054.658,5.738,302,bu,https://carga-882.example.com/recurso/882?x=1&y=2,https://carga-882.example.com/recurso/882?x=1&y=2,ok,
resolve,176,2,22054.114,6.661,302,SC,https://carga-313.example.com/recurso/313?x=1&y=2,https://carga-313.example.com/recurso/313?x=1&y=2,ok,
resolve,181,9,22056.289,6.081,302,Ed,https://semilla-847.example.com/documento/847?origen=capacidad,https://semilla-847.example.com/documento/847?origen=capacidad,ok,
resolve,179,3,22055.714,7.071,302,bp,https://carga-877.example.com/recurso/877?x=1&y=2,https://carga-877.example.com/recurso/877?x=1&y=2,ok,
resolve,180,4,22056.017,7.491,302,6,https://semilla-7.example.com/documento/7?origen=capacidad,https://semilla-7.example.com/documento/7?origen=capacidad,ok,
resolve,182,1,22056.608,7.511,302,41,https://semilla-239.example.com/documento/239?origen=capacidad,https://semilla-239.example.com/documento/239?origen=capacidad,ok,
resolve,184,0,22058.446,6.387,302,X7,https://carga-604.example.com/recurso/604?x=1&y=2,https://carga-604.example.com/recurso/604?x=1&y=2,ok,
resolve,183,5,22057.832,7.404,302,XF,https://carga-612.example.com/recurso/612?x=1&y=2,https://carga-612.example.com/recurso/612?x=1&y=2,ok,
resolve,185,7,22059.386,6.180,302,4f,https://semilla-274.example.com/documento/274?origen=capacidad,https://semilla-274.example.com/documento/274?origen=capacidad,ok,
resolve,186,6,22059.947,6.292,302,Lk,https://carga-8.example.com/recurso/8?x=1&y=2,https://carga-8.example.com/recurso/8?x=1&y=2,ok,
resolve,188,2,22060.823,5.727,302,8,https://semilla-3.example.com/documento/3?origen=capacidad,https://semilla-3.example.com/documento/3?origen=capacidad,ok,
resolve,187,8,22060.520,6.969,302,S1,https://carga-314.example.com/recurso/314?x=1&y=2,https://carga-314.example.com/recurso/314?x=1&y=2,ok,
resolve,192,1,22064.446,3.525,302,CU,https://semilla-723.example.com/documento/723?origen=capacidad,https://semilla-723.example.com/documento/723?origen=capacidad,ok,
resolve,189,9,22062.464,5.869,302,CK,https://semilla-713.example.com/documento/713?origen=capacidad,https://semilla-713.example.com/documento/713?origen=capacidad,ok,
resolve,190,3,22062.843,6.202,302,Sn,https://carga-358.example.com/recurso/358?x=1&y=2,https://carga-358.example.com/recurso/358?x=1&y=2,ok,
resolve,191,4,22063.575,6.010,302,Hk,https://warmup-25.example.com/r/25,https://warmup-25.example.com/r/25,ok,
resolve,193,0,22064.888,5.376,302,7n,https://semilla-392.example.com/documento/392?origen=capacidad,https://semilla-392.example.com/documento/392?origen=capacidad,ok,
resolve,195,7,22065.958,6.706,302,GY,https://semilla-951.example.com/documento/951?origen=capacidad,https://semilla-951.example.com/documento/951?origen=capacidad,ok,
resolve,194,5,22065.289,7.776,302,9e,https://semilla-566.example.com/documento/566?origen=capacidad,https://semilla-566.example.com/documento/566?origen=capacidad,ok,
resolve,198,8,22067.562,5.811,302,GZ,https://semilla-952.example.com/documento/952?origen=capacidad,https://semilla-952.example.com/documento/952?origen=capacidad,ok,
resolve,199,1,22068.025,5.805,302,Ff,https://semilla-905.example.com/documento/905?origen=capacidad,https://semilla-905.example.com/documento/905?origen=capacidad,ok,
resolve,201,3,22069.104,5.016,302,Bt,https://semilla-688.example.com/documento/688?origen=capacidad,https://semilla-688.example.com/documento/688?origen=capacidad,ok,
resolve,197,2,22066.594,8.009,302,RY,https://carga-280.example.com/recurso/280?x=1&y=2,https://carga-280.example.com/recurso/280?x=1&y=2,ok,
resolve,200,9,22068.385,6.559,302,9J,https://semilla-530.example.com/documento/530?origen=capacidad,https://semilla-530.example.com/documento/530?origen=capacidad,ok,
resolve,196,6,22066.290,8.945,302,6B,https://semilla-320.example.com/documento/320?origen=capacidad,https://semilla-320.example.com/documento/320?origen=capacidad,ok,
resolve,203,0,22070.319,5.210,302,Ea,https://semilla-845.example.com/documento/845?origen=capacidad,https://semilla-845.example.com/documento/845?origen=capacidad,ok,
resolve,202,4,22069.640,6.168,302,Zy,https://carga-770.example.com/recurso/770?x=1&y=2,https://carga-770.example.com/recurso/770?x=1&y=2,ok,
resolve,204,7,22072.745,3.750,302,QA,https://carga-199.example.com/recurso/199?x=1&y=2,https://carga-199.example.com/recurso/199?x=1&y=2,ok,
resolve,208,3,22074.245,3.461,302,a3,https://carga-774.example.com/recurso/774?x=1&y=2,https://carga-774.example.com/recurso/774?x=1&y=2,ok,
resolve,205,5,22073.118,5.866,302,8s,https://semilla-450.example.com/documento/450?origen=capacidad,https://semilla-450.example.com/documento/450?origen=capacidad,ok,
resolve,206,8,22073.460,5.866,302,Jo,https://warmup-90.example.com/r/90,https://warmup-90.example.com/r/90,ok,
resolve,207,1,22073.877,5.710,302,cH,https://carga-904.example.com/recurso/904?x=1&y=2,https://carga-904.example.com/recurso/904?x=1&y=2,ok,
resolve,209,2,22074.659,5.161,302,Aa,https://semilla-620.example.com/documento/620?origen=capacidad,https://semilla-620.example.com/documento/620?origen=capacidad,ok,
resolve,211,6,22075.281,4.759,302,Yn,https://carga-701.example.com/recurso/701?x=1&y=2,https://carga-701.example.com/recurso/701?x=1&y=2,ok,
resolve,210,9,22074.995,6.633,302,2s,https://semilla-173.example.com/documento/173?origen=capacidad,https://semilla-173.example.com/documento/173?origen=capacidad,ok,
resolve,212,0,22075.575,6.458,302,WU,https://carga-567.example.com/recurso/567?x=1&y=2,https://carga-567.example.com/recurso/567?x=1&y=2,ok,
resolve,213,4,22075.856,6.498,302,U1,https://carga-424.example.com/recurso/424?x=1&y=2,https://carga-424.example.com/recurso/424?x=1&y=2,ok,
resolve,214,7,22076.790,6.150,302,Kt,https://warmup-152.example.com/r/152,https://warmup-152.example.com/r/152,ok,
resolve,215,3,22077.760,5.573,302,2L,https://semilla-141.example.com/documento/141?origen=capacidad,https://semilla-141.example.com/documento/141?origen=capacidad,ok,
resolve,217,8,22079.371,4.228,302,Cx,https://semilla-750.example.com/documento/750?origen=capacidad,https://semilla-750.example.com/documento/750?origen=capacidad,ok,
resolve,218,1,22079.626,4.204,302,BH,https://semilla-653.example.com/documento/653?origen=capacidad,https://semilla-653.example.com/documento/653?origen=capacidad,ok,
resolve,220,6,22080.077,4.012,302,Lc,https://warmup-190.example.com/r/190,https://warmup-190.example.com/r/190,ok,
resolve,216,5,22079.046,5.298,302,HE,https://semilla-999.example.com/documento/999?origen=capacidad,https://semilla-999.example.com/documento/999?origen=capacidad,ok,
resolve,219,2,22079.854,4.900,302,ak,https://carga-815.example.com/recurso/815?x=1&y=2,https://carga-815.example.com/recurso/815?x=1&y=2,ok,
resolve,222,0,22082.091,3.965,302,GN,https://semilla-956.example.com/documento/956?origen=capacidad,https://semilla-956.example.com/documento/956?origen=capacidad,ok,
resolve,221,9,22081.707,5.069,302,bT,https://carga-856.example.com/recurso/856?x=1&y=2,https://carga-856.example.com/recurso/856?x=1&y=2,ok,
resolve,225,3,22083.373,3.786,302,2M,https://semilla-143.example.com/documento/143?origen=capacidad,https://semilla-143.example.com/documento/143?origen=capacidad,ok,
resolve,226,8,22083.638,3.854,302,4r,https://semilla-288.example.com/documento/288?origen=capacidad,https://semilla-288.example.com/documento/288?origen=capacidad,ok,
resolve,227,1,22083.871,3.911,302,4x,https://semilla-294.example.com/documento/294?origen=capacidad,https://semilla-294.example.com/documento/294?origen=capacidad,ok,
resolve,224,7,22082.998,5.073,302,MW,https://carga-44.example.com/recurso/44?x=1&y=2,https://carga-44.example.com/recurso/44?x=1&y=2,ok,
resolve,223,4,22082.402,5.980,302,au,https://carga-824.example.com/recurso/824?x=1&y=2,https://carga-824.example.com/recurso/824?x=1&y=2,ok,
resolve,229,5,22084.388,4.354,302,UL,https://carga-443.example.com/recurso/443?x=1&y=2,https://carga-443.example.com/recurso/443?x=1&y=2,ok,
resolve,228,6,22084.131,5.109,302,Yz,https://carga-713.example.com/recurso/713?x=1&y=2,https://carga-713.example.com/recurso/713?x=1&y=2,ok,
resolve,230,2,22084.798,4.807,302,Xm,https://carga-641.example.com/recurso/641?x=1&y=2,https://carga-641.example.com/recurso/641?x=1&y=2,ok,
resolve,231,0,22086.120,3.991,302,6P,https://semilla-377.example.com/documento/377?origen=capacidad,https://semilla-377.example.com/documento/377?origen=capacidad,ok,
resolve,233,3,22087.214,3.910,302,MU,https://carga-41.example.com/recurso/41?x=1&y=2,https://carga-41.example.com/recurso/41?x=1&y=2,ok,
resolve,234,8,22087.544,4.244,302,3o,https://semilla-227.example.com/documento/227?origen=capacidad,https://semilla-227.example.com/documento/227?origen=capacidad,ok,
resolve,232,9,22086.847,5.312,302,Qy,https://carga-248.example.com/recurso/248?x=1&y=2,https://carga-248.example.com/recurso/248?x=1&y=2,ok,
resolve,237,4,22088.460,3.992,302,7,https://semilla-8.example.com/documento/8?origen=capacidad,https://semilla-8.example.com/documento/8?origen=capacidad,ok,
resolve,236,7,22088.120,4.566,302,Eh,https://semilla-859.example.com/documento/859?origen=capacidad,https://semilla-859.example.com/documento/859?origen=capacidad,ok,
resolve,235,1,22087.826,5.075,302,2R,https://semilla-147.example.com/documento/147?origen=capacidad,https://semilla-147.example.com/documento/147?origen=capacidad,ok,
resolve,239,6,22089.289,3.994,302,Kw,https://warmup-155.example.com/r/155,https://warmup-155.example.com/r/155,ok,
resolve,238,5,22088.788,4.774,302,UZ,https://carga-454.example.com/recurso/454?x=1&y=2,https://carga-454.example.com/recurso/454?x=1&y=2,ok,
resolve,240,2,22089.646,4.158,302,C1,https://semilla-692.example.com/documento/692?origen=capacidad,https://semilla-692.example.com/documento/692?origen=capacidad,ok,
resolve,241,0,22090.158,5.160,302,LF,https://warmup-174.example.com/r/174,https://warmup-174.example.com/r/174,ok,
resolve,242,3,22091.182,5.061,302,EF,https://semilla-832.example.com/documento/832?origen=capacidad,https://semilla-832.example.com/documento/832?origen=capacidad,ok,
resolve,243,8,22091.857,4.885,302,BR,https://semilla-660.example.com/documento/660?origen=capacidad,https://semilla-660.example.com/documento/660?origen=capacidad,ok,
resolve,244,9,22092.208,4.824,302,9y,https://semilla-584.example.com/documento/584?origen=capacidad,https://semilla-584.example.com/documento/584?origen=capacidad,ok,
resolve,245,4,22092.499,4.799,302,4D,https://semilla-251.example.com/documento/251?origen=capacidad,https://semilla-251.example.com/documento/251?origen=capacidad,ok,
resolve,247,1,22092.941,6.597,302,cK,https://carga-906.example.com/recurso/906?x=1&y=2,https://carga-906.example.com/recurso/906?x=1&y=2,ok,
resolve,249,5,22093.602,6.337,302,Ki,https://warmup-143.example.com/r/143,https://warmup-143.example.com/r/143,ok,
resolve,250,2,22093.844,6.383,302,Bm,https://semilla-689.example.com/documento/689?origen=capacidad,https://semilla-689.example.com/documento/689?origen=capacidad,ok,
resolve,246,7,22092.716,7.898,302,8p,https://semilla-412.example.com/documento/412?origen=capacidad,https://semilla-412.example.com/documento/412?origen=capacidad,ok,
resolve,248,6,22093.329,7.569,302,Ne,https://carga-111.example.com/recurso/111?x=1&y=2,https://carga-111.example.com/recurso/111?x=1&y=2,ok,
resolve,252,3,22096.327,4.842,302,57,https://semilla-303.example.com/documento/303?origen=capacidad,https://semilla-303.example.com/documento/303?origen=capacidad,ok,
resolve,253,8,22096.796,4.725,302,dv,https://carga-999.example.com/recurso/999?x=1&y=2,https://carga-999.example.com/recurso/999?x=1&y=2,ok,
resolve,255,4,22097.341,4.423,302,GG,https://semilla-950.example.com/documento/950?origen=capacidad,https://semilla-950.example.com/documento/950?origen=capacidad,ok,
resolve,251,0,22095.384,6.603,302,9b,https://semilla-559.example.com/documento/559?origen=capacidad,https://semilla-559.example.com/documento/559?origen=capacidad,ok,
resolve,254,9,22097.078,5.142,302,ay,https://carga-828.example.com/recurso/828?x=1&y=2,https://carga-828.example.com/recurso/828?x=1&y=2,ok,
resolve,256,1,22099.628,3.650,302,2X,https://semilla-153.example.com/documento/153?origen=capacidad,https://semilla-153.example.com/documento/153?origen=capacidad,ok,
resolve,257,5,22099.988,3.608,302,7W,https://semilla-442.example.com/documento/442?origen=capacidad,https://semilla-442.example.com/documento/442?origen=capacidad,ok,
resolve,259,7,22100.658,4.148,302,Xa,https://carga-631.example.com/recurso/631?x=1&y=2,https://carga-631.example.com/recurso/631?x=1&y=2,ok,
resolve,260,6,22100.942,4.243,302,Bs,https://semilla-687.example.com/documento/687?origen=capacidad,https://semilla-687.example.com/documento/687?origen=capacidad,ok,
resolve,258,2,22100.270,5.242,302,YJ,https://carga-673.example.com/recurso/673?x=1&y=2,https://carga-673.example.com/recurso/673?x=1&y=2,ok,
resolve,261,3,22101.210,5.343,302,MQ,https://carga-39.example.com/recurso/39?x=1&y=2,https://carga-39.example.com/recurso/39?x=1&y=2,ok,
resolve,263,4,22101.800,5.068,302,ay,https://carga-828.example.com/recurso/828?x=1&y=2,https://carga-828.example.com/recurso/828?x=1&y=2,ok,
resolve,264,0,22102.022,5.614,302,69,https://semilla-363.example.com/documento/363?origen=capacidad,https://semilla-363.example.com/documento/363?origen=capacidad,ok,
resolve,265,9,22102.257,6.339,302,7E,https://semilla-426.example.com/documento/426?origen=capacidad,https://semilla-426.example.com/documento/426?origen=capacidad,ok,
resolve,262,8,22101.563,7.415,302,7d,https://semilla-449.example.com/documento/449?origen=capacidad,https://semilla-449.example.com/documento/449?origen=capacidad,ok,
resolve,267,5,22103.640,5.586,302,KA,https://warmup-111.example.com/r/111,https://warmup-111.example.com/r/111,ok,
resolve,266,1,22103.334,6.116,302,WN,https://carga-561.example.com/recurso/561?x=1&y=2,https://carga-561.example.com/recurso/561?x=1&y=2,ok,
resolve,269,6,22105.241,4.420,302,Ar,https://semilla-636.example.com/documento/636?origen=capacidad,https://semilla-636.example.com/documento/636?origen=capacidad,ok,
resolve,268,7,22104.878,6.433,302,3A,https://semilla-190.example.com/documento/190?origen=capacidad,https://semilla-190.example.com/documento/190?origen=capacidad,ok,
resolve,270,2,22105.560,6.088,302,Y3,https://carga-658.example.com/recurso/658?x=1&y=2,https://carga-658.example.com/recurso/658?x=1&y=2,ok,
resolve,272,4,22106.915,4.956,302,M2,https://carga-18.example.com/recurso/18?x=1&y=2,https://carga-18.example.com/recurso/18?x=1&y=2,ok,
resolve,271,3,22106.608,5.465,302,81,https://semilla-471.example.com/documento/471?origen=capacidad,https://semilla-471.example.com/documento/471?origen=capacidad,ok,
resolve,274,9,22108.656,3.629,302,MA,https://carga-24.example.com/recurso/24?x=1&y=2,https://carga-24.example.com/recurso/24?x=1&y=2,ok,
resolve,273,0,22107.688,5.122,302,Qg,https://carga-229.example.com/recurso/229?x=1&y=2,https://carga-229.example.com/recurso/229?x=1&y=2,ok,
resolve,277,1,22109.482,5.202,302,6j,https://semilla-397.example.com/documento/397?origen=capacidad,https://semilla-397.example.com/documento/397?origen=capacidad,ok,
resolve,276,5,22109.262,6.063,302,KV,https://warmup-136.example.com/r/136,https://warmup-136.example.com/r/136,ok,
resolve,275,8,22109.020,7.391,302,Y3,https://carga-658.example.com/recurso/658?x=1&y=2,https://carga-658.example.com/recurso/658?x=1&y=2,ok,
resolve,279,7,22111.434,5.857,302,5J,https://semilla-314.example.com/documento/314?origen=capacidad,https://semilla-314.example.com/documento/314?origen=capacidad,ok,
resolve,278,6,22109.695,7.875,302,38,https://semilla-188.example.com/documento/188?origen=capacidad,https://semilla-188.example.com/documento/188?origen=capacidad,ok,
resolve,280,2,22111.685,6.117,302,2G,https://semilla-137.example.com/documento/137?origen=capacidad,https://semilla-137.example.com/documento/137?origen=capacidad,ok,
resolve,283,9,22112.315,6.440,302,7r,https://semilla-462.example.com/documento/462?origen=capacidad,https://semilla-462.example.com/documento/462?origen=capacidad,ok,
resolve,281,4,22111.906,7.416,302,Em,https://semilla-862.example.com/documento/862?origen=capacidad,https://semilla-862.example.com/documento/862?origen=capacidad,ok,
resolve,285,1,22114.764,5.114,302,81,https://semilla-471.example.com/documento/471?origen=capacidad,https://semilla-471.example.com/documento/471?origen=capacidad,ok,
resolve,282,3,22112.105,8.176,302,d1,https://carga-946.example.com/recurso/946?x=1&y=2,https://carga-946.example.com/recurso/946?x=1&y=2,ok,
resolve,287,8,22116.488,4.161,302,XZ,https://carga-630.example.com/recurso/630?x=1&y=2,https://carga-630.example.com/recurso/630?x=1&y=2,ok,
resolve,286,5,22115.411,6.576,302,Ys,https://carga-706.example.com/recurso/706?x=1&y=2,https://carga-706.example.com/recurso/706?x=1&y=2,ok,
resolve,284,0,22112.855,9.499,302,Kr,https://warmup-150.example.com/r/150,https://warmup-150.example.com/r/150,ok,
resolve,288,7,22117.342,5.268,302,GG,https://semilla-950.example.com/documento/950?origen=capacidad,https://semilla-950.example.com/documento/950?origen=capacidad,ok,
resolve,290,2,22117.844,4.974,302,Q7,https://carga-197.example.com/recurso/197?x=1&y=2,https://carga-197.example.com/recurso/197?x=1&y=2,ok,
resolve,289,6,22117.605,5.415,302,B4,https://semilla-627.example.com/documento/627?origen=capacidad,https://semilla-627.example.com/documento/627?origen=capacidad,ok,
resolve,292,4,22119.379,3.879,302,AH,https://semilla-603.example.com/documento/603?origen=capacidad,https://semilla-603.example.com/documento/603?origen=capacidad,ok,
resolve,291,9,22118.836,4.657,302,Ay,https://semilla-643.example.com/documento/643?origen=capacidad,https://semilla-643.example.com/documento/643?origen=capacidad,ok,
resolve,294,3,22120.332,4.489,302,c8,https://carga-895.example.com/recurso/895?x=1&y=2,https://carga-895.example.com/recurso/895?x=1&y=2,ok,
resolve,296,5,22122.040,3.319,302,3S,https://semilla-206.example.com/documento/206?origen=capacidad,https://semilla-206.example.com/documento/206?origen=capacidad,ok,
resolve,295,8,22120.739,4.943,302,8F,https://semilla-485.example.com/documento/485?origen=capacidad,https://semilla-485.example.com/documento/485?origen=capacidad,ok,
resolve,293,1,22119.945,6.014,302,Uz,https://carga-481.example.com/recurso/481?x=1&y=2,https://carga-481.example.com/recurso/481?x=1&y=2,ok,
resolve,299,2,22122.852,4.366,302,N2,https://carga-75.example.com/recurso/75?x=1&y=2,https://carga-75.example.com/recurso/75?x=1&y=2,ok,
resolve,302,9,22123.526,4.413,302,EW,https://semilla-839.example.com/documento/839?origen=capacidad,https://semilla-839.example.com/documento/839?origen=capacidad,ok,
resolve,297,0,22122.390,5.847,302,B1,https://semilla-645.example.com/documento/645?origen=capacidad,https://semilla-645.example.com/documento/645?origen=capacidad,ok,
resolve,303,3,22124.888,3.640,302,P5,https://carga-145.example.com/recurso/145?x=1&y=2,https://carga-145.example.com/recurso/145?x=1&y=2,ok,
resolve,298,7,22122.645,6.142,302,PJ,https://carga-150.example.com/recurso/150?x=1&y=2,https://carga-150.example.com/recurso/150?x=1&y=2,ok,
resolve,304,5,22125.433,3.801,302,1G,https://semilla-77.example.com/documento/77?origen=capacidad,https://semilla-77.example.com/documento/77?origen=capacidad,ok,
resolve,300,6,22123.052,6.661,302,H2,https://semilla-985.example.com/documento/985?origen=capacidad,https://semilla-985.example.com/documento/985?origen=capacidad,ok,
resolve,306,1,22126.005,4.438,302,ZZ,https://carga-746.example.com/recurso/746?x=1&y=2,https://carga-746.example.com/recurso/746?x=1&y=2,ok,
resolve,301,4,22123.297,7.890,302,AV,https://semilla-615.example.com/documento/615?origen=capacidad,https://semilla-615.example.com/documento/615?origen=capacidad,ok,
resolve,305,8,22125.730,6.101,302,DC,https://semilla-771.example.com/documento/771?origen=capacidad,https://semilla-771.example.com/documento/771?origen=capacidad,ok,
resolve,307,2,22127.280,5.122,302,E9,https://semilla-815.example.com/documento/815?origen=capacidad,https://semilla-815.example.com/documento/815?origen=capacidad,ok,
resolve,311,7,22128.829,3.928,302,7Z,https://semilla-445.example.com/documento/445?origen=capacidad,https://semilla-445.example.com/documento/445?origen=capacidad,ok,
resolve,309,0,22128.278,5.091,302,4w,https://semilla-293.example.com/documento/293?origen=capacidad,https://semilla-293.example.com/documento/293?origen=capacidad,ok,
resolve,310,3,22128.572,5.172,302,FT,https://semilla-903.example.com/documento/903?origen=capacidad,https://semilla-903.example.com/documento/903?origen=capacidad,ok,
resolve,308,9,22127.995,6.158,302,W3,https://carga-542.example.com/recurso/542?x=1&y=2,https://carga-542.example.com/recurso/542?x=1&y=2,ok,
resolve,312,5,22129.308,5.372,302,bz,https://carga-887.example.com/recurso/887?x=1&y=2,https://carga-887.example.com/recurso/887?x=1&y=2,ok,
resolve,315,4,22131.242,3.712,302,91,https://semilla-510.example.com/documento/510?origen=capacidad,https://semilla-510.example.com/documento/510?origen=capacidad,ok,
resolve,313,6,22129.773,6.195,302,WP,https://carga-562.example.com/recurso/562?x=1&y=2,https://carga-562.example.com/recurso/562?x=1&y=2,ok,
resolve,314,1,22130.503,6.682,302,5J,https://semilla-314.example.com/documento/314?origen=capacidad,https://semilla-314.example.com/documento/314?origen=capacidad,ok,
resolve,318,7,22132.799,4.713,302,5u,https://semilla-347.example.com/documento/347?origen=capacidad,https://semilla-347.example.com/documento/347?origen=capacidad,ok,
resolve,316,8,22132.146,6.753,302,Tk,https://carga-409.example.com/recurso/409?x=1&y=2,https://carga-409.example.com/recurso/409?x=1&y=2,ok,
resolve,317,2,22132.464,6.818,302,2d,https://semilla-159.example.com/documento/159?origen=capacidad,https://semilla-159.example.com/documento/159?origen=capacidad,ok,
resolve,319,0,22133.437,6.362,302,KU,https://warmup-127.example.com/r/127,https://warmup-127.example.com/r/127,ok,
resolve,320,3,22133.790,7.306,302,BV,https://semilla-664.example.com/documento/664?origen=capacidad,https://semilla-664.example.com/documento/664?origen=capacidad,ok,
resolve,324,6,22136.025,5.378,302,Na,https://carga-116.example.com/recurso/116?x=1&y=2,https://carga-116.example.com/recurso/116?x=1&y=2,ok,
resolve,323,4,22135.002,6.668,302,Zw,https://carga-768.example.com/recurso/768?x=1&y=2,https://carga-768.example.com/recurso/768?x=1&y=2,ok,
resolve,321,9,22134.203,7.705,302,X7,https://carga-604.example.com/recurso/604?x=1&y=2,https://carga-604.example.com/recurso/604?x=1&y=2,ok,
resolve,322,5,22134.730,7.428,302,2w,https://semilla-177.example.com/documento/177?origen=capacidad,https://semilla-177.example.com/documento/177?origen=capacidad,ok,
resolve,325,1,22137.245,5.155,302,Gv,https://semilla-977.example.com/documento/977?origen=capacidad,https://semilla-977.example.com/documento/977?origen=capacidad,ok,
resolve,326,7,22137.562,5.942,302,Wd,https://carga-576.example.com/recurso/576?x=1&y=2,https://carga-576.example.com/recurso/576?x=1&y=2,ok,
resolve,327,8,22138.973,4.846,302,Q,https://semilla-21.example.com/documento/21?origen=capacidad,https://semilla-21.example.com/documento/21?origen=capacidad,ok,
resolve,328,2,22139.333,5.031,302,bx,https://carga-885.example.com/recurso/885?x=1&y=2,https://carga-885.example.com/recurso/885?x=1&y=2,ok,
resolve,329,0,22139.864,5.657,302,LY,https://warmup-187.example.com/r/187,https://warmup-187.example.com/r/187,ok,
resolve,330,3,22141.156,4.738,302,1i,https://semilla-89.example.com/documento/89?origen=capacidad,https://semilla-89.example.com/documento/89?origen=capacidad,ok,
resolve,332,4,22141.710,4.878,302,5N,https://semilla-317.example.com/documento/317?origen=capacidad,https://semilla-317.example.com/documento/317?origen=capacidad,ok,
resolve,335,1,22142.838,4.663,302,Kn,https://warmup-147.example.com/r/147,https://warmup-147.example.com/r/147,ok,
resolve,333,9,22141.955,5.956,302,D6,https://semilla-765.example.com/documento/765?origen=capacidad,https://semilla-765.example.com/documento/765?origen=capacidad,ok,
resolve,331,6,22141.459,6.832,302,Vm,https://carga-526.example.com/recurso/526?x=1&y=2,https://carga-526.example.com/recurso/526?x=1&y=2,ok,
resolve,337,8,22143.860,4.832,302,DK,https://semilla-763.example.com/documento/763?origen=capacidad,https://semilla-763.example.com/documento/763?origen=capacidad,ok,
resolve,334,5,22142.199,6.769,302,7n,https://semilla-392.example.com/documento/392?origen=capacidad,https://semilla-392.example.com/documento/392?origen=capacidad,ok,
resolve,338,2,22144.465,5.010,302,38,https://semilla-188.example.com/documento/188?origen=capacidad,https://semilla-188.example.com/documento/188?origen=capacidad,ok,
resolve,336,7,22143.564,6.184,302,RB,https://carga-267.example.com/recurso/267?x=1&y=2,https://carga-267.example.com/recurso/267?x=1&y=2,ok,
resolve,339,0,22145.595,5.324,302,de,https://carga-983.example.com/recurso/983?x=1&y=2,https://carga-983.example.com/recurso/983?x=1&y=2,ok,
resolve,340,3,22145.952,5.891,302,1q,https://semilla-113.example.com/documento/113?origen=capacidad,https://semilla-113.example.com/documento/113?origen=capacidad,ok,
resolve,341,4,22146.644,5.516,302,PH,https://carga-148.example.com/recurso/148?x=1&y=2,https://carga-148.example.com/recurso/148?x=1&y=2,ok,
resolve,342,1,22147.569,4.947,302,Ca,https://semilla-728.example.com/documento/728?origen=capacidad,https://semilla-728.example.com/documento/728?origen=capacidad,ok,
resolve,344,6,22148.343,4.537,302,K6,https://warmup-106.example.com/r/106,https://warmup-106.example.com/r/106,ok,
resolve,343,9,22147.964,5.182,302,WJ,https://carga-557.example.com/recurso/557?x=1&y=2,https://carga-557.example.com/recurso/557?x=1&y=2,ok,
resolve,345,8,22148.739,4.825,302,9D,https://semilla-540.example.com/documento/540?origen=capacidad,https://semilla-540.example.com/documento/540?origen=capacidad,ok,
resolve,346,5,22149.011,4.878,302,77,https://semilla-416.example.com/documento/416?origen=capacidad,https://semilla-416.example.com/documento/416?origen=capacidad,ok,
resolve,348,7,22149.791,4.435,302,Lb,https://warmup-189.example.com/r/189,https://warmup-189.example.com/r/189,ok,
resolve,347,2,22149.523,5.552,302,1,https://semilla-9.example.com/documento/9?origen=capacidad,https://semilla-9.example.com/documento/9?origen=capacidad,ok,
resolve,349,0,22150.996,5.233,302,4h,https://semilla-279.example.com/documento/279?origen=capacidad,https://semilla-279.example.com/documento/279?origen=capacidad,ok,
resolve,354,9,22153.189,3.373,302,6J,https://semilla-372.example.com/documento/372?origen=capacidad,https://semilla-372.example.com/documento/372?origen=capacidad,ok,
resolve,350,3,22151.907,4.922,302,XZ,https://carga-630.example.com/recurso/630?x=1&y=2,https://carga-630.example.com/recurso/630?x=1&y=2,ok,
resolve,351,4,22152.206,4.884,302,dk,https://carga-989.example.com/recurso/989?x=1&y=2,https://carga-989.example.com/recurso/989?x=1&y=2,ok,
resolve,355,8,22153.611,3.720,302,aj,https://carga-814.example.com/recurso/814?x=1&y=2,https://carga-814.example.com/recurso/814?x=1&y=2,ok,
resolve,353,6,22152.926,4.673,302,Vx,https://carga-537.example.com/recurso/537?x=1&y=2,https://carga-537.example.com/recurso/537?x=1&y=2,ok,
resolve,352,1,22152.565,5.474,302,B9,https://semilla-637.example.com/documento/637?origen=capacidad,https://semilla-637.example.com/documento/637?origen=capacidad,ok,
resolve,356,5,22153.935,5.713,302,dZ,https://carga-978.example.com/recurso/978?x=1&y=2,https://carga-978.example.com/recurso/978?x=1&y=2,ok,
resolve,357,7,22154.268,5.876,302,C,https://semilla-11.example.com/documento/11?origen=capacidad,https://semilla-11.example.com/documento/11?origen=capacidad,ok,
resolve,358,2,22155.127,5.357,302,Vw,https://carga-536.example.com/recurso/536?x=1&y=2,https://carga-536.example.com/recurso/536?x=1&y=2,ok,
resolve,359,0,22156.285,5.098,302,78,https://semilla-420.example.com/documento/420?origen=capacidad,https://semilla-420.example.com/documento/420?origen=capacidad,ok,
resolve,360,9,22156.609,5.066,302,ae,https://carga-809.example.com/recurso/809?x=1&y=2,https://carga-809.example.com/recurso/809?x=1&y=2,ok,
resolve,364,6,22157.645,4.265,302,4R,https://semilla-261.example.com/documento/261?origen=capacidad,https://semilla-261.example.com/documento/261?origen=capacidad,ok,
resolve,363,8,22157.371,4.802,302,58,https://semilla-304.example.com/documento/304?origen=capacidad,https://semilla-304.example.com/documento/304?origen=capacidad,ok,
resolve,361,3,22156.871,5.573,302,3g,https://semilla-214.example.com/documento/214?origen=capacidad,https://semilla-214.example.com/documento/214?origen=capacidad,ok,
resolve,365,1,22158.542,4.162,302,Sj,https://carga-350.example.com/recurso/350?x=1&y=2,https://carga-350.example.com/recurso/350?x=1&y=2,ok,
resolve,362,4,22157.133,5.878,302,Rk,https://carga-293.example.com/recurso/293?x=1&y=2,https://carga-293.example.com/recurso/293?x=1&y=2,ok,
resolve,366,5,22159.716,4.304,302,4v,https://semilla-292.example.com/documento/292?origen=capacidad,https://semilla-292.example.com/documento/292?origen=capacidad,ok,
resolve,368,2,22160.533,4.213,302,Ry,https://carga-312.example.com/recurso/312?x=1&y=2,https://carga-312.example.com/recurso/312?x=1&y=2,ok,
resolve,367,7,22160.198,4.863,302,HC,https://semilla-997.example.com/documento/997?origen=capacidad,https://semilla-997.example.com/documento/997?origen=capacidad,ok,
resolve,369,0,22161.453,3.902,302,WY,https://carga-571.example.com/recurso/571?x=1&y=2,https://carga-571.example.com/recurso/571?x=1&y=2,ok,
resolve,371,6,22161.956,4.268,302,bc,https://carga-865.example.com/recurso/865?x=1&y=2,https://carga-865.example.com/recurso/865?x=1&y=2,ok,
resolve,370,9,22161.714,4.923,302,Kc,https://warmup-137.example.com/r/137,https://warmup-137.example.com/r/137,ok,
resolve,372,8,22162.216,4.736,302,Cv,https://semilla-748.example.com/documento/748?origen=capacidad,https://semilla-748.example.com/documento/748?origen=capacidad,ok,
resolve,375,4,22163.058,4.171,302,Bi,https://semilla-685.example.com/documento/685?origen=capacidad,https://semilla-685.example.com/documento/685?origen=capacidad,ok,
resolve,373,3,22162.485,5.444,302,Vu,https://carga-534.example.com/recurso/534?x=1&y=2,https://carga-534.example.com/recurso/534?x=1&y=2,ok,
resolve,374,1,22162.745,5.913,302,dE,https://carga-959.example.com/recurso/959?x=1&y=2,https://carga-959.example.com/recurso/959?x=1&y=2,ok,
resolve,376,5,22164.073,5.468,302,Tx,https://carga-421.example.com/recurso/421?x=1&y=2,https://carga-421.example.com/recurso/421?x=1&y=2,ok,
resolve,378,7,22165.108,4.732,302,Tm,https://carga-410.example.com/recurso/410?x=1&y=2,https://carga-410.example.com/recurso/410?x=1&y=2,ok,
resolve,377,2,22164.802,5.327,302,8b,https://semilla-505.example.com/documento/505?origen=capacidad,https://semilla-505.example.com/documento/505?origen=capacidad,ok,
resolve,380,6,22166.299,6.105,302,bz,https://carga-887.example.com/recurso/887?x=1&y=2,https://carga-887.example.com/recurso/887?x=1&y=2,ok,
resolve,379,0,22165.387,7.421,302,Mq,https://carga-64.example.com/recurso/64?x=1&y=2,https://carga-64.example.com/recurso/64?x=1&y=2,ok,
resolve,382,8,22167.002,6.094,302,DU,https://semilla-779.example.com/documento/779?origen=capacidad,https://semilla-779.example.com/documento/779?origen=capacidad,ok,
resolve,385,1,22168.782,4.685,302,25,https://semilla-127.example.com/documento/127?origen=capacidad,https://semilla-127.example.com/documento/127?origen=capacidad,ok,
resolve,383,4,22167.274,6.467,302,Ak,https://semilla-630.example.com/documento/630?origen=capacidad,https://semilla-630.example.com/documento/630?origen=capacidad,ok,
resolve,381,9,22166.692,7.293,302,Vg,https://carga-521.example.com/recurso/521?x=1&y=2,https://carga-521.example.com/recurso/521?x=1&y=2,ok,
resolve,384,3,22167.984,6.312,302,VJ,https://carga-499.example.com/recurso/499?x=1&y=2,https://carga-499.example.com/recurso/499?x=1&y=2,ok,
resolve,387,7,22169.882,4.669,302,DB,https://semilla-770.example.com/documento/770?origen=capacidad,https://semilla-770.example.com/documento/770?origen=capacidad,ok,
resolve,386,5,22169.595,5.155,302,Q7,https://carga-197.example.com/recurso/197?x=1&y=2,https://carga-197.example.com/recurso/197?x=1&y=2,ok,
resolve,388,2,22170.170,4.788,302,Cf,https://semilla-731.example.com/documento/731?origen=capacidad,https://semilla-731.example.com/documento/731?origen=capacidad,ok,
resolve,390,0,22172.860,3.793,302,9d,https://semilla-545.example.com/documento/545?origen=capacidad,https://semilla-545.example.com/documento/545?origen=capacidad,ok,
resolve,391,8,22173.137,3.898,302,ZJ,https://carga-731.example.com/recurso/731?x=1&y=2,https://carga-731.example.com/recurso/731?x=1&y=2,ok,
resolve,389,6,22172.500,5.196,302,3d,https://semilla-210.example.com/documento/210?origen=capacidad,https://semilla-210.example.com/documento/210?origen=capacidad,ok,
resolve,398,2,22174.990,4.099,302,YW,https://carga-685.example.com/recurso/685?x=1&y=2,https://carga-685.example.com/recurso/685?x=1&y=2,ok,
resolve,393,4,22173.781,5.915,302,WH,https://carga-556.example.com/recurso/556?x=1&y=2,https://carga-556.example.com/recurso/556?x=1&y=2,ok,
resolve,395,3,22174.335,6.049,302,32,https://semilla-175.example.com/documento/175?origen=capacidad,https://semilla-175.example.com/documento/175?origen=capacidad,ok,
resolve,394,9,22174.026,6.735,302,7r,https://semilla-462.example.com/documento/462?origen=capacidad,https://semilla-462.example.com/documento/462?origen=capacidad,ok,
resolve,392,1,22173.517,7.600,302,QQ,https://carga-215.example.com/recurso/215?x=1&y=2,https://carga-215.example.com/recurso/215?x=1&y=2,ok,
resolve,396,7,22174.586,6.793,302,U4,https://carga-427.example.com/recurso/427?x=1&y=2,https://carga-427.example.com/recurso/427?x=1&y=2,ok,
resolve,397,5,22174.782,6.881,302,4B,https://semilla-249.example.com/documento/249?origen=capacidad,https://semilla-249.example.com/documento/249?origen=capacidad,ok,
resolve,401,6,22177.745,4.244,302,L,https://semilla-26.example.com/documento/26?origen=capacidad,https://semilla-26.example.com/documento/26?origen=capacidad,ok,
resolve,399,0,22176.723,5.549,302,Ew,https://semilla-872.example.com/documento/872?origen=capacidad,https://semilla-872.example.com/documento/872?origen=capacidad,ok,
resolve,400,8,22177.084,6.762,302,cg,https://carga-927.example.com/recurso/927?x=1&y=2,https://carga-927.example.com/recurso/927?x=1&y=2,ok,
resolve,402,2,22179.146,5.431,302,ZG,https://carga-729.example.com/recurso/729?x=1&y=2,https://carga-729.example.com/recurso/729?x=1&y=2,ok,
resolve,403,4,22179.748,5.833,302,7m,https://semilla-457.example.com/documento/457?origen=capacidad,https://semilla-457.example.com/documento/457?origen=capacidad,ok,
resolve,405,9,22180.805,5.128,302,4K,https://semilla-257.example.com/documento/257?origen=capacidad,https://semilla-257.example.com/documento/257?origen=capacidad,ok,
resolve,404,3,22180.450,5.779,302,Gi,https://semilla-966.example.com/documento/966?origen=capacidad,https://semilla-966.example.com/documento/966?origen=capacidad,ok,
resolve,408,5,22181.703,4.893,302,Sp,https://carga-354.example.com/recurso/354?x=1&y=2,https://carga-354.example.com/recurso/354?x=1&y=2,ok,
resolve,407,7,22181.415,5.483,302,Y2,https://carga-657.example.com/recurso/657?x=1&y=2,https://carga-657.example.com/recurso/657?x=1&y=2,ok,
resolve,409,6,22182.033,5.731,302,9,https://semilla-2.example.com/documento/2?origen=capacidad,https://semilla-2.example.com/documento/2?origen=capacidad,ok,
resolve,406,1,22181.162,7.020,302,Cx,https://semilla-750.example.com/documento/750?origen=capacidad,https://semilla-750.example.com/documento/750?origen=capacidad,ok,
resolve,412,2,22184.626,3.808,302,3y,https://semilla-237.example.com/documento/237?origen=capacidad,https://semilla-237.example.com/documento/237?origen=capacidad,ok,
resolve,411,8,22183.909,4.751,302,bA,https://carga-839.example.com/recurso/839?x=1&y=2,https://carga-839.example.com/recurso/839?x=1&y=2,ok,
resolve,410,0,22182.354,6.519,302,CG,https://semilla-710.example.com/documento/710?origen=capacidad,https://semilla-710.example.com/documento/710?origen=capacidad,ok,
resolve,414,9,22185.979,3.249,302,4D,https://semilla-251.example.com/documento/251?origen=capacidad,https://semilla-251.example.com/documento/251?origen=capacidad,ok,
resolve,413,4,22185.644,3.763,302,AW,https://semilla-616.example.com/documento/616?origen=capacidad,https://semilla-616.example.com/documento/616?origen=capacidad,ok,
resolve,421,8,22188.693,4.216,302,Re,https://carga-286.example.com/recurso/286?x=1&y=2,https://carga-286.example.com/recurso/286?x=1&y=2,ok,
resolve,416,5,22186.643,6.641,302,S2,https://carga-316.example.com/recurso/316?x=1&y=2,https://carga-316.example.com/recurso/316?x=1&y=2,ok,
resolve,418,6,22187.811,5.717,302,Ur,https://carga-473.example.com/recurso/473?x=1&y=2,https://carga-473.example.com/recurso/473?x=1&y=2,ok,
resolve,415,3,22186.269,7.464,302,8h,https://semilla-511.example.com/documento/511?origen=capacidad,https://semilla-511.example.com/documento/511?origen=capacidad,ok,
resolve,419,1,22188.223,5.743,302,Zm,https://carga-758.example.com/recurso/758?x=1&y=2,https://carga-758.example.com/recurso/758?x=1&y=2,ok,
resolve,422,0,22188.902,5.316,302,EH,https://semilla-824.example.com/documento/824?origen=capacidad,https://semilla-824.example.com/documento/824?origen=capacidad,ok,
resolve,423,9,22189.248,5.210,302,Xi,https://carga-639.example.com/recurso/639?x=1&y=2,https://carga-639.example.com/recurso/639?x=1&y=2,ok,
resolve,420,2,22188.468,6.186,302,Gy,https://semilla-982.example.com/documento/982?origen=capacidad,https://semilla-982.example.com/documento/982?origen=capacidad,ok,
resolve,424,4,22189.529,5.320,302,EH,https://semilla-824.example.com/documento/824?origen=capacidad,https://semilla-824.example.com/documento/824?origen=capacidad,ok,
resolve,417,7,22186.919,8.386,302,53,https://semilla-299.example.com/documento/299?origen=capacidad,https://semilla-299.example.com/documento/299?origen=capacidad,ok,
resolve,429,1,22194.002,4.338,302,u,https://semilla-59.example.com/documento/59?origen=capacidad,https://semilla-59.example.com/documento/59?origen=capacidad,ok,
resolve,426,5,22193.323,6.366,302,Ph,https://carga-178.example.com/recurso/178?x=1&y=2,https://carga-178.example.com/recurso/178?x=1&y=2,ok,
resolve,427,6,22193.558,7.271,302,dR,https://carga-970.example.com/recurso/970?x=1&y=2,https://carga-970.example.com/recurso/970?x=1&y=2,ok,
resolve,430,0,22194.252,7.078,302,5M,https://semilla-313.example.com/documento/313?origen=capacidad,https://semilla-313.example.com/documento/313?origen=capacidad,ok,
resolve,433,4,22194.875,6.850,302,Fz,https://semilla-927.example.com/documento/927?origen=capacidad,https://semilla-927.example.com/documento/927?origen=capacidad,ok,
resolve,425,8,22192.990,8.994,302,ZP,https://carga-736.example.com/recurso/736?x=1&y=2,https://carga-736.example.com/recurso/736?x=1&y=2,ok,
resolve,428,3,22193.769,8.443,302,Fd,https://semilla-902.example.com/documento/902?origen=capacidad,https://semilla-902.example.com/documento/902?origen=capacidad,ok,
resolve,432,2,22194.686,7.751,302,Mx,https://carga-72.example.com/recurso/72?x=1&y=2,https://carga-72.example.com/recurso/72?x=1&y=2,ok,
resolve,434,7,22195.371,7.279,302,aZ,https://carga-804.example.com/recurso/804?x=1&y=2,https://carga-804.example.com/recurso/804?x=1&y=2,ok,
resolve,431,9,22194.489,8.379,302,FF,https://semilla-888.example.com/documento/888?origen=capacidad,https://semilla-888.example.com/documento/888?origen=capacidad,ok,
resolve,436,5,22199.885,4.665,302,GN,https://semilla-956.example.com/documento/956?origen=capacidad,https://semilla-956.example.com/documento/956?origen=capacidad,ok,
resolve,435,1,22198.533,7.020,302,8s,https://semilla-450.example.com/documento/450?origen=capacidad,https://semilla-450.example.com/documento/450?origen=capacidad,ok,
resolve,438,0,22201.396,4.477,302,3R,https://semilla-205.example.com/documento/205?origen=capacidad,https://semilla-205.example.com/documento/205?origen=capacidad,ok,
resolve,437,6,22200.885,5.237,302,1C,https://semilla-53.example.com/documento/53?origen=capacidad,https://semilla-53.example.com/documento/53?origen=capacidad,ok,
resolve,440,8,22202.019,6.312,302,KL,https://warmup-121.example.com/r/121,https://warmup-121.example.com/r/121,ok,
resolve,444,9,22202.897,5.863,302,TQ,https://carga-389.example.com/recurso/389?x=1&y=2,https://carga-389.example.com/recurso/389?x=1&y=2,ok,
resolve,443,7,22202.681,6.375,302,Kr,https://warmup-150.example.com/r/150,https://warmup-150.example.com/r/150,ok,
resolve,441,3,22202.244,7.091,302,32,https://semilla-175.example.com/documento/175?origen=capacidad,https://semilla-175.example.com/documento/175?origen=capacidad,ok,
resolve,439,4,22201.767,7.831,302,Np,https://carga-122.example.com/recurso/122?x=1&y=2,https://carga-122.example.com/recurso/122?x=1&y=2,ok,
resolve,448,6,22206.159,3.707,302,YV,https://carga-684.example.com/recurso/684?x=1&y=2,https://carga-684.example.com/recurso/684?x=1&y=2,ok,
resolve,447,0,22205.914,4.194,302,3a,https://semilla-191.example.com/documento/191?origen=capacidad,https://semilla-191.example.com/documento/191?origen=capacidad,ok,
resolve,442,2,22202.469,7.869,302,5K,https://semilla-315.example.com/documento/315?origen=capacidad,https://semilla-315.example.com/documento/315?origen=capacidad,ok,
resolve,445,5,22204.624,7.022,302,RF,https://carga-271.example.com/recurso/271?x=1&y=2,https://carga-271.example.com/recurso/271?x=1&y=2,ok,
resolve,446,1,22205.608,6.445,302,Pd,https://carga-177.example.com/recurso/177?x=1&y=2,https://carga-177.example.com/recurso/177?x=1&y=2,ok,
resolve,450,9,22208.809,4.305,302,8P,https://semilla-493.example.com/documento/493?origen=capacidad,https://semilla-493.example.com/documento/493?origen=capacidad,ok,
resolve,455,0,22210.144,4.018,302,bF,https://carga-844.example.com/recurso/844?x=1&y=2,https://carga-844.example.com/recurso/844?x=1&y=2,ok,
resolve,451,7,22209.099,5.358,302,GX,https://semilla-964.example.com/documento/964?origen=capacidad,https://semilla-964.example.com/documento/964?origen=capacidad,ok,
resolve,449,8,22208.410,6.298,302,QV,https://carga-218.example.com/recurso/218?x=1&y=2,https://carga-218.example.com/recurso/218?x=1&y=2,ok,
resolve,454,6,22209.904,5.033,302,5v,https://semilla-349.example.com/documento/349?origen=capacidad,https://semilla-349.example.com/documento/349?origen=capacidad,ok,
resolve,456,2,22210.374,4.907,302,2A,https://semilla-132.example.com/documento/132?origen=capacidad,https://semilla-132.example.com/documento/132?origen=capacidad,ok,
resolve,452,3,22209.373,6.221,302,Qx,https://carga-247.example.com/recurso/247?x=1&y=2,https://carga-247.example.com/recurso/247?x=1&y=2,ok,
resolve,453,4,22209.638,6.196,302,WW,https://carga-569.example.com/recurso/569?x=1&y=2,https://carga-569.example.com/recurso/569?x=1&y=2,ok,
resolve,457,5,22211.704,4.366,302,4e,https://semilla-276.example.com/documento/276?origen=capacidad,https://semilla-276.example.com/documento/276?origen=capacidad,ok,
resolve,460,0,22214.213,4.088,302,UG,https://carga-439.example.com/recurso/439?x=1&y=2,https://carga-439.example.com/recurso/439?x=1&y=2,ok,
resolve,458,1,22212.228,7.033,302,6C,https://semilla-366.example.com/documento/366?origen=capacidad,https://semilla-366.example.com/documento/366?origen=capacidad,ok,
resolve,461,7,22214.503,5.201,302,XH,https://carga-614.example.com/recurso/614?x=1&y=2,https://carga-614.example.com/recurso/614?x=1&y=2,ok,
resolve,465,3,22215.631,4.361,302,YN,https://carga-677.example.com/recurso/677?x=1&y=2,https://carga-677.example.com/recurso/677?x=1&y=2,ok,
resolve,459,9,22213.176,7.100,302,1v,https://semilla-93.example.com/documento/93?origen=capacidad,https://semilla-93.example.com/documento/93?origen=capacidad,ok,
resolve,463,6,22214.971,5.766,302,1g,https://semilla-87.example.com/documento/87?origen=capacidad,https://semilla-87.example.com/documento/87?origen=capacidad,ok,
resolve,462,8,22214.743,6.248,302,bW,https://carga-859.example.com/recurso/859?x=1&y=2,https://carga-859.example.com/recurso/859?x=1&y=2,ok,
resolve,464,2,22215.320,5.924,302,JT,https://warmup-69.example.com/r/69,https://warmup-69.example.com/r/69,ok,
resolve,467,5,22216.103,5.427,302,8J,https://semilla-487.example.com/documento/487?origen=capacidad,https://semilla-487.example.com/documento/487?origen=capacidad,ok,
resolve,466,4,22215.868,5.919,302,2w,https://semilla-177.example.com/documento/177?origen=capacidad,https://semilla-177.example.com/documento/177?origen=capacidad,ok,
resolve,468,0,22218.372,3.670,302,Fj,https://semilla-912.example.com/documento/912?origen=capacidad,https://semilla-912.example.com/documento/912?origen=capacidad,ok,
resolve,469,1,22219.323,3.616,302,SX,https://carga-338.example.com/recurso/338?x=1&y=2,https://carga-338.example.com/recurso/338?x=1&y=2,ok,
resolve,471,3,22220.033,3.761,302,Q1,https://carga-192.example.com/recurso/192?x=1&y=2,https://carga-192.example.com/recurso/192?x=1&y=2,ok,
resolve,470,7,22219.754,5.258,302,F,https://semilla-13.example.com/documento/13?origen=capacidad,https://semilla-13.example.com/documento/13?origen=capacidad,ok,
resolve,474,8,22221.031,5.069,302,Ay,https://semilla-643.example.com/documento/643?origen=capacidad,https://semilla-643.example.com/documento/643?origen=capacidad,ok,
resolve,472,9,22220.318,6.079,302,DX,https://semilla-783.example.com/documento/783?origen=capacidad,https://semilla-783.example.com/documento/783?origen=capacidad,ok,
resolve,473,6,22220.779,6.616,302,N5,https://carga-77.example.com/recurso/77?x=1&y=2,https://carga-77.example.com/recurso/77?x=1&y=2,ok,
resolve,475,2,22221.282,7.494,302,Dk,https://semilla-804.example.com/documento/804?origen=capacidad,https://semilla-804.example.com/documento/804?origen=capacidad,ok,
resolve,480,3,22223.846,5.258,302,CQ,https://semilla-719.example.com/documento/719?origen=capacidad,https://semilla-719.example.com/documento/719?origen=capacidad,ok,
resolve,476,5,22221.570,7.805,302,7Z,https://semilla-445.example.com/documento/445?origen=capacidad,https://semilla-445.example.com/documento/445?origen=capacidad,ok,
resolve,477,4,22221.825,8.584,302,4q,https://semilla-287.example.com/documento/287?origen=capacidad,https://semilla-287.example.com/documento/287?origen=capacidad,ok,
resolve,478,0,22222.091,8.957,302,LG,https://warmup-181.example.com/r/181,https://warmup-181.example.com/r/181,ok,
resolve,482,8,22226.154,5.188,302,Wj,https://carga-582.example.com/recurso/582?x=1&y=2,https://carga-582.example.com/recurso/582?x=1&y=2,ok,
resolve,481,7,22225.108,6.503,302,NU,https://carga-110.example.com/recurso/110?x=1&y=2,https://carga-110.example.com/recurso/110?x=1&y=2,ok,
resolve,479,1,22222.997,8.858,302,KX,https://warmup-129.example.com/r/129,https://warmup-129.example.com/r/129,ok,
resolve,483,9,22226.767,5.399,302,d1,https://carga-946.example.com/recurso/946?x=1&y=2,https://carga-946.example.com/recurso/946?x=1&y=2,ok,
resolve,486,3,22229.146,3.498,302,Wp,https://carga-587.example.com/recurso/587?x=1&y=2,https://carga-587.example.com/recurso/587?x=1&y=2,ok,
resolve,487,5,22229.994,2.998,302,1G,https://semilla-77.example.com/documento/77?origen=capacidad,https://semilla-77.example.com/documento/77?origen=capacidad,ok,
resolve,484,6,22227.436,5.919,302,Ji,https://warmup-85.example.com/r/85,https://warmup-85.example.com/r/85,ok,
resolve,485,2,22228.831,5.115,302,KM,https://warmup-122.example.com/r/122,https://warmup-122.example.com/r/122,ok,
resolve,488,4,22230.470,4.498,302,dV,https://carga-974.example.com/recurso/974?x=1&y=2,https://carga-974.example.com/recurso/974?x=1&y=2,ok,
resolve,489,0,22231.098,5.983,302,6x,https://semilla-407.example.com/documento/407?origen=capacidad,https://semilla-407.example.com/documento/407?origen=capacidad,ok,
resolve,490,8,22231.381,6.061,302,Rk,https://carga-293.example.com/recurso/293?x=1&y=2,https://carga-293.example.com/recurso/293?x=1&y=2,ok,
resolve,493,9,22232.205,5.535,302,XU,https://carga-625.example.com/recurso/625?x=1&y=2,https://carga-625.example.com/recurso/625?x=1&y=2,ok,
resolve,492,1,22231.895,6.096,302,7b,https://semilla-447.example.com/documento/447?origen=capacidad,https://semilla-447.example.com/documento/447?origen=capacidad,ok,
resolve,491,7,22231.651,6.650,302,D5,https://semilla-756.example.com/documento/756?origen=capacidad,https://semilla-756.example.com/documento/756?origen=capacidad,ok,
resolve,496,6,22233.400,5.215,302,DD,https://semilla-773.example.com/documento/773?origen=capacidad,https://semilla-773.example.com/documento/773?origen=capacidad,ok,
resolve,494,3,22232.686,6.204,302,UA,https://carga-433.example.com/recurso/433?x=1&y=2,https://carga-433.example.com/recurso/433?x=1&y=2,ok,
resolve,497,2,22233.993,5.188,302,cc,https://carga-923.example.com/recurso/923?x=1&y=2,https://carga-923.example.com/recurso/923?x=1&y=2,ok,
resolve,498,4,22235.018,4.450,302,Gj,https://semilla-967.example.com/documento/967?origen=capacidad,https://semilla-967.example.com/documento/967?origen=capacidad,ok,
resolve,495,5,22233.055,6.654,302,KM,https://warmup-122.example.com/r/122,https://warmup-122.example.com/r/122,ok,
resolve,500,8,22237.489,4.477,302,Pc,https://carga-169.example.com/recurso/169?x=1&y=2,https://carga-169.example.com/recurso/169?x=1&y=2,ok,
resolve,499,0,22237.144,5.170,302,R,https://semilla-22.example.com/documento/22?origen=capacidad,https://semilla-22.example.com/documento/22?origen=capacidad,ok,
resolve,501,9,22237.782,4.823,302,YT,https://carga-682.example.com/recurso/682?x=1&y=2,https://carga-682.example.com/recurso/682?x=1&y=2,ok,
resolve,502,1,22238.030,5.520,302,4b,https://semilla-273.example.com/documento/273?origen=capacidad,https://semilla-273.example.com/documento/273?origen=capacidad,ok,
resolve,507,4,22239.506,4.948,302,Et,https://semilla-870.example.com/documento/870?origen=capacidad,https://semilla-870.example.com/documento/870?origen=capacidad,ok,
resolve,503,7,22238.343,6.572,302,Rm,https://carga-294.example.com/recurso/294?x=1&y=2,https://carga-294.example.com/recurso/294?x=1&y=2,ok,
resolve,504,6,22238.656,6.785,302,Ma,https://carga-49.example.com/recurso/49?x=1&y=2,https://carga-49.example.com/recurso/49?x=1&y=2,ok,
resolve,505,3,22238.938,6.858,302,aD,https://carga-784.example.com/recurso/784?x=1&y=2,https://carga-784.example.com/recurso/784?x=1&y=2,ok,
resolve,508,5,22239.746,6.690,302,az,https://carga-829.example.com/recurso/829?x=1&y=2,https://carga-829.example.com/recurso/829?x=1&y=2,ok,
resolve,511,9,22242.645,4.835,302,Cx,https://semilla-750.example.com/documento/750?origen=capacidad,https://semilla-750.example.com/documento/750?origen=capacidad,ok,
resolve,510,0,22242.357,5.454,302,3S,https://semilla-206.example.com/documento/206?origen=capacidad,https://semilla-206.example.com/documento/206?origen=capacidad,ok,
resolve,512,1,22243.611,4.468,302,LV,https://warmup-185.example.com/r/185,https://warmup-185.example.com/r/185,ok,
resolve,509,8,22242.040,6.299,302,Qc,https://carga-223.example.com/recurso/223?x=1&y=2,https://carga-223.example.com/recurso/223?x=1&y=2,ok,
resolve,506,2,22239.222,9.386,302,U4,https://carga-427.example.com/recurso/427?x=1&y=2,https://carga-427.example.com/recurso/427?x=1&y=2,ok,
resolve,513,4,22244.516,4.341,302,8u,https://semilla-523.example.com/documento/523?origen=capacidad,https://semilla-523.example.com/documento/523?origen=capacidad,ok,
resolve,515,6,22245.508,4.668,302,Ah,https://semilla-608.example.com/documento/608?origen=capacidad,https://semilla-608.example.com/documento/608?origen=capacidad,ok,
resolve,514,7,22244.961,5.530,302,Nd,https://carga-109.example.com/recurso/109?x=1&y=2,https://carga-109.example.com/recurso/109?x=1&y=2,ok,
resolve,516,3,22245.842,4.895,302,7m,https://semilla-457.example.com/documento/457?origen=capacidad,https://semilla-457.example.com/documento/457?origen=capacidad,ok,
resolve,517,5,22246.516,4.656,302,JP,https://warmup-65.example.com/r/65,https://warmup-65.example.com/r/65,ok,
resolve,519,0,22247.856,3.592,302,Gq,https://semilla-983.example.com/documento/983?origen=capacidad,https://semilla-983.example.com/documento/983?origen=capacidad,ok,
resolve,518,9,22247.534,4.738,302,ai,https://carga-813.example.com/recurso/813?x=1&y=2,https://carga-813.example.com/recurso/813?x=1&y=2,ok,
resolve,520,1,22248.115,4.515,302,JH,https://warmup-58.example.com/r/58,https://warmup-58.example.com/r/58,ok,
resolve,521,8,22248.380,4.535,302,Ba,https://semilla-670.example.com/documento/670?origen=capacidad,https://semilla-670.example.com/documento/670?origen=capacidad,ok,
resolve,523,4,22248.897,4.311,302,Nm,https://carga-120.example.com/recurso/120?x=1&y=2,https://carga-120.example.com/recurso/120?x=1&y=2,ok,
resolve,525,7,22250.535,4.182,302,ZX,https://carga-744.example.com/recurso/744?x=1&y=2,https://carga-744.example.com/recurso/744?x=1&y=2,ok,
resolve,527,5,22251.216,4.014,302,52,https://semilla-298.example.com/documento/298?origen=capacidad,https://semilla-298.example.com/documento/298?origen=capacidad,ok,
resolve,522,2,22248.646,6.919,302,2r,https://semilla-172.example.com/documento/172?origen=capacidad,https://semilla-172.example.com/documento/172?origen=capacidad,ok,
resolve,526,3,22250.890,4.937,302,9G,https://semilla-544.example.com/documento/544?origen=capacidad,https://semilla-544.example.com/documento/544?origen=capacidad,ok,
resolve,528,0,22251.486,4.591,302,Et,https://semilla-870.example.com/documento/870?origen=capacidad,https://semilla-870.example.com/documento/870?origen=capacidad,ok,
resolve,524,6,22250.227,6.186,302,Pm,https://carga-185.example.com/recurso/185?x=1&y=2,https://carga-185.example.com/recurso/185?x=1&y=2,ok,
resolve,532,4,22253.246,3.500,302,Qs,https://carga-240.example.com/recurso/240?x=1&y=2,https://carga-240.example.com/recurso/240?x=1&y=2,ok,
resolve,530,1,22252.674,4.243,302,6v,https://semilla-408.example.com/documento/408?origen=capacidad,https://semilla-408.example.com/documento/408?origen=capacidad,ok,
resolve,531,8,22252.961,4.395,302,91,https://semilla-510.example.com/documento/510?origen=capacidad,https://semilla-510.example.com/documento/510?origen=capacidad,ok,
resolve,529,9,22252.335,5.408,302,HB,https://semilla-995.example.com/documento/995?origen=capacidad,https://semilla-995.example.com/documento/995?origen=capacidad,ok,
resolve,534,5,22255.289,3.375,302,Ey,https://semilla-864.example.com/documento/864?origen=capacidad,https://semilla-864.example.com/documento/864?origen=capacidad,ok,
resolve,533,7,22254.814,4.167,302,ZH,https://carga-730.example.com/recurso/730?x=1&y=2,https://carga-730.example.com/recurso/730?x=1&y=2,ok,
resolve,535,2,22255.610,4.903,302,4j,https://semilla-151.example.com/documento/151?origen=capacidad,https://semilla-151.example.com/documento/151?origen=capacidad,ok,
resolve,536,3,22255.865,5.062,302,W1,https://carga-540.example.com/recurso/540?x=1&y=2,https://carga-540.example.com/recurso/540?x=1&y=2,ok,
resolve,537,0,22256.127,5.081,302,6a,https://semilla-388.example.com/documento/388?origen=capacidad,https://semilla-388.example.com/documento/388?origen=capacidad,ok,
resolve,541,8,22257.439,4.293,302,R3,https://carga-250.example.com/recurso/250?x=1&y=2,https://carga-250.example.com/recurso/250?x=1&y=2,ok,
resolve,539,4,22256.776,5.328,302,Bt,https://semilla-688.example.com/documento/688?origen=capacidad,https://semilla-688.example.com/documento/688?origen=capacidad,ok,
resolve,540,1,22256.948,5.754,302,GQ,https://semilla-958.example.com/documento/958?origen=capacidad,https://semilla-958.example.com/documento/958?origen=capacidad,ok,
resolve,538,6,22256.536,6.430,302,Kb,https://warmup-135.example.com/r/135,https://warmup-135.example.com/r/135,ok,
resolve,542,9,22257.789,5.434,302,VR,https://carga-506.example.com/recurso/506?x=1&y=2,https://carga-506.example.com/recurso/506?x=1&y=2,ok,
resolve,543,5,22258.712,4.791,302,Zz,https://carga-771.example.com/recurso/771?x=1&y=2,https://carga-771.example.com/recurso/771?x=1&y=2,ok,
resolve,544,7,22259.024,6.388,302,5L,https://semilla-316.example.com/documento/316?origen=capacidad,https://semilla-316.example.com/documento/316?origen=capacidad,ok,
resolve,545,2,22260.604,5.270,302,9L,https://semilla-531.example.com/documento/531?origen=capacidad,https://semilla-531.example.com/documento/531?origen=capacidad,ok,
resolve,547,0,22261.251,4.936,302,RS,https://carga-274.example.com/recurso/274?x=1&y=2,https://carga-274.example.com/recurso/274?x=1&y=2,ok,
resolve,548,8,22261.778,4.685,302,6D,https://semilla-367.example.com/documento/367?origen=capacidad,https://semilla-367.example.com/documento/367?origen=capacidad,ok,
resolve,549,4,22262.149,4.584,302,9w,https://semilla-583.example.com/documento/583?origen=capacidad,https://semilla-583.example.com/documento/583?origen=capacidad,ok,
resolve,550,1,22262.745,4.237,302,Fu,https://semilla-919.example.com/documento/919?origen=capacidad,https://semilla-919.example.com/documento/919?origen=capacidad,ok,
resolve,546,3,22260.976,6.258,302,BF,https://semilla-648.example.com/documento/648?origen=capacidad,https://semilla-648.example.com/documento/648?origen=capacidad,ok,
resolve,551,6,22263.007,4.490,302,UV,https://carga-458.example.com/recurso/458?x=1&y=2,https://carga-458.example.com/recurso/458?x=1&y=2,ok,
resolve,552,9,22263.287,4.456,302,j,https://semilla-49.example.com/documento/49?origen=capacidad,https://semilla-49.example.com/documento/49?origen=capacidad,ok,
resolve,553,5,22263.536,4.449,302,5k,https://semilla-340.example.com/documento/340?origen=capacidad,https://semilla-340.example.com/documento/340?origen=capacidad,ok,
resolve,554,7,22265.487,3.261,302,N9,https://carga-82.example.com/recurso/82?x=1&y=2,https://carga-82.example.com/recurso/82?x=1&y=2,ok,
resolve,556,0,22266.230,3.340,302,DV,https://semilla-780.example.com/documento/780?origen=capacidad,https://semilla-780.example.com/documento/780?origen=capacidad,ok,
resolve,555,2,22265.932,3.942,302,Be,https://semilla-675.example.com/documento/675?origen=capacidad,https://semilla-675.example.com/documento/675?origen=capacidad,ok,
resolve,557,8,22266.503,3.644,302,Lo,https://carga-4.example.com/recurso/4?x=1&y=2,https://carga-4.example.com/recurso/4?x=1&y=2,ok,
resolve,559,1,22267.021,3.391,302,TB,https://carga-376.example.com/recurso/376?x=1&y=2,https://carga-376.example.com/recurso/376?x=1&y=2,ok,
resolve,558,4,22266.771,4.205,302,SN,https://carga-328.example.com/recurso/328?x=1&y=2,https://carga-328.example.com/recurso/328?x=1&y=2,ok,
resolve,561,6,22267.535,3.798,302,AZ,https://semilla-614.example.com/documento/614?origen=capacidad,https://semilla-614.example.com/documento/614?origen=capacidad,ok,
resolve,562,9,22267.779,4.436,302,ZC,https://carga-724.example.com/recurso/724?x=1&y=2,https://carga-724.example.com/recurso/724?x=1&y=2,ok,
resolve,560,3,22267.272,5.860,302,3T,https://semilla-204.example.com/documento/204?origen=capacidad,https://semilla-204.example.com/documento/204?origen=capacidad,ok,
resolve,563,5,22268.020,5.385,302,67,https://semilla-361.example.com/documento/361?origen=capacidad,https://semilla-361.example.com/documento/361?origen=capacidad,ok,
resolve,564,7,22268.807,5.311,302,Vo,https://carga-528.example.com/recurso/528?x=1&y=2,https://carga-528.example.com/recurso/528?x=1&y=2,ok,
resolve,567,8,22270.201,4.179,302,Fs,https://semilla-925.example.com/documento/925?origen=capacidad,https://semilla-925.example.com/documento/925?origen=capacidad,ok,
resolve,566,2,22269.917,5.070,302,7B,https://semilla-423.example.com/documento/423?origen=capacidad,https://semilla-423.example.com/documento/423?origen=capacidad,ok,
resolve,565,0,22269.621,5.621,302,KR,https://warmup-132.example.com/r/132,https://warmup-132.example.com/r/132,ok,
resolve,570,6,22271.381,4.100,302,DB,https://semilla-770.example.com/documento/770?origen=capacidad,https://semilla-770.example.com/documento/770?origen=capacidad,ok,
resolve,568,1,22270.462,5.477,302,Ci,https://semilla-743.example.com/documento/743?origen=capacidad,https://semilla-743.example.com/documento/743?origen=capacidad,ok,
resolve,571,9,22272.265,3.989,302,7j,https://semilla-452.example.com/documento/452?origen=capacidad,https://semilla-452.example.com/documento/452?origen=capacidad,ok,
resolve,569,4,22271.039,5.566,302,NZ,https://carga-115.example.com/recurso/115?x=1&y=2,https://carga-115.example.com/recurso/115?x=1&y=2,ok,
resolve,575,8,22274.414,3.792,302,Fb,https://semilla-900.example.com/documento/900?origen=capacidad,https://semilla-900.example.com/documento/900?origen=capacidad,ok,
resolve,572,3,22273.180,5.570,302,Dz,https://semilla-818.example.com/documento/818?origen=capacidad,https://semilla-818.example.com/documento/818?origen=capacidad,ok,
resolve,573,5,22273.452,5.594,302,U1,https://carga-424.example.com/recurso/424?x=1&y=2,https://carga-424.example.com/recurso/424?x=1&y=2,ok,
resolve,576,2,22275.023,4.273,302,8u,https://semilla-523.example.com/documento/523?origen=capacidad,https://semilla-523.example.com/documento/523?origen=capacidad,ok,
resolve,578,6,22275.514,4.151,302,8r,https://semilla-419.example.com/documento/419?origen=capacidad,https://semilla-419.example.com/documento/419?origen=capacidad,ok,
resolve,574,7,22274.163,5.797,302,Xe,https://carga-635.example.com/recurso/635?x=1&y=2,https://carga-635.example.com/recurso/635?x=1&y=2,ok,
resolve,577,0,22275.274,4.928,302,6c,https://semilla-365.example.com/documento/365?origen=capacidad,https://semilla-365.example.com/documento/365?origen=capacidad,ok,
resolve,579,1,22276.001,4.462,302,G6,https://semilla-931.example.com/documento/931?origen=capacidad,https://semilla-931.example.com/documento/931?origen=capacidad,ok,
resolve,580,9,22276.288,4.434,302,JC,https://warmup-54.example.com/r/54,https://warmup-54.example.com/r/54,ok,
resolve,581,4,22276.649,4.308,302,68,https://semilla-362.example.com/documento/362?origen=capacidad,https://semilla-362.example.com/documento/362?origen=capacidad,ok,
resolve,582,8,22278.264,3.534,302,3G,https://semilla-196.example.com/documento/196?origen=capacidad,https://semilla-196.example.com/documento/196?origen=capacidad,ok,
resolve,583,3,22278.803,3.546,302,RM,https://carga-268.example.com/recurso/268?x=1&y=2,https://carga-268.example.com/recurso/268?x=1&y=2,ok,
resolve,584,5,22279.086,4.239,302,Um,https://carga-467.example.com/recurso/467?x=1&y=2,https://carga-467.example.com/recurso/467?x=1&y=2,ok,
resolve,585,2,22279.403,4.216,302,dV,https://carga-974.example.com/recurso/974?x=1&y=2,https://carga-974.example.com/recurso/974?x=1&y=2,ok,
resolve,586,6,22279.711,4.157,302,7M,https://semilla-433.example.com/documento/433?origen=capacidad,https://semilla-433.example.com/documento/433?origen=capacidad,ok,
resolve,588,0,22280.241,3.884,302,Nd,https://carga-109.example.com/recurso/109?x=1&y=2,https://carga-109.example.com/recurso/109?x=1&y=2,ok,
resolve,587,7,22280.001,4.369,302,ML,https://carga-35.example.com/recurso/35?x=1&y=2,https://carga-35.example.com/recurso/35?x=1&y=2,ok,
resolve,590,9,22280.762,3.859,302,dh,https://carga-986.example.com/recurso/986?x=1&y=2,https://carga-986.example.com/recurso/986?x=1&y=2,ok,
resolve,591,4,22281.007,3.866,302,Jt,https://warmup-102.example.com/r/102,https://warmup-102.example.com/r/102,ok,
resolve,589,1,22280.505,4.612,302,XS,https://carga-623.example.com/recurso/623?x=1&y=2,https://carga-623.example.com/recurso/623?x=1&y=2,ok,
resolve,592,8,22281.845,3.509,302,HS,https://warmup-18.example.com/r/18,https://warmup-18.example.com/r/18,ok,
resolve,593,3,22282.399,3.630,302,Qk,https://carga-234.example.com/recurso/234?x=1&y=2,https://carga-234.example.com/recurso/234?x=1&y=2,ok,
resolve,594,5,22283.373,3.845,302,VX,https://carga-512.example.com/recurso/512?x=1&y=2,https://carga-512.example.com/recurso/512?x=1&y=2,ok,
resolve,597,0,22284.161,3.391,302,Aq,https://semilla-635.example.com/documento/635?origen=capacidad,https://semilla-635.example.com/documento/635?origen=capacidad,ok,
resolve,598,7,22284.405,3.399,302,FX,https://semilla-899.example.com/documento/899?origen=capacidad,https://semilla-899.example.com/documento/899?origen=capacidad,ok,
resolve,596,6,22283.907,4.210,302,7s,https://semilla-393.example.com/documento/393?origen=capacidad,https://semilla-393.example.com/documento/393?origen=capacidad,ok,
resolve,595,2,22283.660,4.714,302,cE,https://carga-901.example.com/recurso/901?x=1&y=2,https://carga-901.example.com/recurso/901?x=1&y=2,ok,
resolve,600,4,22284.910,3.740,302,6u,https://semilla-350.example.com/documento/350?origen=capacidad,https://semilla-350.example.com/documento/350?origen=capacidad,ok,
resolve,602,8,22285.392,3.503,302,M7,https://carga-23.example.com/recurso/23?x=1&y=2,https://carga-23.example.com/recurso/23?x=1&y=2,ok,
resolve,599,9,22284.657,4.931,302,X1,https://carga-598.example.com/recurso/598?x=1&y=2,https://carga-598.example.com/recurso/598?x=1&y=2,ok,
resolve,605,0,22287.593,3.063,302,b9,https://carga-838.example.com/recurso/838?x=1&y=2,https://carga-838.example.com/recurso/838?x=1&y=2,ok,
resolve,604,5,22287.279,3.658,302,5V,https://semilla-323.example.com/documento/323?origen=capacidad,https://semilla-323.example.com/documento/323?origen=capacidad,ok,
resolve,606,7,22287.840,3.344,302,T9,https://carga-374.example.com/recurso/374?x=1&y=2,https://carga-374.example.com/recurso/374?x=1&y=2,ok,
resolve,603,3,22286.082,5.362,302,N5,https://carga-77.example.com/recurso/77?x=1&y=2,https://carga-77.example.com/recurso/77?x=1&y=2,ok,
resolve,601,1,22285.154,6.539,302,H3,https://semilla-987.example.com/documento/987?origen=capacidad,https://semilla-987.example.com/documento/987?origen=capacidad,ok,
resolve,609,4,22288.689,3.977,302,8C,https://semilla-482.example.com/documento/482?origen=capacidad,https://semilla-482.example.com/documento/482?origen=capacidad,ok,
resolve,610,8,22288.931,4.651,302,4V,https://semilla-266.example.com/documento/266?origen=capacidad,https://semilla-266.example.com/documento/266?origen=capacidad,ok,
resolve,608,2,22288.412,5.435,302,5P,https://semilla-319.example.com/documento/319?origen=capacidad,https://semilla-319.example.com/documento/319?origen=capacidad,ok,
resolve,607,6,22288.157,5.951,302,66,https://semilla-360.example.com/documento/360?origen=capacidad,https://semilla-360.example.com/documento/360?origen=capacidad,ok,
resolve,611,9,22289.637,5.241,302,9W,https://semilla-557.example.com/documento/557?origen=capacidad,https://semilla-557.example.com/documento/557?origen=capacidad,ok,
resolve,612,0,22290.703,4.445,302,X1,https://carga-598.example.com/recurso/598?x=1&y=2,https://carga-598.example.com/recurso/598?x=1&y=2,ok,
resolve,616,1,22291.728,3.655,302,dQ,https://carga-969.example.com/recurso/969?x=1&y=2,https://carga-969.example.com/recurso/969?x=1&y=2,ok,
resolve,615,3,22291.484,4.139,302,8k,https://semilla-503.example.com/documento/503?origen=capacidad,https://semilla-503.example.com/documento/503?origen=capacidad,ok,
resolve,617,4,22292.729,3.781,302,aG,https://carga-787.example.com/recurso/787?x=1&y=2,https://carga-787.example.com/recurso/787?x=1&y=2,ok,
resolve,618,8,22293.627,3.909,302,aH,https://carga-788.example.com/recurso/788?x=1&y=2,https://carga-788.example.com/recurso/788?x=1&y=2,ok,
resolve,614,7,22291.221,6.654,302,56,https://semilla-300.example.com/documento/300?origen=capacidad,https://semilla-300.example.com/documento/300?origen=capacidad,ok,
resolve,613,5,22290.977,7.973,302,YX,https://carga-686.example.com/recurso/686?x=1&y=2,https://carga-686.example.com/recurso/686?x=1&y=2,ok,
resolve,620,6,22294.146,5.052,302,da,https://carga-979.example.com/recurso/979?x=1&y=2,https://carga-979.example.com/recurso/979?x=1&y=2,ok,
resolve,622,0,22295.184,4.305,302,PD,https://carga-142.example.com/recurso/142?x=1&y=2,https://carga-142.example.com/recurso/142?x=1&y=2,ok,
resolve,621,9,22294.922,4.838,302,F5,https://semilla-873.example.com/documento/873?origen=capacidad,https://semilla-873.example.com/documento/873?origen=capacidad,ok,
resolve,624,3,22295.648,4.372,302,Ly,https://carga-14.example.com/recurso/14?x=1&y=2,https://carga-14.example.com/recurso/14?x=1&y=2,ok,
resolve,619,2,22293.885,6.370,302,Y4,https://carga-659.example.com/recurso/659?x=1&y=2,https://carga-659.example.com/recurso/659?x=1&y=2,ok,
resolve,623,1,22295.434,5.226,302,Xn,https://carga-642.example.com/recurso/642?x=1&y=2,https://carga-642.example.com/recurso/642?x=1&y=2,ok,
resolve,625,4,22296.561,4.436,302,dv,https://carga-999.example.com/recurso/999?x=1&y=2,https://carga-999.example.com/recurso/999?x=1&y=2,ok,
resolve,626,8,22297.566,3.752,302,WD,https://carga-552.example.com/recurso/552?x=1&y=2,https://carga-552.example.com/recurso/552?x=1&y=2,ok,
resolve,628,5,22298.992,3.502,302,CM,https://semilla-716.example.com/documento/716?origen=capacidad,https://semilla-716.example.com/documento/716?origen=capacidad,ok,
resolve,629,6,22299.240,3.892,302,Ek,https://semilla-851.example.com/documento/851?origen=capacidad,https://semilla-851.example.com/documento/851?origen=capacidad,ok,
resolve,630,0,22299.531,4.033,302,8Z,https://semilla-474.example.com/documento/474?origen=capacidad,https://semilla-474.example.com/documento/474?origen=capacidad,ok,
resolve,632,3,22300.059,3.823,302,1x,https://semilla-119.example.com/documento/119?origen=capacidad,https://semilla-119.example.com/documento/119?origen=capacidad,ok,
resolve,631,9,22299.801,4.333,302,5c,https://semilla-331.example.com/documento/331?origen=capacidad,https://semilla-331.example.com/documento/331?origen=capacidad,ok,
resolve,635,4,22301.038,3.353,302,bz,https://carga-887.example.com/recurso/887?x=1&y=2,https://carga-887.example.com/recurso/887?x=1&y=2,ok,
resolve,633,2,22300.292,4.365,302,b1,https://carga-830.example.com/recurso/830?x=1&y=2,https://carga-830.example.com/recurso/830?x=1&y=2,ok,
resolve,627,7,22298.069,6.818,302,UV,https://carga-458.example.com/recurso/458?x=1&y=2,https://carga-458.example.com/recurso/458?x=1&y=2,ok,
resolve,636,8,22301.359,3.764,302,PQ,https://carga-164.example.com/recurso/164?x=1&y=2,https://carga-164.example.com/recurso/164?x=1&y=2,ok,
resolve,634,1,22300.701,4.663,302,F,https://semilla-13.example.com/documento/13?origen=capacidad,https://semilla-13.example.com/documento/13?origen=capacidad,ok,
resolve,637,5,22302.534,4.268,302,Uh,https://carga-464.example.com/recurso/464?x=1&y=2,https://carga-464.example.com/recurso/464?x=1&y=2,ok,
resolve,638,6,22303.180,3.961,302,Be,https://semilla-675.example.com/documento/675?origen=capacidad,https://semilla-675.example.com/documento/675?origen=capacidad,ok,
resolve,640,3,22303.923,3.480,302,SY,https://carga-339.example.com/recurso/339?x=1&y=2,https://carga-339.example.com/recurso/339?x=1&y=2,ok,
resolve,642,4,22304.442,3.199,302,1a,https://semilla-98.example.com/documento/98?origen=capacidad,https://semilla-98.example.com/documento/98?origen=capacidad,ok,
resolve,639,0,22303.617,4.227,302,6N,https://semilla-374.example.com/documento/374?origen=capacidad,https://semilla-374.example.com/documento/374?origen=capacidad,ok,
resolve,641,9,22304.172,3.879,302,4P,https://semilla-254.example.com/documento/254?origen=capacidad,https://semilla-254.example.com/documento/254?origen=capacidad,ok,
resolve,644,7,22304.920,3.322,302,8s,https://semilla-450.example.com/documento/450?origen=capacidad,https://semilla-450.example.com/documento/450?origen=capacidad,ok,
resolve,645,8,22305.160,3.406,302,VL,https://carga-501.example.com/recurso/501?x=1&y=2,https://carga-501.example.com/recurso/501?x=1&y=2,ok,
resolve,643,2,22304.697,4.128,302,dZ,https://carga-978.example.com/recurso/978?x=1&y=2,https://carga-978.example.com/recurso/978?x=1&y=2,ok,
resolve,649,3,22307.450,3.841,302,Ao,https://semilla-633.example.com/documento/633?origen=capacidad,https://semilla-633.example.com/documento/633?origen=capacidad,ok,
resolve,646,1,22305.400,6.204,302,XZ,https://carga-630.example.com/recurso/630?x=1&y=2,https://carga-630.example.com/recurso/630?x=1&y=2,ok,
resolve,647,5,22306.868,5.052,302,Kf,https://warmup-140.example.com/r/140,https://warmup-140.example.com/r/140,ok,
resolve,648,6,22307.183,4.988,302,JD,https://warmup-55.example.com/r/55,https://warmup-55.example.com/r/55,ok,
resolve,652,9,22308.078,4.296,302,C,https://semilla-11.example.com/documento/11?origen=capacidad,https://semilla-11.example.com/documento/11?origen=capacidad,ok,
resolve,650,4,22307.671,4.918,302,4N,https://semilla-256.example.com/documento/256?origen=capacidad,https://semilla-256.example.com/documento/256?origen=capacidad,ok,
resolve,651,0,22307.873,4.972,302,AY,https://semilla-594.example.com/documento/594?origen=capacidad,https://semilla-594.example.com/documento/594?origen=capacidad,ok,
resolve,655,2,22308.857,4.189,302,GL,https://semilla-944.example.com/documento/944?origen=capacidad,https://semilla-944.example.com/documento/944?origen=capacidad,ok,
resolve,654,8,22308.600,4.676,302,Mp,https://carga-63.example.com/recurso/63?x=1&y=2,https://carga-63.example.com/recurso/63?x=1&y=2,ok,
resolve,653,7,22308.271,5.209,302,JE,https://warmup-64.example.com/r/64,https://warmup-64.example.com/r/64,ok,
resolve,656,3,22311.347,4.015,302,Ke,https://warmup-139.example.com/r/139,https://warmup-139.example.com/r/139,ok,
resolve,660,9,22312.402,3.796,302,TW,https://carga-395.example.com/recurso/395?x=1&y=2,https://carga-395.example.com/recurso/395?x=1&y=2,ok,
resolve,658,5,22311.962,4.564,302,L4,https://warmup-166.example.com/r/166,https://warmup-166.example.com/r/166,ok,
resolve,659,6,22312.203,5.426,302,Fj,https://semilla-912.example.com/documento/912?origen=capacidad,https://semilla-912.example.com/documento/912?origen=capacidad,ok,
resolve,663,2,22313.073,4.837,302,Ur,https://carga-473.example.com/recurso/473?x=1&y=2,https://carga-473.example.com/recurso/473?x=1&y=2,ok,
resolve,657,1,22311.639,6.489,302,St,https://carga-359.example.com/recurso/359?x=1&y=2,https://carga-359.example.com/recurso/359?x=1&y=2,ok,
resolve,661,4,22312.618,5.847,302,3x,https://semilla-236.example.com/documento/236?origen=capacidad,https://semilla-236.example.com/documento/236?origen=capacidad,ok,
resolve,664,8,22313.305,5.442,302,AW,https://semilla-616.example.com/documento/616?origen=capacidad,https://semilla-616.example.com/documento/616?origen=capacidad,ok,
resolve,665,7,22313.507,5.450,302,5G,https://semilla-312.example.com/documento/312?origen=capacidad,https://semilla-312.example.com/documento/312?origen=capacidad,ok,
resolve,662,0,22312.875,6.281,302,Yc,https://carga-691.example.com/recurso/691?x=1&y=2,https://carga-691.example.com/recurso/691?x=1&y=2,ok,
resolve,667,9,22316.246,5.436,302,QF,https://carga-204.example.com/recurso/204?x=1&y=2,https://carga-204.example.com/recurso/204?x=1&y=2,ok,
resolve,668,5,22316.570,5.583,302,dq,https://carga-994.example.com/recurso/994?x=1&y=2,https://carga-994.example.com/recurso/994?x=1&y=2,ok,
resolve,666,3,22315.387,7.086,302,Rv,https://carga-303.example.com/recurso/303?x=1&y=2,https://carga-303.example.com/recurso/303?x=1&y=2,ok,
resolve,671,1,22318.158,4.586,302,Te,https://carga-403.example.com/recurso/403?x=1&y=2,https://carga-403.example.com/recurso/403?x=1&y=2,ok,
resolve,670,2,22317.951,5.050,302,4L,https://semilla-258.example.com/documento/258?origen=capacidad,https://semilla-258.example.com/documento/258?origen=capacidad,ok,
resolve,674,7,22318.987,4.266,302,Mk,https://carga-58.example.com/recurso/58?x=1&y=2,https://carga-58.example.com/recurso/58?x=1&y=2,ok,
resolve,669,6,22317.677,5.870,302,Fy,https://semilla-924.example.com/documento/924?origen=capacidad,https://semilla-924.example.com/documento/924?origen=capacidad,ok,
resolve,672,4,22318.503,5.647,302,4D,https://semilla-251.example.com/documento/251?origen=capacidad,https://semilla-251.example.com/documento/251?origen=capacidad,ok,
resolve,675,0,22319.186,5.265,302,CX,https://semilla-726.example.com/documento/726?origen=capacidad,https://semilla-726.example.com/documento/726?origen=capacidad,ok,
resolve,673,8,22318.778,6.000,302,GJ,https://semilla-943.example.com/documento/943?origen=capacidad,https://semilla-943.example.com/documento/943?origen=capacidad,ok,
resolve,677,5,22322.203,4.248,302,bS,https://carga-855.example.com/recurso/855?x=1&y=2,https://carga-855.example.com/recurso/855?x=1&y=2,ok,
resolve,680,2,22323.036,3.707,302,No,https://carga-129.example.com/recurso/129?x=1&y=2,https://carga-129.example.com/recurso/129?x=1&y=2,ok,
resolve,678,3,22322.519,4.474,302,Br,https://semilla-686.example.com/documento/686?origen=capacidad,https://semilla-686.example.com/documento/686?origen=capacidad,ok,
resolve,681,7,22323.285,3.954,302,Vm,https://carga-526.example.com/recurso/526?x=1&y=2,https://carga-526.example.com/recurso/526?x=1&y=2,ok,
resolve,676,9,22321.761,5.767,302,bA,https://carga-839.example.com/recurso/839?x=1&y=2,https://carga-839.example.com/recurso/839?x=1&y=2,ok,
resolve,679,1,22322.791,5.051,302,So,https://carga-353.example.com/recurso/353?x=1&y=2,https://carga-353.example.com/recurso/353?x=1&y=2,ok,
resolve,684,0,22324.495,3.677,302,23,https://semilla-120.example.com/documento/120?origen=capacidad,https://semilla-120.example.com/documento/120?origen=capacidad,ok,
resolve,683,4,22324.195,4.302,302,Ze,https://carga-751.example.com/recurso/751?x=1&y=2,https://carga-751.example.com/recurso/751?x=1&y=2,ok,
resolve,682,6,22323.587,5.186,302,4V,https://semilla-266.example.com/documento/266?origen=capacidad,https://semilla-266.example.com/documento/266?origen=capacidad,ok,
resolve,685,8,22324.818,5.852,302,CS,https://semilla-721.example.com/documento/721?origen=capacidad,https://semilla-721.example.com/documento/721?origen=capacidad,ok,
resolve,688,3,22327.035,4.086,302,12,https://semilla-44.example.com/documento/44?origen=capacidad,https://semilla-44.example.com/documento/44?origen=capacidad,ok,
resolve,691,1,22327.885,3.520,302,UQ,https://carga-447.example.com/recurso/447?x=1&y=2,https://carga-447.example.com/recurso/447?x=1&y=2,ok,
resolve,690,9,22327.569,4.112,302,K2,https://warmup-98.example.com/r/98,https://warmup-98.example.com/r/98,ok,
resolve,686,5,22326.504,5.416,302,Td,https://carga-402.example.com/recurso/402?x=1&y=2,https://carga-402.example.com/recurso/402?x=1&y=2,ok,
resolve,692,0,22328.213,3.983,302,PK,https://carga-158.example.com/recurso/158?x=1&y=2,https://carga-158.example.com/recurso/158?x=1&y=2,ok,
resolve,689,7,22327.277,5.952,302,7A,https://semilla-421.example.com/documento/421?origen=capacidad,https://semilla-421.example.com/documento/421?origen=capacidad,ok,
resolve,693,4,22328.534,5.653,302,EB,https://semilla-829.example.com/documento/829?origen=capacidad,https://semilla-829.example.com/documento/829?origen=capacidad,ok,
resolve,694,6,22328.807,6.226,302,MY,https://carga-47.example.com/recurso/47?x=1&y=2,https://carga-47.example.com/recurso/47?x=1&y=2,ok,
resolve,695,8,22330.723,4.774,302,NY,https://carga-105.example.com/recurso/105?x=1&y=2,https://carga-105.example.com/recurso/105?x=1&y=2,ok,
resolve,696,3,22331.171,4.597,302,Qd,https://carga-225.example.com/recurso/225?x=1&y=2,https://carga-225.example.com/recurso/225?x=1&y=2,ok,
resolve,697,1,22331.467,4.583,302,6C,https://semilla-366.example.com/documento/366?origen=capacidad,https://semilla-366.example.com/documento/366?origen=capacidad,ok,
resolve,699,5,22331.954,4.336,302,AZ,https://semilla-614.example.com/documento/614?origen=capacidad,https://semilla-614.example.com/documento/614?origen=capacidad,ok,
resolve,687,2,22326.785,9.757,302,62,https://semilla-356.example.com/documento/356?origen=capacidad,https://semilla-356.example.com/documento/356?origen=capacidad,ok,
resolve,701,7,22333.279,3.524,302,HA,https://semilla-994.example.com/documento/994?origen=capacidad,https://semilla-994.example.com/documento/994?origen=capacidad,ok,
resolve,698,9,22331.719,5.323,302,aA,https://carga-781.example.com/recurso/781?x=1&y=2,https://carga-781.example.com/recurso/781?x=1&y=2,ok,
resolve,702,4,22334.237,3.283,302,bP,https://carga-852.example.com/recurso/852?x=1&y=2,https://carga-852.example.com/recurso/852?x=1&y=2,ok,
resolve,703,6,22335.084,4.031,302,Av,https://semilla-621.example.com/documento/621?origen=capacidad,https://semilla-621.example.com/documento/621?origen=capacidad,ok,
resolve,704,8,22335.541,4.593,302,G8,https://semilla-933.example.com/documento/933?origen=capacidad,https://semilla-933.example.com/documento/933?origen=capacidad,ok,
resolve,700,0,22332.214,9.057,302,Tg,https://carga-405.example.com/recurso/405?x=1&y=2,https://carga-405.example.com/recurso/405?x=1&y=2,ok,
resolve,705,3,22335.838,5.841,302,Hj,https://warmup-35.example.com/r/35,https://warmup-35.example.com/r/35,ok,
resolve,709,7,22336.841,5.386,302,59,https://semilla-302.example.com/documento/302?origen=capacidad,https://semilla-302.example.com/documento/302?origen=capacidad,ok,
resolve,711,4,22337.553,5.217,302,AC,https://semilla-582.example.com/documento/582?origen=capacidad,https://semilla-582.example.com/documento/582?origen=capacidad,ok,
resolve,707,5,22336.329,6.718,302,SS,https://carga-333.example.com/recurso/333?x=1&y=2,https://carga-333.example.com/recurso/333?x=1&y=2,ok,
resolve,710,9,22337.078,6.220,302,6X,https://semilla-385.example.com/documento/385?origen=capacidad,https://semilla-385.example.com/documento/385?origen=capacidad,ok,
resolve,706,1,22336.087,9.457,302,L5,https://warmup-170.example.com/r/170,https://warmup-170.example.com/r/170,ok,
resolve,708,2,22336.580,9.361,302,F1,https://semilla-865.example.com/documento/865?origen=capacidad,https://semilla-865.example.com/documento/865?origen=capacidad,ok,
resolve,712,6,22339.164,7.095,302,9A,https://semilla-538.example.com/documento/538?origen=capacidad,https://semilla-538.example.com/documento/538?origen=capacidad,ok,
resolve,713,8,22340.378,6.175,302,K4,https://warmup-103.example.com/r/103,https://warmup-103.example.com/r/103,ok,
resolve,715,3,22341.725,5.058,302,AD,https://semilla-599.example.com/documento/599?origen=capacidad,https://semilla-599.example.com/documento/599?origen=capacidad,ok,
resolve,714,0,22341.334,5.670,302,Yf,https://carga-694.example.com/recurso/694?x=1&y=2,https://carga-694.example.com/recurso/694?x=1&y=2,ok,
resolve,716,7,22342.281,4.999,302,Mn,https://carga-60.example.com/recurso/60?x=1&y=2,https://carga-60.example.com/recurso/60?x=1&y=2,ok,
resolve,718,5,22343.087,4.418,302,5C,https://semilla-308.example.com/documento/308?origen=capacidad,https://semilla-308.example.com/documento/308?origen=capacidad,ok,
resolve,719,9,22343.337,4.363,302,L7,https://warmup-162.example.com/r/162,https://warmup-162.example.com/r/162,ok,
resolve,717,4,22342.815,5.078,302,EN,https://semilla-840.example.com/documento/840?origen=capacidad,https://semilla-840.example.com/documento/840?origen=capacidad,ok,
resolve,721,2,22345.995,3.298,302,1F,https://semilla-79.example.com/documento/79?origen=capacidad,https://semilla-79.example.com/documento/79?origen=capacidad,ok,
resolve,720,1,22345.619,4.083,302,VH,https://carga-498.example.com/recurso/498?x=1&y=2,https://carga-498.example.com/recurso/498?x=1&y=2,ok,
resolve,722,6,22346.301,3.774,302,Cj,https://semilla-744.example.com/documento/744?origen=capacidad,https://semilla-744.example.com/documento/744?origen=capacidad,ok,
resolve,723,8,22346.594,3.787,302,34,https://semilla-182.example.com/documento/182?origen=capacidad,https://semilla-182.example.com/documento/182?origen=capacidad,ok,
resolve,726,7,22347.311,3.877,302,5o,https://semilla-343.example.com/documento/343?origen=capacidad,https://semilla-343.example.com/documento/343?origen=capacidad,ok,
resolve,725,0,22347.034,4.452,302,Zc,https://carga-749.example.com/recurso/749?x=1&y=2,https://carga-749.example.com/recurso/749?x=1&y=2,ok,
resolve,728,9,22347.726,4.089,302,Nk,https://carga-119.example.com/recurso/119?x=1&y=2,https://carga-119.example.com/recurso/119?x=1&y=2,ok,
resolve,727,5,22347.536,4.522,302,78,https://semilla-420.example.com/documento/420?origen=capacidad,https://semilla-420.example.com/documento/420?origen=capacidad,ok,
resolve,724,3,22346.825,5.515,302,NJ,https://carga-91.example.com/recurso/91?x=1&y=2,https://carga-91.example.com/recurso/91?x=1&y=2,ok,
resolve,731,1,22349.754,2.868,302,Q,https://semilla-21.example.com/documento/21?origen=capacidad,https://semilla-21.example.com/documento/21?origen=capacidad,ok,
resolve,730,2,22349.361,3.523,302,5y,https://semilla-232.example.com/documento/232?origen=capacidad,https://semilla-232.example.com/documento/232?origen=capacidad,ok,
resolve,729,4,22347.928,5.198,302,W6,https://carga-545.example.com/recurso/545?x=1&y=2,https://carga-545.example.com/recurso/545?x=1&y=2,ok,
resolve,732,6,22350.123,4.430,302,d8,https://carga-953.example.com/recurso/953?x=1&y=2,https://carga-953.example.com/recurso/953?x=1&y=2,ok,
resolve,733,8,22350.436,4.431,302,cF,https://carga-902.example.com/recurso/902?x=1&y=2,https://carga-902.example.com/recurso/902?x=1&y=2,ok,
resolve,734,7,22351.237,3.912,302,5X,https://semilla-325.example.com/documento/325?origen=capacidad,https://semilla-325.example.com/documento/325?origen=capacidad,ok,
resolve,735,0,22351.528,4.509,302,Nb,https://carga-106.example.com/recurso/106?x=1&y=2,https://carga-106.example.com/recurso/106?x=1&y=2,ok,
resolve,736,9,22351.858,4.406,302,CX,https://semilla-726.example.com/documento/726?origen=capacidad,https://semilla-726.example.com/documento/726?origen=capacidad,ok,
resolve,740,2,22352.920,3.587,302,Y,https://semilla-30.example.com/documento/30?origen=capacidad,https://semilla-30.example.com/documento/30?origen=capacidad,ok,
resolve,739,1,22352.661,4.086,302,Hw,https://warmup-39.example.com/r/39,https://warmup-39.example.com/r/39,ok,
resolve,737,5,22352.087,4.971,302,Ud,https://carga-459.example.com/recurso/459?x=1&y=2,https://carga-459.example.com/recurso/459?x=1&y=2,ok,
resolve,741,4,22353.161,4.203,302,b8,https://carga-837.example.com/recurso/837?x=1&y=2,https://carga-837.example.com/recurso/837?x=1&y=2,ok,
resolve,738,3,22352.386,5.356,302,Pj,https://carga-173.example.com/recurso/173?x=1&y=2,https://carga-173.example.com/recurso/173?x=1&y=2,ok,
resolve,742,6,22354.601,3.519,302,QT,https://carga-217.example.com/recurso/217?x=1&y=2,https://carga-217.example.com/recurso/217?x=1&y=2,ok,
resolve,743,8,22354.912,3.454,302,QS,https://carga-224.example.com/recurso/224?x=1&y=2,https://carga-224.example.com/recurso/224?x=1&y=2,ok,
resolve,744,7,22355.189,3.712,302,bm,https://carga-874.example.com/recurso/874?x=1&y=2,https://carga-874.example.com/recurso/874?x=1&y=2,ok,
resolve,745,0,22356.078,4.250,302,Y3,https://carga-658.example.com/recurso/658?x=1&y=2,https://carga-658.example.com/recurso/658?x=1&y=2,ok,
resolve,747,2,22356.545,4.234,302,1k,https://semilla-108.example.com/documento/108?origen=capacidad,https://semilla-108.example.com/documento/108?origen=capacidad,ok,
resolve,748,1,22356.782,4.294,302,cL,https://carga-907.example.com/recurso/907?x=1&y=2,https://carga-907.example.com/recurso/907?x=1&y=2,ok,
resolve,749,5,22357.097,4.234,302,G3,https://semilla-935.example.com/documento/935?origen=capacidad,https://semilla-935.example.com/documento/935?origen=capacidad,ok,
resolve,750,4,22357.407,4.196,302,8B,https://semilla-481.example.com/documento/481?origen=capacidad,https://semilla-481.example.com/documento/481?origen=capacidad,ok,
resolve,746,9,22356.296,5.852,302,Zi,https://carga-755.example.com/recurso/755?x=1&y=2,https://carga-755.example.com/recurso/755?x=1&y=2,ok,
resolve,753,8,22358.400,4.042,302,2f,https://semilla-161.example.com/documento/161?origen=capacidad,https://semilla-161.example.com/documento/161?origen=capacidad,ok,
resolve,752,6,22358.163,4.524,302,FR,https://semilla-893.example.com/documento/893?origen=capacidad,https://semilla-893.example.com/documento/893?origen=capacidad,ok,
resolve,754,7,22358.944,4.430,302,5p,https://semilla-335.example.com/documento/335?origen=capacidad,https://semilla-335.example.com/documento/335?origen=capacidad,ok,
resolve,751,3,22357.785,5.949,302,Qq,https://carga-238.example.com/recurso/238?x=1&y=2,https://carga-238.example.com/recurso/238?x=1&y=2,ok,
resolve,755,0,22360.406,4.313,302,cT,https://carga-914.example.com/recurso/914?x=1&y=2,https://carga-914.example.com/recurso/914?x=1&y=2,ok,
resolve,756,2,22360.833,4.224,302,Cn,https://semilla-736.example.com/documento/736?origen=capacidad,https://semilla-736.example.com/documento/736?origen=capacidad,ok,
resolve,757,1,22361.117,4.202,302,1T,https://semilla-88.example.com/documento/88?origen=capacidad,https://semilla-88.example.com/documento/88?origen=capacidad,ok,
resolve,758,5,22361.368,4.194,302,L1,https://warmup-160.example.com/r/160,https://warmup-160.example.com/r/160,ok,
resolve,759,4,22361.640,4.135,302,5o,https://semilla-343.example.com/documento/343?origen=capacidad,https://semilla-343.example.com/documento/343?origen=capacidad,ok,
resolve,761,8,22362.482,3.509,302,Zd,https://carga-750.example.com/recurso/750?x=1&y=2,https://carga-750.example.com/recurso/750?x=1&y=2,ok,
resolve,763,7,22363.430,3.508,302,Na,https://carga-116.example.com/recurso/116?x=1&y=2,https://carga-116.example.com/recurso/116?x=1&y=2,ok,
resolve,760,9,22362.193,5.093,302,j,https://semilla-49.example.com/documento/49?origen=capacidad,https://semilla-49.example.com/documento/49?origen=capacidad,ok,
resolve,764,3,22363.774,3.907,302,SP,https://carga-329.example.com/recurso/329?x=1&y=2,https://carga-329.example.com/recurso/329?x=1&y=2,ok,
resolve,762,6,22362.723,5.221,302,2p,https://semilla-170.example.com/documento/170?origen=capacidad,https://semilla-170.example.com/documento/170?origen=capacidad,ok,
resolve,765,0,22364.790,3.500,302,3t,https://semilla-228.example.com/documento/228?origen=capacidad,https://semilla-228.example.com/documento/228?origen=capacidad,ok,
resolve,766,2,22365.097,3.804,302,HT,https://warmup-16.example.com/r/16,https://warmup-16.example.com/r/16,ok,
resolve,767,1,22365.356,4.243,302,Np,https://carga-122.example.com/recurso/122?x=1&y=2,https://carga-122.example.com/recurso/122?x=1&y=2,ok,
resolve,769,4,22365.807,4.076,302,3C,https://semilla-184.example.com/documento/184?origen=capacidad,https://semilla-184.example.com/documento/184?origen=capacidad,ok,
resolve,768,5,22365.597,4.547,302,XG,https://carga-613.example.com/recurso/613?x=1&y=2,https://carga-613.example.com/recurso/613?x=1&y=2,ok,
resolve,770,8,22366.020,4.368,302,aF,https://carga-786.example.com/recurso/786?x=1&y=2,https://carga-786.example.com/recurso/786?x=1&y=2,ok,
resolve,771,7,22367.002,3.718,302,8Q,https://semilla-492.example.com/documento/492?origen=capacidad,https://semilla-492.example.com/documento/492?origen=capacidad,ok,
resolve,773,3,22367.727,3.792,302,NR,https://carga-99.example.com/recurso/99?x=1&y=2,https://carga-99.example.com/recurso/99?x=1&y=2,ok,
resolve,772,9,22367.334,4.461,302,AF,https://semilla-598.example.com/documento/598?origen=capacidad,https://semilla-598.example.com/documento/598?origen=capacidad,ok,
resolve,774,6,22367.989,4.079,302,Me,https://carga-62.example.com/recurso/62?x=1&y=2,https://carga-62.example.com/recurso/62?x=1&y=2,ok,
resolve,775,0,22368.335,3.988,302,Pz,https://carga-191.example.com/recurso/191?x=1&y=2,https://carga-191.example.com/recurso/191?x=1&y=2,ok,
resolve,776,2,22368.946,3.609,302,Tm,https://carga-410.example.com/recurso/410?x=1&y=2,https://carga-410.example.com/recurso/410?x=1&y=2,ok,
resolve,777,1,22369.646,3.715,302,PC,https://carga-151.example.com/recurso/151?x=1&y=2,https://carga-151.example.com/recurso/151?x=1&y=2,ok,
resolve,779,5,22370.182,3.544,302,Fp,https://semilla-916.example.com/documento/916?origen=capacidad,https://semilla-916.example.com/documento/916?origen=capacidad,ok,
resolve,780,8,22370.436,3.538,302,8,https://semilla-3.example.com/documento/3?origen=capacidad,https://semilla-3.example.com/documento/3?origen=capacidad,ok,
resolve,778,4,22369.920,4.302,302,U9,https://carga-432.example.com/recurso/432?x=1&y=2,https://carga-432.example.com/recurso/432?x=1&y=2,ok,
resolve,781,7,22370.760,3.711,302,V2,https://carga-483.example.com/recurso/483?x=1&y=2,https://carga-483.example.com/recurso/483?x=1&y=2,ok,
resolve,786,2,22372.588,3.232,302,1x,https://semilla-119.example.com/documento/119?origen=capacidad,https://semilla-119.example.com/documento/119?origen=capacidad,ok,
resolve,782,3,22371.560,5.013,302,5e,https://semilla-333.example.com/documento/333?origen=capacidad,https://semilla-333.example.com/documento/333?origen=capacidad,ok,
resolve,783,9,22371.835,5.278,302,Wn,https://carga-585.example.com/recurso/585?x=1&y=2,https://carga-585.example.com/recurso/585?x=1&y=2,ok,
resolve,785,0,22372.351,5.828,302,XP,https://carga-620.example.com/recurso/620?x=1&y=2,https://carga-620.example.com/recurso/620?x=1&y=2,ok,
resolve,784,6,22372.108,6.372,302,SV,https://carga-336.example.com/recurso/336?x=1&y=2,https://carga-336.example.com/recurso/336?x=1&y=2,ok,
resolve,787,1,22373.441,6.051,302,dh,https://carga-986.example.com/recurso/986?x=1&y=2,https://carga-986.example.com/recurso/986?x=1&y=2,ok,
resolve,790,4,22374.259,5.520,302,3n,https://semilla-226.example.com/documento/226?origen=capacidad,https://semilla-226.example.com/documento/226?origen=capacidad,ok,
resolve,789,8,22374.020,6.018,302,Mf,https://carga-53.example.com/recurso/53?x=1&y=2,https://carga-53.example.com/recurso/53?x=1&y=2,ok,
resolve,791,7,22374.507,5.791,302,DA,https://semilla-757.example.com/documento/757?origen=capacidad,https://semilla-757.example.com/documento/757?origen=capacidad,ok,
resolve,788,5,22373.769,6.782,302,JN,https://warmup-63.example.com/r/63,https://warmup-63.example.com/r/63,ok,
resolve,793,3,22376.629,4.221,302,Mn,https://carga-60.example.com/recurso/60?x=1&y=2,https://carga-60.example.com/recurso/60?x=1&y=2,ok,
resolve,792,2,22376.166,5.039,302,cM,https://carga-908.example.com/recurso/908?x=1&y=2,https://carga-908.example.com/recurso/908?x=1&y=2,ok,
resolve,794,9,22377.160,4.358,302,7V,https://semilla-441.example.com/documento/441?origen=capacidad,https://semilla-441.example.com/documento/441?origen=capacidad,ok,
resolve,795,0,22378.231,3.589,302,Xg,https://carga-637.example.com/recurso/637?x=1&y=2,https://carga-637.example.com/recurso/637?x=1&y=2,ok,
resolve,796,6,22378.519,5.620,302,1i,https://semilla-89.example.com/documento/89?origen=capacidad,https://semilla-89.example.com/documento/89?origen=capacidad,ok,
resolve,799,8,22380.078,4.468,302,AR,https://semilla-610.example.com/documento/610?origen=capacidad,https://semilla-610.example.com/documento/610?origen=capacidad,ok,
resolve,797,1,22379.542,5.282,302,1R,https://semilla-73.example.com/documento/73?origen=capacidad,https://semilla-73.example.com/documento/73?origen=capacidad,ok,
resolve,800,7,22380.335,4.723,302,ZA,https://carga-722.example.com/recurso/722?x=1&y=2,https://carga-722.example.com/recurso/722?x=1&y=2,ok,
resolve,801,5,22380.590,5.878,302,Vb,https://carga-516.example.com/recurso/516?x=1&y=2,https://carga-516.example.com/recurso/516?x=1&y=2,ok,
resolve,798,4,22379.822,6.922,302,9Y,https://semilla-560.example.com/documento/560?origen=capacidad,https://semilla-560.example.com/documento/560?origen=capacidad,ok,
resolve,804,9,22381.558,5.391,302,3q,https://semilla-229.example.com/documento/229?origen=capacidad,https://semilla-229.example.com/documento/229?origen=capacidad,ok,
resolve,803,2,22381.247,5.919,302,38,https://semilla-188.example.com/documento/188?origen=capacidad,https://semilla-188.example.com/documento/188?origen=capacidad,ok,
resolve,805,0,22381.859,5.576,302,NJ,https://carga-91.example.com/recurso/91?x=1&y=2,https://carga-91.example.com/recurso/91?x=1&y=2,ok,
resolve,802,3,22380.896,6.781,302,FW,https://semilla-898.example.com/documento/898?origen=capacidad,https://semilla-898.example.com/documento/898?origen=capacidad,ok,
resolve,808,1,22384.859,3.039,302,87,https://semilla-461.example.com/documento/461?origen=capacidad,https://semilla-461.example.com/documento/461?origen=capacidad,ok,
resolve,806,6,22384.211,4.200,302,GL,https://semilla-944.example.com/documento/944?origen=capacidad,https://semilla-944.example.com/documento/944?origen=capacidad,ok,
resolve,809,7,22385.095,3.623,302,Bo,https://semilla-682.example.com/documento/682?origen=capacidad,https://semilla-682.example.com/documento/682?origen=capacidad,ok,
resolve,810,5,22386.525,3.048,302,Zb,https://carga-748.example.com/recurso/748?x=1&y=2,https://carga-748.example.com/recurso/748?x=1&y=2,ok,
resolve,811,4,22386.771,3.198,302,cy,https://carga-944.example.com/recurso/944?x=1&y=2,https://carga-944.example.com/recurso/944?x=1&y=2,ok,
resolve,812,9,22386.975,3.814,302,AR,https://semilla-610.example.com/documento/610?origen=capacidad,https://semilla-610.example.com/documento/610?origen=capacidad,ok,
resolve,807,8,22384.592,7.002,302,Uy,https://carga-480.example.com/recurso/480?x=1&y=2,https://carga-480.example.com/recurso/480?x=1&y=2,ok,
resolve,813,2,22387.203,4.732,302,C7,https://semilla-698.example.com/documento/698?origen=capacidad,https://semilla-698.example.com/documento/698?origen=capacidad,ok,
resolve,815,3,22387.716,4.939,302,Co,https://semilla-737.example.com/documento/737?origen=capacidad,https://semilla-737.example.com/documento/737?origen=capacidad,ok,
resolve,817,6,22388.478,4.524,302,6t,https://semilla-405.example.com/documento/405?origen=capacidad,https://semilla-405.example.com/documento/405?origen=capacidad,ok,
resolve,816,1,22387.923,5.369,302,aa,https://carga-805.example.com/recurso/805?x=1&y=2,https://carga-805.example.com/recurso/805?x=1&y=2,ok,
resolve,818,7,22388.757,4.813,302,Hm,https://warmup-27.example.com/r/27,https://warmup-27.example.com/r/27,ok,
resolve,820,4,22390.008,3.830,302,7o,https://semilla-459.example.com/documento/459?origen=capacidad,https://semilla-459.example.com/documento/459?origen=capacidad,ok,
resolve,814,0,22387.472,6.625,302,34,https://semilla-182.example.com/documento/182?origen=capacidad,https://semilla-182.example.com/documento/182?origen=capacidad,ok,
resolve,821,9,22390.829,4.551,302,Go,https://semilla-981.example.com/documento/981?origen=capacidad,https://semilla-981.example.com/documento/981?origen=capacidad,ok,
resolve,819,5,22389.690,6.045,302,MS,https://carga-50.example.com/recurso/50?x=1&y=2,https://carga-50.example.com/recurso/50?x=1&y=2,ok,
resolve,823,2,22391.986,4.055,302,5W,https://semilla-326.example.com/documento/326?origen=capacidad,https://semilla-326.example.com/documento/326?origen=capacidad,ok,
resolve,822,8,22391.652,4.665,302,d4,https://carga-949.example.com/recurso/949?x=1&y=2,https://carga-949.example.com/recurso/949?x=1&y=2,ok,
resolve,826,1,22393.331,3.257,302,2s,https://semilla-173.example.com/documento/173?origen=capacidad,https://semilla-173.example.com/documento/173?origen=capacidad,ok,
resolve,825,6,22393.050,3.786,302,RW,https://carga-277.example.com/recurso/277?x=1&y=2,https://carga-277.example.com/recurso/277?x=1&y=2,ok,
resolve,824,3,22392.716,5.167,302,2Z,https://semilla-106.example.com/documento/106?origen=capacidad,https://semilla-106.example.com/documento/106?origen=capacidad,ok,
resolve,829,0,22394.138,4.391,302,Ty,https://carga-422.example.com/recurso/422?x=1&y=2,https://carga-422.example.com/recurso/422?x=1&y=2,ok,
resolve,827,7,22393.612,5.687,302,Gc,https://semilla-970.example.com/documento/970?origen=capacidad,https://semilla-970.example.com/documento/970?origen=capacidad,ok,
resolve,828,4,22393.876,5.717,302,29,https://semilla-131.example.com/documento/131?origen=capacidad,https://semilla-131.example.com/documento/131?origen=capacidad,ok,
resolve,832,2,22396.088,3.726,302,RJ,https://carga-264.example.com/recurso/264?x=1&y=2,https://carga-264.example.com/recurso/264?x=1&y=2,ok,
resolve,830,9,22395.450,4.580,302,cR,https://carga-912.example.com/recurso/912?x=1&y=2,https://carga-912.example.com/recurso/912?x=1&y=2,ok,
resolve,831,5,22395.786,4.438,302,dv,https://carga-999.example.com/recurso/999?x=1&y=2,https://carga-999.example.com/recurso/999?x=1&y=2,ok,
resolve,833,8,22396.359,4.166,302,7h,https://semilla-453.example.com/documento/453?origen=capacidad,https://semilla-453.example.com/documento/453?origen=capacidad,ok,
resolve,834,1,22396.625,4.139,302,2,https://semilla-4.example.com/documento/4?origen=capacidad,https://semilla-4.example.com/documento/4?origen=capacidad,ok,
resolve,835,6,22396.873,4.105,302,9m,https://semilla-573.example.com/documento/573?origen=capacidad,https://semilla-573.example.com/documento/573?origen=capacidad,ok,
resolve,836,3,22397.934,3.276,302,cG,https://carga-903.example.com/recurso/903?x=1&y=2,https://carga-903.example.com/recurso/903?x=1&y=2,ok,
resolve,837,0,22398.578,3.363,302,Bo,https://semilla-682.example.com/documento/682?origen=capacidad,https://semilla-682.example.com/documento/682?origen=capacidad,ok,
resolve,838,7,22399.348,3.163,302,CL,https://semilla-714.example.com/documento/714?origen=capacidad,https://semilla-714.example.com/documento/714?origen=capacidad,ok,
resolve,839,4,22399.637,3.124,302,1m,https://semilla-91.example.com/documento/91?origen=capacidad,https://semilla-91.example.com/documento/91?origen=capacidad,ok,
resolve,840,2,22399.845,3.160,302,Vi,https://carga-523.example.com/recurso/523?x=1&y=2,https://carga-523.example.com/recurso/523?x=1&y=2,ok,
resolve,841,9,22400.065,3.628,302,NQ,https://carga-96.example.com/recurso/96?x=1&y=2,https://carga-96.example.com/recurso/96?x=1&y=2,ok,
resolve,843,8,22400.564,3.661,302,94,https://semilla-519.example.com/documento/519?origen=capacidad,https://semilla-519.example.com/documento/519?origen=capacidad,ok,
resolve,842,5,22400.255,4.248,302,9K,https://semilla-547.example.com/documento/547?origen=capacidad,https://semilla-547.example.com/documento/547?origen=capacidad,ok,
resolve,844,1,22400.798,3.940,302,SY,https://carga-339.example.com/recurso/339?x=1&y=2,https://carga-339.example.com/recurso/339?x=1&y=2,ok,
resolve,845,6,22401.012,3.945,302,3K,https://semilla-199.example.com/documento/199?origen=capacidad,https://semilla-199.example.com/documento/199?origen=capacidad,ok,
resolve,847,0,22402.234,2.911,302,ac,https://carga-807.example.com/recurso/807?x=1&y=2,https://carga-807.example.com/recurso/807?x=1&y=2,ok,
resolve,848,7,22402.554,2.809,302,Fa,https://semilla-910.example.com/documento/910?origen=capacidad,https://semilla-910.example.com/documento/910?origen=capacidad,ok,
resolve,846,3,22401.243,4.435,302,59,https://semilla-302.example.com/documento/302?origen=capacidad,https://semilla-302.example.com/documento/302?origen=capacidad,ok,
resolve,849,4,22402.799,3.207,302,Y4,https://carga-659.example.com/recurso/659?x=1&y=2,https://carga-659.example.com/recurso/659?x=1&y=2,ok,
resolve,850,2,22403.040,4.337,302,2E,https://semilla-129.example.com/documento/129?origen=capacidad,https://semilla-129.example.com/documento/129?origen=capacidad,ok,
resolve,852,8,22404.268,3.429,302,KQ,https://warmup-124.example.com/r/124,https://warmup-124.example.com/r/124,ok,
resolve,851,9,22403.943,4.030,302,ai,https://carga-813.example.com/recurso/813?x=1&y=2,https://carga-813.example.com/recurso/813?x=1&y=2,ok,
resolve,854,1,22404.772,3.787,302,Zd,https://carga-750.example.com/recurso/750?x=1&y=2,https://carga-750.example.com/recurso/750?x=1&y=2,ok,
resolve,857,7,22405.398,3.582,302,Xv,https://carga-651.example.com/recurso/651?x=1&y=2,https://carga-651.example.com/recurso/651?x=1&y=2,ok,
resolve,855,6,22404.989,4.206,302,2S,https://semilla-146.example.com/documento/146?origen=capacidad,https://semilla-146.example.com/documento/146?origen=capacidad,ok,
resolve,856,0,22405.173,4.268,302,FC,https://semilla-886.example.com/documento/886?origen=capacidad,https://semilla-886.example.com/documento/886?origen=capacidad,ok,
resolve,853,5,22404.541,5.153,302,L7,https://warmup-162.example.com/r/162,https://warmup-162.example.com/r/162,ok,
resolve,858,3,22405.713,4.212,302,MZ,https://carga-57.example.com/recurso/57?x=1&y=2,https://carga-57.example.com/recurso/57?x=1&y=2,ok,
resolve,859,4,22406.043,4.100,302,Y6,https://carga-661.example.com/recurso/661?x=1&y=2,https://carga-661.example.com/recurso/661?x=1&y=2,ok,
resolve,860,2,22407.442,3.611,302,AC,https://semilla-582.example.com/documento/582?origen=capacidad,https://semilla-582.example.com/documento/582?origen=capacidad,ok,
resolve,861,8,22407.744,3.613,302,BB,https://semilla-640.example.com/documento/640?origen=capacidad,https://semilla-640.example.com/documento/640?origen=capacidad,ok,
resolve,862,9,22408.011,3.604,302,Uk,https://carga-468.example.com/recurso/468?x=1&y=2,https://carga-468.example.com/recurso/468?x=1&y=2,ok,
resolve,864,7,22409.015,3.192,302,7L,https://semilla-432.example.com/documento/432?origen=capacidad,https://semilla-432.example.com/documento/432?origen=capacidad,ok,
resolve,865,6,22409.230,3.480,302,GS,https://semilla-960.example.com/documento/960?origen=capacidad,https://semilla-960.example.com/documento/960?origen=capacidad,ok,
resolve,867,5,22409.732,3.443,302,HX,https://warmup-11.example.com/r/11,https://warmup-11.example.com/r/11,ok,
resolve,868,3,22409.957,3.489,302,QG,https://carga-205.example.com/recurso/205?x=1&y=2,https://carga-205.example.com/recurso/205?x=1&y=2,ok,
resolve,863,1,22408.725,4.951,302,QQ,https://carga-215.example.com/recurso/215?x=1&y=2,https://carga-215.example.com/recurso/215?x=1&y=2,ok,
resolve,870,2,22411.104,2.792,302,Wg,https://carga-579.example.com/recurso/579?x=1&y=2,https://carga-579.example.com/recurso/579?x=1&y=2,ok,
resolve,866,0,22409.478,4.648,302,Fe,https://semilla-904.example.com/documento/904?origen=capacidad,https://semilla-904.example.com/documento/904?origen=capacidad,ok,
resolve,871,8,22411.398,2.949,302,VS,https://carga-507.example.com/recurso/507?x=1&y=2,https://carga-507.example.com/recurso/507?x=1&y=2,ok,
resolve,869,4,22410.178,4.483,302,Zt,https://carga-765.example.com/recurso/765?x=1&y=2,https://carga-765.example.com/recurso/765?x=1&y=2,ok,
resolve,872,9,22411.650,3.665,302,7V,https://semilla-441.example.com/documento/441?origen=capacidad,https://semilla-441.example.com/documento/441?origen=capacidad,ok,
resolve,875,5,22413.221,3.417,302,AU,https://semilla-613.example.com/documento/613?origen=capacidad,https://semilla-613.example.com/documento/613?origen=capacidad,ok,
resolve,876,3,22413.483,3.544,302,59,https://semilla-302.example.com/documento/302?origen=capacidad,https://semilla-302.example.com/documento/302?origen=capacidad,ok,
resolve,874,6,22412.748,6.209,302,Rg,https://carga-288.example.com/recurso/288?x=1&y=2,https://carga-288.example.com/recurso/288?x=1&y=2,ok,
resolve,877,1,22413.711,5.571,302,8b,https://semilla-505.example.com/documento/505?origen=capacidad,https://semilla-505.example.com/documento/505?origen=capacidad,ok,
resolve,878,2,22413.929,5.633,302,T5,https://carga-370.example.com/recurso/370?x=1&y=2,https://carga-370.example.com/recurso/370?x=1&y=2,ok,
resolve,873,7,22412.251,7.557,302,Lr,https://carga-7.example.com/recurso/7?x=1&y=2,https://carga-7.example.com/recurso/7?x=1&y=2,ok,
resolve,880,8,22414.380,5.675,302,Zi,https://carga-755.example.com/recurso/755?x=1&y=2,https://carga-755.example.com/recurso/755?x=1&y=2,ok,
resolve,881,4,22414.697,6.277,302,Ux,https://carga-479.example.com/recurso/479?x=1&y=2,https://carga-479.example.com/recurso/479?x=1&y=2,ok,
resolve,883,5,22416.689,4.617,302,US,https://carga-449.example.com/recurso/449?x=1&y=2,https://carga-449.example.com/recurso/449?x=1&y=2,ok,
resolve,882,9,22415.355,7.404,302,MA,https://carga-24.example.com/recurso/24?x=1&y=2,https://carga-24.example.com/recurso/24?x=1&y=2,ok,
resolve,879,0,22414.161,8.929,302,Qi,https://carga-231.example.com/recurso/231?x=1&y=2,https://carga-231.example.com/recurso/231?x=1&y=2,ok,
resolve,884,3,22417.064,6.260,302,DJ,https://semilla-761.example.com/documento/761?origen=capacidad,https://semilla-761.example.com/documento/761?origen=capacidad,ok,
resolve,885,6,22419.015,4.585,302,Rj,https://carga-292.example.com/recurso/292?x=1&y=2,https://carga-292.example.com/recurso/292?x=1&y=2,ok,
resolve,889,8,22420.095,3.947,302,A8,https://semilla-578.example.com/documento/578?origen=capacidad,https://semilla-578.example.com/documento/578?origen=capacidad,ok,
resolve,886,1,22419.322,4.978,302,Ng,https://carga-113.example.com/recurso/113?x=1&y=2,https://carga-113.example.com/recurso/113?x=1&y=2,ok,
resolve,887,2,22419.603,4.926,302,DK,https://semilla-763.example.com/documento/763?origen=capacidad,https://semilla-763.example.com/documento/763?origen=capacidad,ok,
resolve,888,7,22419.843,4.848,302,5P,https://semilla-319.example.com/documento/319?origen=capacidad,https://semilla-319.example.com/documento/319?origen=capacidad,ok,
resolve,890,4,22421.029,4.417,302,GT,https://semilla-955.example.com/documento/955?origen=capacidad,https://semilla-955.example.com/documento/955?origen=capacidad,ok,
resolve,893,0,22423.125,3.034,302,AG,https://semilla-602.example.com/documento/602?origen=capacidad,https://semilla-602.example.com/documento/602?origen=capacidad,ok,
resolve,891,5,22421.325,5.954,302,Y6,https://carga-661.example.com/recurso/661?x=1&y=2,https://carga-661.example.com/recurso/661?x=1&y=2,ok,
resolve,892,9,22422.819,5.166,302,Mt,https://carga-68.example.com/recurso/68?x=1&y=2,https://carga-68.example.com/recurso/68?x=1&y=2,ok,
resolve,895,6,22423.630,4.635,302,Ko,https://warmup-148.example.com/r/148,https://warmup-148.example.com/r/148,ok,
resolve,894,3,22423.354,5.170,302,EJ,https://semilla-825.example.com/documento/825?origen=capacidad,https://semilla-825.example.com/documento/825?origen=capacidad,ok,
resolve,897,1,22424.334,4.525,302,M5,https://carga-22.example.com/recurso/22?x=1&y=2,https://carga-22.example.com/recurso/22?x=1&y=2,ok,
resolve,896,8,22424.084,5.243,302,cP,https://carga-910.example.com/recurso/910?x=1&y=2,https://carga-910.example.com/recurso/910?x=1&y=2,ok,
resolve,900,4,22425.498,4.630,302,1n,https://semilla-110.example.com/documento/110?origen=capacidad,https://semilla-110.example.com/documento/110?origen=capacidad,ok,
resolve,898,2,22424.547,6.196,302,CH,https://semilla-711.example.com/documento/711?origen=capacidad,https://semilla-711.example.com/documento/711?origen=capacidad,ok,
resolve,899,7,22424.774,6.252,302,ae,https://carga-809.example.com/recurso/809?x=1&y=2,https://carga-809.example.com/recurso/809?x=1&y=2,ok,
resolve,901,0,22426.220,5.332,302,Gn,https://semilla-972.example.com/documento/972?origen=capacidad,https://semilla-972.example.com/documento/972?origen=capacidad,ok,
resolve,902,5,22427.340,4.550,302,AE,https://semilla-600.example.com/documento/600?origen=capacidad,https://semilla-600.example.com/documento/600?origen=capacidad,ok,
resolve,903,9,22428.033,4.125,302,GX,https://semilla-964.example.com/documento/964?origen=capacidad,https://semilla-964.example.com/documento/964?origen=capacidad,ok,
resolve,904,6,22428.307,4.586,302,3W,https://semilla-207.example.com/documento/207?origen=capacidad,https://semilla-207.example.com/documento/207?origen=capacidad,ok,
resolve,906,1,22428.900,4.316,302,da,https://carga-979.example.com/recurso/979?x=1&y=2,https://carga-979.example.com/recurso/979?x=1&y=2,ok,
resolve,905,3,22428.585,4.945,302,NA,https://carga-84.example.com/recurso/84?x=1&y=2,https://carga-84.example.com/recurso/84?x=1&y=2,ok,
resolve,907,8,22429.433,4.869,302,22,https://semilla-124.example.com/documento/124?origen=capacidad,https://semilla-124.example.com/documento/124?origen=capacidad,ok,
resolve,909,2,22430.784,3.979,302,Y5,https://carga-660.example.com/recurso/660?x=1&y=2,https://carga-660.example.com/recurso/660?x=1&y=2,ok,
resolve,908,4,22430.175,4.854,302,RE,https://carga-269.example.com/recurso/269?x=1&y=2,https://carga-269.example.com/recurso/269?x=1&y=2,ok,
resolve,910,7,22431.060,4.184,302,Px,https://carga-188.example.com/recurso/188?x=1&y=2,https://carga-188.example.com/recurso/188?x=1&y=2,ok,
resolve,911,0,22431.599,3.931,302,MZ,https://carga-57.example.com/recurso/57?x=1&y=2,https://carga-57.example.com/recurso/57?x=1&y=2,ok,
resolve,912,5,22431.931,3.849,302,YZ,https://carga-688.example.com/recurso/688?x=1&y=2,https://carga-688.example.com/recurso/688?x=1&y=2,ok,
resolve,914,6,22432.952,3.892,302,TL,https://carga-385.example.com/recurso/385?x=1&y=2,https://carga-385.example.com/recurso/385?x=1&y=2,ok,
resolve,915,1,22433.257,3.972,302,N2,https://carga-75.example.com/recurso/75?x=1&y=2,https://carga-75.example.com/recurso/75?x=1&y=2,ok,
resolve,913,9,22432.197,5.324,302,CN,https://semilla-717.example.com/documento/717?origen=capacidad,https://semilla-717.example.com/documento/717?origen=capacidad,ok,
resolve,916,3,22433.565,4.209,302,1y,https://semilla-121.example.com/documento/121?origen=capacidad,https://semilla-121.example.com/documento/121?origen=capacidad,ok,
resolve,918,2,22434.821,3.208,302,dh,https://carga-986.example.com/recurso/986?x=1&y=2,https://carga-986.example.com/recurso/986?x=1&y=2,ok,
resolve,919,4,22435.061,3.732,302,Bj,https://semilla-679.example.com/documento/679?origen=capacidad,https://semilla-679.example.com/documento/679?origen=capacidad,ok,
resolve,917,8,22434.341,4.782,302,KF,https://warmup-116.example.com/r/116,https://warmup-116.example.com/r/116,ok,
resolve,921,0,22435.567,3.841,302,DB,https://semilla-770.example.com/documento/770?origen=capacidad,https://semilla-770.example.com/documento/770?origen=capacidad,ok,
resolve,920,7,22435.280,4.420,302,TX,https://carga-396.example.com/recurso/396?x=1&y=2,https://carga-396.example.com/recurso/396?x=1&y=2,ok,
resolve,922,5,22435.818,4.141,302,2o,https://semilla-164.example.com/documento/164?origen=capacidad,https://semilla-164.example.com/documento/164?origen=capacidad,ok,
resolve,923,6,22436.901,3.380,302,RX,https://carga-279.example.com/recurso/279?x=1&y=2,https://carga-279.example.com/recurso/279?x=1&y=2,ok,
resolve,927,2,22438.065,2.914,302,cE,https://carga-901.example.com/recurso/901?x=1&y=2,https://carga-901.example.com/recurso/901?x=1&y=2,ok,
resolve,926,3,22437.813,3.688,302,Vq,https://carga-530.example.com/recurso/530?x=1&y=2,https://carga-530.example.com/recurso/530?x=1&y=2,ok,
resolve,924,1,22437.276,4.550,302,2D,https://semilla-135.example.com/documento/135?origen=capacidad,https://semilla-135.example.com/documento/135?origen=capacidad,ok,
resolve,925,9,22437.564,4.960,302,5o,https://semilla-343.example.com/documento/343?origen=capacidad,https://semilla-343.example.com/documento/343?origen=capacidad,ok,
resolve,929,8,22439.169,4.183,302,UM,https://carga-444.example.com/recurso/444?x=1&y=2,https://carga-444.example.com/recurso/444?x=1&y=2,ok,
resolve,931,7,22439.741,3.989,302,Hp,https://warmup-30.example.com/r/30,https://warmup-30.example.com/r/30,ok,
resolve,928,4,22438.856,5.292,302,Di,https://semilla-794.example.com/documento/794?origen=capacidad,https://semilla-794.example.com/documento/794?origen=capacidad,ok,
resolve,933,6,22440.326,4.089,302,9R,https://semilla-535.example.com/documento/535?origen=capacidad,https://semilla-535.example.com/documento/535?origen=capacidad,ok,
resolve,930,0,22439.472,5.229,302,1x,https://semilla-119.example.com/documento/119?origen=capacidad,https://semilla-119.example.com/documento/119?origen=capacidad,ok,
resolve,936,1,22441.867,3.087,302,Ek,https://semilla-851.example.com/documento/851?origen=capacidad,https://semilla-851.example.com/documento/851?origen=capacidad,ok,
resolve,934,2,22441.022,4.194,302,2s,https://semilla-173.example.com/documento/173?origen=capacidad,https://semilla-173.example.com/documento/173?origen=capacidad,ok,
resolve,932,5,22439.996,5.500,302,9K,https://semilla-547.example.com/documento/547?origen=capacidad,https://semilla-547.example.com/documento/547?origen=capacidad,ok,
resolve,937,9,22442.570,3.187,302,Qw,https://carga-245.example.com/recurso/245?x=1&y=2,https://carga-245.example.com/recurso/245?x=1&y=2,ok,
resolve,935,3,22441.544,4.462,302,Dp,https://semilla-797.example.com/documento/797?origen=capacidad,https://semilla-797.example.com/documento/797?origen=capacidad,ok,
resolve,938,8,22443.437,3.429,302,9x,https://semilla-568.example.com/documento/568?origen=capacidad,https://semilla-568.example.com/documento/568?origen=capacidad,ok,
resolve,940,4,22444.199,2.999,302,9c,https://semilla-564.example.com/documento/564?origen=capacidad,https://semilla-564.example.com/documento/564?origen=capacidad,ok,
resolve,939,7,22443.777,4.274,302,Ah,https://semilla-608.example.com/documento/608?origen=capacidad,https://semilla-608.example.com/documento/608?origen=capacidad,ok,
resolve,942,0,22444.742,3.636,302,LZ,https://warmup-199.example.com/r/199,https://warmup-199.example.com/r/199,ok,
resolve,943,1,22444.991,3.738,302,PD,https://carga-142.example.com/recurso/142?x=1&y=2,https://carga-142.example.com/recurso/142?x=1&y=2,ok,
resolve,944,2,22445.256,3.721,302,Ue,https://carga-461.example.com/recurso/461?x=1&y=2,https://carga-461.example.com/recurso/461?x=1&y=2,ok,
resolve,945,5,22445.534,3.685,302,df,https://carga-984.example.com/recurso/984?x=1&y=2,https://carga-984.example.com/recurso/984?x=1&y=2,ok,
resolve,946,9,22445.796,3.671,302,Jo,https://warmup-90.example.com/r/90,https://warmup-90.example.com/r/90,ok,
resolve,941,6,22444.464,5.243,302,Aj,https://semilla-629.example.com/documento/629?origen=capacidad,https://semilla-629.example.com/documento/629?origen=capacidad,ok,
resolve,947,3,22446.047,3.974,302,Tg,https://carga-405.example.com/recurso/405?x=1&y=2,https://carga-405.example.com/recurso/405?x=1&y=2,ok,
resolve,949,4,22447.241,3.154,302,T3,https://carga-368.example.com/recurso/368?x=1&y=2,https://carga-368.example.com/recurso/368?x=1&y=2,ok,
resolve,950,7,22448.099,2.621,302,bq,https://carga-878.example.com/recurso/878?x=1&y=2,https://carga-878.example.com/recurso/878?x=1&y=2,ok,
resolve,948,8,22446.932,4.141,302,VE,https://carga-495.example.com/recurso/495?x=1&y=2,https://carga-495.example.com/recurso/495?x=1&y=2,ok,
resolve,952,1,22448.771,2.572,302,Yh,https://carga-696.example.com/recurso/696?x=1&y=2,https://carga-696.example.com/recurso/696?x=1&y=2,ok,
resolve,951,0,22448.506,3.333,302,Zr,https://carga-763.example.com/recurso/763?x=1&y=2,https://carga-763.example.com/recurso/763?x=1&y=2,ok,
resolve,956,6,22449.743,3.071,302,2e,https://semilla-155.example.com/documento/155?origen=capacidad,https://semilla-155.example.com/documento/155?origen=capacidad,ok,
resolve,955,9,22449.501,3.658,302,ab,https://carga-806.example.com/recurso/806?x=1&y=2,https://carga-806.example.com/recurso/806?x=1&y=2,ok,
resolve,953,2,22449.013,4.427,302,V5,https://carga-486.example.com/recurso/486?x=1&y=2,https://carga-486.example.com/recurso/486?x=1&y=2,ok,
resolve,954,5,22449.257,4.725,302,Z1,https://carga-714.example.com/recurso/714?x=1&y=2,https://carga-714.example.com/recurso/714?x=1&y=2,ok,
resolve,958,4,22450.449,3.763,302,6i,https://semilla-396.example.com/documento/396?origen=capacidad,https://semilla-396.example.com/documento/396?origen=capacidad,ok,
resolve,960,8,22451.113,3.342,302,Kj,https://warmup-144.example.com/r/144,https://warmup-144.example.com/r/144,ok,
resolve,959,7,22450.758,3.913,302,Y7,https://carga-662.example.com/recurso/662?x=1&y=2,https://carga-662.example.com/recurso/662?x=1&y=2,ok,
resolve,961,1,22451.379,3.499,302,F8,https://semilla-877.example.com/documento/877?origen=capacidad,https://semilla-877.example.com/documento/877?origen=capacidad,ok,
resolve,957,3,22450.065,6.309,302,CJ,https://semilla-712.example.com/documento/712?origen=capacidad,https://semilla-712.example.com/documento/712?origen=capacidad,ok,
resolve,962,0,22451.900,4.919,302,F1,https://semilla-865.example.com/documento/865?origen=capacidad,https://semilla-865.example.com/documento/865?origen=capacidad,ok,
resolve,966,5,22454.021,4.074,302,Ns,https://carga-125.example.com/recurso/125?x=1&y=2,https://carga-125.example.com/recurso/125?x=1&y=2,ok,
resolve,968,8,22454.489,4.476,302,ax,https://carga-827.example.com/recurso/827?x=1&y=2,https://carga-827.example.com/recurso/827?x=1&y=2,ok,
resolve,965,2,22453.490,6.687,302,8t,https://semilla-424.example.com/documento/424?origen=capacidad,https://semilla-424.example.com/documento/424?origen=capacidad,ok,
resolve,964,9,22453.207,7.542,302,Z6,https://carga-726.example.com/recurso/726?x=1&y=2,https://carga-726.example.com/recurso/726?x=1&y=2,ok,
resolve,963,6,22452.876,8.098,302,SL,https://carga-326.example.com/recurso/326?x=1&y=2,https://carga-326.example.com/recurso/326?x=1&y=2,ok,
resolve,967,4,22454.248,7.241,302,bU,https://carga-857.example.com/recurso/857?x=1&y=2,https://carga-857.example.com/recurso/857?x=1&y=2,ok,
resolve,969,7,22454.703,7.087,302,Ht,https://warmup-44.example.com/r/44,https://warmup-44.example.com/r/44,ok,
resolve,971,3,22456.463,5.588,302,Bo,https://semilla-682.example.com/documento/682?origen=capacidad,https://semilla-682.example.com/documento/682?origen=capacidad,ok,
resolve,970,1,22454.909,7.399,302,Dw,https://semilla-802.example.com/documento/802?origen=capacidad,https://semilla-802.example.com/documento/802?origen=capacidad,ok,
resolve,972,0,22456.868,5.687,302,2C,https://semilla-134.example.com/documento/134?origen=capacidad,https://semilla-134.example.com/documento/134?origen=capacidad,ok,
resolve,974,8,22459.030,4.088,302,FQ,https://semilla-892.example.com/documento/892?origen=capacidad,https://semilla-892.example.com/documento/892?origen=capacidad,ok,
resolve,973,5,22458.161,5.212,302,3y,https://semilla-237.example.com/documento/237?origen=capacidad,https://semilla-237.example.com/documento/237?origen=capacidad,ok,
resolve,975,2,22460.474,3.443,302,3f,https://semilla-219.example.com/documento/219?origen=capacidad,https://semilla-219.example.com/documento/219?origen=capacidad,ok,
resolve,976,9,22460.787,4.091,302,2f,https://semilla-161.example.com/documento/161?origen=capacidad,https://semilla-161.example.com/documento/161?origen=capacidad,ok,
resolve,977,6,22461.011,4.259,302,b1,https://carga-830.example.com/recurso/830?x=1&y=2,https://carga-830.example.com/recurso/830?x=1&y=2,ok,
resolve,978,4,22461.541,4.124,302,1L,https://semilla-83.example.com/documento/83?origen=capacidad,https://semilla-83.example.com/documento/83?origen=capacidad,ok,
resolve,979,7,22461.831,4.101,302,Fh,https://semilla-907.example.com/documento/907?origen=capacidad,https://semilla-907.example.com/documento/907?origen=capacidad,ok,
resolve,981,1,22462.344,3.832,302,Tp,https://carga-413.example.com/recurso/413?x=1&y=2,https://carga-413.example.com/recurso/413?x=1&y=2,ok,
resolve,982,0,22462.592,5.868,302,Lh,https://carga-1.example.com/recurso/1?x=1&y=2,https://carga-1.example.com/recurso/1?x=1&y=2,ok,
resolve,980,3,22462.092,7.353,302,dM,https://carga-966.example.com/recurso/966?x=1&y=2,https://carga-966.example.com/recurso/966?x=1&y=2,ok,
resolve,983,8,22463.158,6.616,302,AD,https://semilla-599.example.com/documento/599?origen=capacidad,https://semilla-599.example.com/documento/599?origen=capacidad,ok,
resolve,985,2,22463.950,6.054,302,8p,https://semilla-412.example.com/documento/412?origen=capacidad,https://semilla-412.example.com/documento/412?origen=capacidad,ok,
resolve,984,5,22463.411,6.815,302,Bm,https://semilla-689.example.com/documento/689?origen=capacidad,https://semilla-689.example.com/documento/689?origen=capacidad,ok,
resolve,987,6,22465.318,5.464,302,YP,https://carga-678.example.com/recurso/678?x=1&y=2,https://carga-678.example.com/recurso/678?x=1&y=2,ok,
resolve,986,9,22464.935,6.304,302,Uo,https://carga-470.example.com/recurso/470?x=1&y=2,https://carga-470.example.com/recurso/470?x=1&y=2,ok,
resolve,989,7,22465.970,5.517,302,Uw,https://carga-478.example.com/recurso/478?x=1&y=2,https://carga-478.example.com/recurso/478?x=1&y=2,ok,
resolve,990,1,22466.216,5.508,302,ce,https://carga-925.example.com/recurso/925?x=1&y=2,https://carga-925.example.com/recurso/925?x=1&y=2,ok,
resolve,988,4,22465.711,6.211,302,Ed,https://semilla-847.example.com/documento/847?origen=capacidad,https://semilla-847.example.com/documento/847?origen=capacidad,ok,
resolve,991,0,22468.536,4.907,302,Pj,https://carga-173.example.com/recurso/173?x=1&y=2,https://carga-173.example.com/recurso/173?x=1&y=2,ok,
resolve,993,8,22469.814,5.125,302,2W,https://semilla-149.example.com/documento/149?origen=capacidad,https://semilla-149.example.com/documento/149?origen=capacidad,ok,
resolve,995,5,22470.258,4.867,302,2v,https://semilla-176.example.com/documento/176?origen=capacidad,https://semilla-176.example.com/documento/176?origen=capacidad,ok,
resolve,999,1,22471.755,3.486,302,Hy,https://warmup-41.example.com/r/41,https://warmup-41.example.com/r/41,ok,
resolve,994,2,22470.038,5.288,302,LV,https://warmup-185.example.com/r/185,https://warmup-185.example.com/r/185,ok,
resolve,992,3,22469.506,6.872,302,Vi,https://carga-523.example.com/recurso/523?x=1&y=2,https://carga-523.example.com/recurso/523?x=1&y=2,ok,
resolve,996,6,22470.832,5.702,302,CB,https://semilla-706.example.com/documento/706?origen=capacidad,https://semilla-706.example.com/documento/706?origen=capacidad,ok,
resolve,997,9,22471.276,5.343,302,CS,https://semilla-721.example.com/documento/721?origen=capacidad,https://semilla-721.example.com/documento/721?origen=capacidad,ok,
resolve,998,7,22471.520,5.174,302,Zw,https://carga-768.example.com/recurso/768?x=1&y=2,https://carga-768.example.com/recurso/768?x=1&y=2,ok,
